role_id,role_name,category,skill_id,skill_name,importance
1,Primary School Teacher,Teaching,563,Activity Based Learning,core
1,Primary School Teacher,Teaching,269,Child Development,core
1,Primary School Teacher,Teaching,498,Creativity,core
1,Primary School Teacher,Teaching,742,Play-Based Learning,core
1,Primary School Teacher,Teaching,745,Storytelling,core
1,Primary School Teacher,Teaching,743,Fine Motor Skills,secondary
1,Primary School Teacher,Teaching,763,Gross Motor Skills,secondary
1,Primary School Teacher,Teaching,607,Phonics,secondary
1,Primary School Teacher,Teaching,268,Montessori Method,bonus
2,Secondary School Teacher,Teaching,497,Analytical Thinking,core
2,Secondary School Teacher,Teaching,273,Exam Preparation,core
2,Secondary School Teacher,Teaching,496,Research Skills,core
2,Secondary School Teacher,Teaching,261,Student Assessment,core
2,Secondary School Teacher,Teaching,670,Subject Matter Expertise,core
2,Secondary School Teacher,Teaching,702,Academic Writing,secondary
2,Secondary School Teacher,Teaching,260,Curriculum Development,secondary
2,Secondary School Teacher,Teaching,703,Publication,bonus
3,Mathematics Teacher,Teaching,587,Algebra,core
3,Mathematics Teacher,Teaching,590,Calculus,core
3,Mathematics Teacher,Teaching,588,Geometry,core
3,Mathematics Teacher,Teaching,592,Mathematics,core
3,Mathematics Teacher,Teaching,589,Trigonometry,core
3,Mathematics Teacher,Teaching,593,Mental Mathematics,secondary
3,Mathematics Teacher,Teaching,591,Number Theory,secondary
3,Mathematics Teacher,Teaching,144,Statistics,secondary
3,Mathematics Teacher,Teaching,594,Vedic Mathematics,secondary
3,Mathematics Teacher,Teaching,497,Analytical Thinking,bonus
3,Mathematics Teacher,Teaching,145,Probability,bonus
4,Science Teacher,Teaching,597,Biology,core
4,Science Teacher,Teaching,596,Chemistry,core
4,Science Teacher,Teaching,598,Lab Management,core
4,Science Teacher,Teaching,595,Physics,core
4,Science Teacher,Teaching,602,Earth Sciences,secondary
4,Science Teacher,Teaching,600,Environmental Science,secondary
4,Science Teacher,Teaching,601,Life Sciences,secondary
4,Science Teacher,Teaching,231,Anatomy,bonus
4,Science Teacher,Teaching,599,Science Experiments,bonus
5,English Language Teacher,Teaching,612,English Literature,core
5,English Language Teacher,Teaching,603,Grammar,core
5,English Language Teacher,Teaching,604,Literature,core
5,English Language Teacher,Teaching,606,Reading Comprehension,core
5,English Language Teacher,Teaching,609,Writing Skills,core
5,English Language Teacher,Teaching,605,Creative Writing,secondary
5,English Language Teacher,Teaching,611,Prose and Poetry,secondary
5,English Language Teacher,Teaching,608,Spoken English,secondary
5,English Language Teacher,Teaching,757,Comprehension,bonus
5,English Language Teacher,Teaching,756,Essay Writing,bonus
5,English Language Teacher,Teaching,607,Phonics,bonus
6,Social Studies Teacher,Teaching,626,Civics,core
6,Social Studies Teacher,Teaching,628,Economics Teaching,core
6,Social Studies Teacher,Teaching,625,Geography,core
6,Social Studies Teacher,Teaching,624,History,core
6,Social Studies Teacher,Teaching,627,Political Science,core
6,Social Studies Teacher,Teaching,630,Current Affairs,secondary
6,Social Studies Teacher,Teaching,600,Environmental Science,secondary
6,Social Studies Teacher,Teaching,629,Map Reading,secondary
6,Social Studies Teacher,Teaching,496,Research Skills,bonus
7,Arts and Craft Teacher,Teaching,646,Craft Work,core
7,Arts and Craft Teacher,Teaching,498,Creativity,core
7,Arts and Craft Teacher,Teaching,643,Drawing,core
7,Arts and Craft Teacher,Teaching,647,Fine Arts,core
7,Arts and Craft Teacher,Teaching,644,Painting,core
7,Arts and Craft Teacher,Teaching,196,Color Theory,secondary
7,Arts and Craft Teacher,Teaching,645,Sculpture,secondary
7,Arts and Craft Teacher,Teaching,648,Visual Arts,secondary
7,Arts and Craft Teacher,Teaching,400,Photography,bonus
7,Arts and Craft Teacher,Teaching,195,Typography,bonus
8,Computer Science Teacher,Teaching,528,Algorithms,core
8,Computer Science Teacher,Teaching,635,Computer Fundamentals,core
8,Computer Science Teacher,Teaching,527,Data Structures,core
8,Computer Science Teacher,Teaching,631,Programming,core
8,Computer Science Teacher,Teaching,1,Python,core
8,Computer Science Teacher,Teaching,632,Database Management,secondary
8,Computer Science Teacher,Teaching,633,Networking Basics,secondary
8,Computer Science Teacher,Teaching,634,Web Technologies,secondary
8,Computer Science Teacher,Teaching,636,MS Office,bonus
9,University Professor,Teaching,702,Academic Writing,core
9,University Professor,Teaching,479,Grant Writing,core
9,University Professor,Teaching,495,Mentoring,core
9,University Professor,Teaching,703,Publication,core
9,University Professor,Teaching,496,Research Skills,core
9,University Professor,Teaching,373,Strategic Planning,core
9,University Professor,Teaching,670,Subject Matter Expertise,core
9,University Professor,Teaching,274,Academic Administration,secondary
9,University Professor,Teaching,483,Communication,secondary
9,University Professor,Teaching,260,Curriculum Development,secondary
9,University Professor,Teaching,710,Literature Review,secondary
9,University Professor,Teaching,261,Student Assessment,secondary
9,University Professor,Teaching,709,Data Collection,bonus
9,University Professor,Teaching,708,Statistical Analysis,bonus
10,Assistant Professor,Teaching,702,Academic Writing,core
10,Assistant Professor,Teaching,483,Communication,core
10,Assistant Professor,Teaching,492,Presentation Skills,core
10,Assistant Professor,Teaching,703,Publication,core
10,Assistant Professor,Teaching,496,Research Skills,core
10,Assistant Professor,Teaching,261,Student Assessment,core
10,Assistant Professor,Teaching,670,Subject Matter Expertise,core
10,Assistant Professor,Teaching,274,Academic Administration,secondary
10,Assistant Professor,Teaching,260,Curriculum Development,secondary
10,Assistant Professor,Teaching,479,Grant Writing,secondary
10,Assistant Professor,Teaching,710,Literature Review,secondary
10,Assistant Professor,Teaching,495,Mentoring,secondary
10,Assistant Professor,Teaching,709,Data Collection,bonus
10,Assistant Professor,Teaching,708,Statistical Analysis,bonus
11,Research Scholar,Teaching,702,Academic Writing,core
11,Research Scholar,Teaching,497,Analytical Thinking,core
11,Research Scholar,Teaching,709,Data Collection,core
11,Research Scholar,Teaching,710,Literature Review,core
11,Research Scholar,Teaching,703,Publication,core
11,Research Scholar,Teaching,496,Research Skills,core
11,Research Scholar,Teaching,708,Statistical Analysis,core
11,Research Scholar,Teaching,1,Python,secondary
11,Research Scholar,Teaching,711,Qualitative Research,secondary
11,Research Scholar,Teaching,712,Quantitative Research,secondary
11,Research Scholar,Teaching,15,R,secondary
11,Research Scholar,Teaching,550,SPSS,secondary
11,Research Scholar,Teaching,704,Conference Presentations,bonus
11,Research Scholar,Teaching,479,Grant Writing,bonus
12,Lecturer,Teaching,702,Academic Writing,core
12,Lecturer,Teaching,483,Communication,core
12,Lecturer,Teaching,659,Facilitation,core
12,Lecturer,Teaching,495,Mentoring,core
12,Lecturer,Teaching,492,Presentation Skills,core
12,Lecturer,Teaching,261,Student Assessment,core
12,Lecturer,Teaching,670,Subject Matter Expertise,core
12,Lecturer,Teaching,274,Academic Administration,secondary
12,Lecturer,Teaching,260,Curriculum Development,secondary
12,Lecturer,Teaching,267,Educational Psychology,secondary
12,Lecturer,Teaching,273,Exam Preparation,secondary
12,Lecturer,Teaching,496,Research Skills,secondary
12,Lecturer,Teaching,278,E-Learning Development,bonus
12,Lecturer,Teaching,703,Publication,bonus
13,Dean of Faculty,Teaching,274,Academic Administration,core
13,Dean of Faculty,Teaching,494,Decision Making,core
13,Dean of Faculty,Teaching,693,Faculty Management,core
13,Dean of Faculty,Teaching,484,Leadership,core
13,Dean of Faculty,Teaching,685,Policy Implementation,core
13,Dean of Faculty,Teaching,694,Research Oversight,core
13,Dean of Faculty,Teaching,373,Strategic Planning,core
13,Dean of Faculty,Teaching,692,Accreditation,secondary
13,Dean of Faculty,Teaching,686,Budget Management,secondary
13,Dean of Faculty,Teaching,705,Industry Collaboration,secondary
13,Dean of Faculty,Teaching,689,Performance Appraisal,secondary
13,Dean of Faculty,Teaching,362,Succession Planning,secondary
13,Dean of Faculty,Teaching,479,Grant Writing,bonus
13,Dean of Faculty,Teaching,359,Organizational Development,bonus
14,HOD Academic,Teaching,274,Academic Administration,core
14,HOD Academic,Teaching,260,Curriculum Development,core
14,HOD Academic,Teaching,695,Department Management,core
14,HOD Academic,Teaching,484,Leadership,core
14,HOD Academic,Teaching,689,Performance Appraisal,core
14,HOD Academic,Teaching,684,Staff Management,core
14,HOD Academic,Teaching,373,Strategic Planning,core
14,HOD Academic,Teaching,692,Accreditation,secondary
14,HOD Academic,Teaching,686,Budget Management,secondary
14,HOD Academic,Teaching,495,Mentoring,secondary
14,HOD Academic,Teaching,694,Research Oversight,secondary
14,HOD Academic,Teaching,691,Timetabling,secondary
14,HOD Academic,Teaching,479,Grant Writing,bonus
14,HOD Academic,Teaching,705,Industry Collaboration,bonus
15,Education Researcher,Teaching,702,Academic Writing,core
15,Education Researcher,Teaching,709,Data Collection,core
15,Education Researcher,Teaching,707,Educational Research,core
15,Education Researcher,Teaching,710,Literature Review,core
15,Education Researcher,Teaching,703,Publication,core
15,Education Researcher,Teaching,496,Research Skills,core
15,Education Researcher,Teaching,708,Statistical Analysis,core
15,Education Researcher,Teaching,711,Qualitative Research,secondary
15,Education Researcher,Teaching,712,Quantitative Research,secondary
15,Education Researcher,Teaching,15,R,secondary
15,Education Researcher,Teaching,550,SPSS,secondary
15,Education Researcher,Teaching,713,Survey Design,secondary
15,Education Researcher,Teaching,704,Conference Presentations,bonus
15,Education Researcher,Teaching,479,Grant Writing,bonus
15,Education Researcher,Teaching,1,Python,bonus
16,Special Education Teacher,Teaching,725,Behavioral Intervention,core
16,Special Education Teacher,Teaching,269,Child Development,core
16,Special Education Teacher,Teaching,483,Communication,core
16,Special Education Teacher,Teaching,280,Differentiated Instruction,core
16,Special Education Teacher,Teaching,490,Emotional Intelligence,core
16,Special Education Teacher,Teaching,726,Individualized Education Plan,core
16,Special Education Teacher,Teaching,262,Special Needs Education,core
16,Special Education Teacher,Teaching,476,Child Protection,secondary
16,Special Education Teacher,Teaching,477,Counselling,secondary
16,Special Education Teacher,Teaching,267,Educational Psychology,secondary
16,Special Education Teacher,Teaching,565,Parent Communication,secondary
16,Special Education Teacher,Teaching,566,Remedial Teaching,secondary
16,Special Education Teacher,Teaching,259,Classroom Management,bonus
17,Learning Disability Specialist,Teaching,269,Child Development,core
17,Learning Disability Specialist,Teaching,483,Communication,core
17,Learning Disability Specialist,Teaching,733,Dyslexia Support,core
17,Learning Disability Specialist,Teaching,726,Individualized Education Plan,core
17,Learning Disability Specialist,Teaching,732,Learning Disability Assessment,core
17,Learning Disability Specialist,Teaching,566,Remedial Teaching,core
17,Learning Disability Specialist,Teaching,262,Special Needs Education,core
17,Learning Disability Specialist,Teaching,725,Behavioral Intervention,secondary
17,Learning Disability Specialist,Teaching,280,Differentiated Instruction,secondary
17,Learning Disability Specialist,Teaching,267,Educational Psychology,secondary
17,Learning Disability Specialist,Teaching,490,Emotional Intelligence,secondary
17,Learning Disability Specialist,Teaching,565,Parent Communication,secondary
17,Learning Disability Specialist,Teaching,259,Classroom Management,bonus
18,Autism Spectrum Educator,Teaching,727,Autism Spectrum Support,core
18,Autism Spectrum Educator,Teaching,725,Behavioral Intervention,core
18,Autism Spectrum Educator,Teaching,269,Child Development,core
18,Autism Spectrum Educator,Teaching,483,Communication,core
18,Autism Spectrum Educator,Teaching,726,Individualized Education Plan,core
18,Autism Spectrum Educator,Teaching,735,Sensory Integration,core
18,Autism Spectrum Educator,Teaching,262,Special Needs Education,core
18,Autism Spectrum Educator,Teaching,477,Counselling,secondary
18,Autism Spectrum Educator,Teaching,280,Differentiated Instruction,secondary
18,Autism Spectrum Educator,Teaching,267,Educational Psychology,secondary
18,Autism Spectrum Educator,Teaching,490,Emotional Intelligence,secondary
18,Autism Spectrum Educator,Teaching,565,Parent Communication,secondary
18,Autism Spectrum Educator,Teaching,259,Classroom Management,bonus
19,Speech Language Pathologist,Teaching,231,Anatomy,core
19,Speech Language Pathologist,Teaching,740,Articulation Therapy,core
19,Speech Language Pathologist,Teaching,741,Audiology Basics,core
19,Speech Language Pathologist,Teaching,269,Child Development,core
19,Speech Language Pathologist,Teaching,483,Communication,core
19,Speech Language Pathologist,Teaching,739,Language Disorders,core
19,Speech Language Pathologist,Teaching,738,Speech Therapy,core
19,Speech Language Pathologist,Teaching,730,Augmentative Communication,secondary
19,Speech Language Pathologist,Teaching,733,Dyslexia Support,secondary
19,Speech Language Pathologist,Teaching,565,Parent Communication,secondary
19,Speech Language Pathologist,Teaching,607,Phonics,secondary
19,Speech Language Pathologist,Teaching,262,Special Needs Education,secondary
19,Speech Language Pathologist,Teaching,737,Cognitive Assessment,bonus
19,Speech Language Pathologist,Teaching,731,Play Therapy,bonus
20,Inclusive Education Coordinator,Teaching,274,Academic Administration,core
20,Inclusive Education Coordinator,Teaching,269,Child Development,core
20,Inclusive Education Coordinator,Teaching,483,Communication,core
20,Inclusive Education Coordinator,Teaching,734,Inclusive Education,core
20,Inclusive Education Coordinator,Teaching,726,Individualized Education Plan,core
20,Inclusive Education Coordinator,Teaching,685,Policy Implementation,core
20,Inclusive Education Coordinator,Teaching,262,Special Needs Education,core
20,Inclusive Education Coordinator,Teaching,725,Behavioral Intervention,secondary
20,Inclusive Education Coordinator,Teaching,280,Differentiated Instruction,secondary
20,Inclusive Education Coordinator,Teaching,565,Parent Communication,secondary
20,Inclusive Education Coordinator,Teaching,688,Regulatory Compliance,secondary
20,Inclusive Education Coordinator,Teaching,698,Staff Training,secondary
20,Inclusive Education Coordinator,Teaching,730,Augmentative Communication,bonus
20,Inclusive Education Coordinator,Teaching,736,Sign Language,bonus
21,Online Tutor,Teaching,483,Communication,core
21,Online Tutor,Teaching,672,Feedback and Assessment,core
21,Online Tutor,Teaching,258,Lesson Planning,core
21,Online Tutor,Teaching,263,Online Teaching,core
21,Online Tutor,Teaching,261,Student Assessment,core
21,Online Tutor,Teaching,670,Subject Matter Expertise,core
21,Online Tutor,Teaching,266,Zoom Teaching,core
21,Online Tutor,Teaching,280,Differentiated Instruction,secondary
21,Online Tutor,Teaching,664,Digital Content Creation,secondary
21,Online Tutor,Teaching,267,Educational Psychology,secondary
21,Online Tutor,Teaching,273,Exam Preparation,secondary
21,Online Tutor,Teaching,264,LMS Platforms,secondary
21,Online Tutor,Teaching,399,Video Production,bonus
22,EdTech Content Creator,Teaching,483,Communication,core
22,EdTech Content Creator,Teaching,498,Creativity,core
22,EdTech Content Creator,Teaching,664,Digital Content Creation,core
22,EdTech Content Creator,Teaching,278,E-Learning Development,core
22,EdTech Content Creator,Teaching,277,Instructional Design,core
22,EdTech Content Creator,Teaching,665,Storyboarding,core
22,EdTech Content Creator,Teaching,399,Video Production,core
22,EdTech Content Creator,Teaching,412,Blogging,secondary
22,EdTech Content Creator,Teaching,673,Gamification,secondary
22,EdTech Content Creator,Teaching,755,Graphic Design,secondary
22,EdTech Content Creator,Teaching,666,Multimedia Design,secondary
22,EdTech Content Creator,Teaching,405,Social Media Content,secondary
22,EdTech Content Creator,Teaching,186,Canva,bonus
22,EdTech Content Creator,Teaching,753,YouTube SEO,bonus
23,E-Learning Developer,Teaching,664,Digital Content Creation,core
23,E-Learning Developer,Teaching,278,E-Learning Development,core
23,E-Learning Developer,Teaching,277,Instructional Design,core
23,E-Learning Developer,Teaching,264,LMS Platforms,core
23,E-Learning Developer,Teaching,666,Multimedia Design,core
23,E-Learning Developer,Teaching,674,SCORM,core
23,E-Learning Developer,Teaching,665,Storyboarding,core
23,E-Learning Developer,Teaching,676,Adobe Captivate,secondary
23,E-Learning Developer,Teaching,675,Articulate Storyline,secondary
23,E-Learning Developer,Teaching,669,Assessment Design,secondary
23,E-Learning Developer,Teaching,673,Gamification,secondary
23,E-Learning Developer,Teaching,755,Graphic Design,secondary
23,E-Learning Developer,Teaching,40,CSS,bonus
23,E-Learning Developer,Teaching,39,HTML,bonus
23,E-Learning Developer,Teaching,6,JavaScript,bonus
24,MOOC Instructor,Teaching,483,Communication,core
24,MOOC Instructor,Teaching,664,Digital Content Creation,core
24,MOOC Instructor,Teaching,278,E-Learning Development,core
24,MOOC Instructor,Teaching,264,LMS Platforms,core
24,MOOC Instructor,Teaching,263,Online Teaching,core
24,MOOC Instructor,Teaching,261,Student Assessment,core
24,MOOC Instructor,Teaching,399,Video Production,core
24,MOOC Instructor,Teaching,273,Exam Preparation,secondary
24,MOOC Instructor,Teaching,672,Feedback and Assessment,secondary
24,MOOC Instructor,Teaching,277,Instructional Design,secondary
24,MOOC Instructor,Teaching,674,SCORM,secondary
24,MOOC Instructor,Teaching,665,Storyboarding,secondary
24,MOOC Instructor,Teaching,266,Zoom Teaching,bonus
25,Virtual Classroom Teacher,Teaching,259,Classroom Management,core
25,Virtual Classroom Teacher,Teaching,483,Communication,core
25,Virtual Classroom Teacher,Teaching,664,Digital Content Creation,core
25,Virtual Classroom Teacher,Teaching,258,Lesson Planning,core
25,Virtual Classroom Teacher,Teaching,263,Online Teaching,core
25,Virtual Classroom Teacher,Teaching,261,Student Assessment,core
25,Virtual Classroom Teacher,Teaching,266,Zoom Teaching,core
25,Virtual Classroom Teacher,Teaching,280,Differentiated Instruction,secondary
25,Virtual Classroom Teacher,Teaching,267,Educational Psychology,secondary
25,Virtual Classroom Teacher,Teaching,273,Exam Preparation,secondary
25,Virtual Classroom Teacher,Teaching,672,Feedback and Assessment,secondary
25,Virtual Classroom Teacher,Teaching,264,LMS Platforms,secondary
25,Virtual Classroom Teacher,Teaching,265,Google Classroom,bonus
25,Virtual Classroom Teacher,Teaching,399,Video Production,bonus
26,Education Technology Specialist,Teaching,664,Digital Content Creation,core
26,Education Technology Specialist,Teaching,581,DIKSHA,core
26,Education Technology Specialist,Teaching,278,E-Learning Development,core
26,Education Technology Specialist,Teaching,277,Instructional Design,core
26,Education Technology Specialist,Teaching,700,IT Support,core
26,Education Technology Specialist,Teaching,264,LMS Platforms,core
26,Education Technology Specialist,Teaching,582,Smart Board,core
26,Education Technology Specialist,Teaching,701,Data Analytics,secondary
26,Education Technology Specialist,Teaching,673,Gamification,secondary
26,Education Technology Specialist,Teaching,265,Google Classroom,secondary
26,Education Technology Specialist,Teaching,677,Teacher Training,secondary
26,Education Technology Specialist,Teaching,266,Zoom Teaching,secondary
26,Education Technology Specialist,Teaching,40,CSS,bonus
26,Education Technology Specialist,Teaching,39,HTML,bonus
27,Corporate Trainer,Teaching,483,Communication,core
27,Corporate Trainer,Teaching,276,Corporate Training,core
27,Corporate Trainer,Teaching,659,Facilitation,core
27,Corporate Trainer,Teaching,277,Instructional Design,core
27,Corporate Trainer,Teaching,660,Needs Assessment,core
27,Corporate Trainer,Teaching,492,Presentation Skills,core
27,Corporate Trainer,Teaching,360,Training and Development,core
27,Corporate Trainer,Teaching,272,Coaching Techniques,secondary
27,Corporate Trainer,Teaching,484,Leadership,secondary
27,Corporate Trainer,Teaching,349,Performance Management,secondary
27,Corporate Trainer,Teaching,661,Soft Skills Training,secondary
27,Corporate Trainer,Teaching,678,Team Building,secondary
27,Corporate Trainer,Teaching,278,E-Learning Development,bonus
27,Corporate Trainer,Teaching,264,LMS Platforms,bonus
28,Leadership Development Trainer,Teaching,272,Coaching Techniques,core
28,Leadership Development Trainer,Teaching,483,Communication,core
28,Leadership Development Trainer,Teaching,276,Corporate Training,core
28,Leadership Development Trainer,Teaching,659,Facilitation,core
28,Leadership Development Trainer,Teaching,484,Leadership,core
28,Leadership Development Trainer,Teaching,373,Strategic Planning,core
28,Leadership Development Trainer,Teaching,678,Team Building,core
28,Leadership Development Trainer,Teaching,493,Conflict Resolution,secondary
28,Leadership Development Trainer,Teaching,494,Decision Making,secondary
28,Leadership Development Trainer,Teaching,490,Emotional Intelligence,secondary
28,Leadership Development Trainer,Teaching,495,Mentoring,secondary
28,Leadership Development Trainer,Teaching,349,Performance Management,secondary
28,Leadership Development Trainer,Teaching,359,Organizational Development,bonus
28,Leadership Development Trainer,Teaching,362,Succession Planning,bonus
29,Technical Trainer,Teaching,276,Corporate Training,core
29,Technical Trainer,Teaching,659,Facilitation,core
29,Technical Trainer,Teaching,277,Instructional Design,core
29,Technical Trainer,Teaching,660,Needs Assessment,core
29,Technical Trainer,Teaching,492,Presentation Skills,core
29,Technical Trainer,Teaching,270,STEM Teaching,core
29,Technical Trainer,Teaching,360,Training and Development,core
29,Technical Trainer,Teaching,278,E-Learning Development,secondary
29,Technical Trainer,Teaching,636,MS Office,secondary
29,Technical Trainer,Teaching,349,Performance Management,secondary
29,Technical Trainer,Teaching,1,Python,secondary
29,Technical Trainer,Teaching,663,Safety Training,secondary
29,Technical Trainer,Teaching,632,Database Management,bonus
29,Technical Trainer,Teaching,264,LMS Platforms,bonus
30,Soft Skills Trainer,Teaching,483,Communication,core
30,Soft Skills Trainer,Teaching,490,Emotional Intelligence,core
30,Soft Skills Trainer,Teaching,659,Facilitation,core
30,Soft Skills Trainer,Teaching,484,Leadership,core
30,Soft Skills Trainer,Teaching,492,Presentation Skills,core
30,Soft Skills Trainer,Teaching,661,Soft Skills Training,core
30,Soft Skills Trainer,Teaching,678,Team Building,core
30,Soft Skills Trainer,Teaching,493,Conflict Resolution,secondary
30,Soft Skills Trainer,Teaching,720,Interview Skills,secondary
30,Soft Skills Trainer,Teaching,491,Negotiation,secondary
30,Soft Skills Trainer,Teaching,754,Public Speaking,secondary
30,Soft Skills Trainer,Teaching,488,Time Management,secondary
30,Soft Skills Trainer,Teaching,272,Coaching Techniques,bonus
30,Soft Skills Trainer,Teaching,276,Corporate Training,bonus
31,Sales Trainer,Teaching,272,Coaching Techniques,core
31,Sales Trainer,Teaching,483,Communication,core
31,Sales Trainer,Teaching,276,Corporate Training,core
31,Sales Trainer,Teaching,491,Negotiation,core
31,Sales Trainer,Teaching,681,Objection Handling,core
31,Sales Trainer,Teaching,492,Presentation Skills,core
31,Sales Trainer,Teaching,679,Sales Training,core
31,Sales Trainer,Teaching,306,CRM,secondary
31,Sales Trainer,Teaching,680,Lead Generation,secondary
31,Sales Trainer,Teaching,349,Performance Management,secondary
31,Sales Trainer,Teaching,682,Sales Analytics,secondary
31,Sales Trainer,Teaching,678,Team Building,secondary
31,Sales Trainer,Teaching,298,Brand Management,bonus
31,Sales Trainer,Teaching,294,Salesforce,bonus
32,UPSC Coach,Teaching,630,Current Affairs,core
32,UPSC Coach,Teaching,273,Exam Preparation,core
32,UPSC Coach,Teaching,625,Geography,core
32,UPSC Coach,Teaching,624,History,core
32,UPSC Coach,Teaching,627,Political Science,core
32,UPSC Coach,Teaching,449,Public Administration,core
32,UPSC Coach,Teaching,261,Student Assessment,core
32,UPSC Coach,Teaching,626,Civics,secondary
32,UPSC Coach,Teaching,628,Economics Teaching,secondary
32,UPSC Coach,Teaching,629,Map Reading,secondary
32,UPSC Coach,Teaching,450,Policy Analysis,secondary
32,UPSC Coach,Teaching,263,Online Teaching,bonus
32,UPSC Coach,Teaching,496,Research Skills,bonus
33,JEE Coach,Teaching,596,Chemistry,core
33,JEE Coach,Teaching,272,Coaching Techniques,core
33,JEE Coach,Teaching,273,Exam Preparation,core
33,JEE Coach,Teaching,592,Mathematics,core
33,JEE Coach,Teaching,595,Physics,core
33,JEE Coach,Teaching,486,Problem Solving,core
33,JEE Coach,Teaching,261,Student Assessment,core
33,JEE Coach,Teaching,587,Algebra,secondary
33,JEE Coach,Teaching,497,Analytical Thinking,secondary
33,JEE Coach,Teaching,590,Calculus,secondary
33,JEE Coach,Teaching,599,Science Experiments,secondary
33,JEE Coach,Teaching,589,Trigonometry,secondary
33,JEE Coach,Teaching,263,Online Teaching,bonus
33,JEE Coach,Teaching,608,Spoken English,bonus
34,NEET Coach,Teaching,597,Biology,core
34,NEET Coach,Teaching,596,Chemistry,core
34,NEET Coach,Teaching,272,Coaching Techniques,core
34,NEET Coach,Teaching,273,Exam Preparation,core
34,NEET Coach,Teaching,598,Lab Management,core
34,NEET Coach,Teaching,595,Physics,core
34,NEET Coach,Teaching,261,Student Assessment,core
34,NEET Coach,Teaching,497,Analytical Thinking,secondary
34,NEET Coach,Teaching,231,Anatomy,secondary
34,NEET Coach,Teaching,601,Life Sciences,secondary
34,NEET Coach,Teaching,228,Pharmacology,secondary
34,NEET Coach,Teaching,263,Online Teaching,bonus
34,NEET Coach,Teaching,496,Research Skills,bonus
35,CAT Preparation Coach,Teaching,497,Analytical Thinking,core
35,CAT Preparation Coach,Teaching,272,Coaching Techniques,core
35,CAT Preparation Coach,Teaching,273,Exam Preparation,core
35,CAT Preparation Coach,Teaching,715,Logical Reasoning,core
35,CAT Preparation Coach,Teaching,592,Mathematics,core
35,CAT Preparation Coach,Teaching,714,Quantitative Aptitude,core
35,CAT Preparation Coach,Teaching,606,Reading Comprehension,core
35,CAT Preparation Coach,Teaching,630,Current Affairs,secondary
35,CAT Preparation Coach,Teaching,603,Grammar,secondary
35,CAT Preparation Coach,Teaching,261,Student Assessment,secondary
35,CAT Preparation Coach,Teaching,609,Writing Skills,secondary
35,CAT Preparation Coach,Teaching,263,Online Teaching,bonus
35,CAT Preparation Coach,Teaching,608,Spoken English,bonus
36,Competitive Exam Trainer,Teaching,497,Analytical Thinking,core
36,Competitive Exam Trainer,Teaching,272,Coaching Techniques,core
36,Competitive Exam Trainer,Teaching,273,Exam Preparation,core
36,Competitive Exam Trainer,Teaching,715,Logical Reasoning,core
36,Competitive Exam Trainer,Teaching,592,Mathematics,core
36,Competitive Exam Trainer,Teaching,606,Reading Comprehension,core
36,Competitive Exam Trainer,Teaching,261,Student Assessment,core
36,Competitive Exam Trainer,Teaching,630,Current Affairs,secondary
36,Competitive Exam Trainer,Teaching,603,Grammar,secondary
36,Competitive Exam Trainer,Teaching,714,Quantitative Aptitude,secondary
36,Competitive Exam Trainer,Teaching,609,Writing Skills,secondary
36,Competitive Exam Trainer,Teaching,263,Online Teaching,bonus
37,Physical Education Teacher,Teaching,461,Athletic Training,core
37,Physical Education Teacher,Teaching,466,Fitness Assessment,core
37,Physical Education Teacher,Teaching,465,Game Strategy,core
37,Physical Education Teacher,Teaching,283,Physical Education,core
37,Physical Education Teacher,Teaching,284,Sports Coaching,core
37,Physical Education Teacher,Teaching,641,Athletics,secondary
37,Physical Education Teacher,Teaching,638,Cricket Coaching,secondary
37,Physical Education Teacher,Teaching,637,Football Coaching,secondary
37,Physical Education Teacher,Teaching,639,Kabaddi,bonus
37,Physical Education Teacher,Teaching,642,Swimming,bonus
37,Physical Education Teacher,Teaching,640,Yoga Teaching,bonus
38,Sports Coach (PE),Teaching,461,Athletic Training,core
38,Sports Coach (PE),Teaching,466,Fitness Assessment,core
38,Sports Coach (PE),Teaching,465,Game Strategy,core
38,Sports Coach (PE),Teaching,283,Physical Education,core
38,Sports Coach (PE),Teaching,284,Sports Coaching,core
38,Sports Coach (PE),Teaching,463,Sports Nutrition,core
38,Sports Coach (PE),Teaching,470,Team Management,core
38,Sports Coach (PE),Teaching,641,Athletics,secondary
38,Sports Coach (PE),Teaching,638,Cricket Coaching,secondary
38,Sports Coach (PE),Teaching,637,Football Coaching,secondary
38,Sports Coach (PE),Teaching,751,Injury Prevention,secondary
38,Sports Coach (PE),Teaching,464,Sports Psychology,secondary
38,Sports Coach (PE),Teaching,639,Kabaddi,bonus
38,Sports Coach (PE),Teaching,642,Swimming,bonus
38,Sports Coach (PE),Teaching,640,Yoga Teaching,bonus
39,Yoga Instructor,Teaching,231,Anatomy,core
39,Yoga Instructor,Teaching,748,Breathing Techniques,core
39,Yoga Instructor,Teaching,483,Communication,core
39,Yoga Instructor,Teaching,466,Fitness Assessment,core
39,Yoga Instructor,Teaching,749,Meditation,core
39,Yoga Instructor,Teaching,283,Physical Education,core
39,Yoga Instructor,Teaching,640,Yoga Teaching,core
39,Yoga Instructor,Teaching,461,Athletic Training,secondary
39,Yoga Instructor,Teaching,467,Personal Training,secondary
39,Yoga Instructor,Teaching,463,Sports Nutrition,secondary
39,Yoga Instructor,Teaching,464,Sports Psychology,secondary
39,Yoga Instructor,Teaching,261,Student Assessment,secondary
39,Yoga Instructor,Teaching,469,Sports Medicine,bonus
40,Dance Teacher,Teaching,759,Bharatanatyam,core
40,Dance Teacher,Teaching,762,Choreography,core
40,Dance Teacher,Teaching,760,Classical Dance,core
40,Dance Teacher,Teaching,498,Creativity,core
40,Dance Teacher,Teaching,761,Folk Dance,core
40,Dance Teacher,Teaching,461,Athletic Training,secondary
40,Dance Teacher,Teaching,466,Fitness Assessment,secondary
40,Dance Teacher,Teaching,463,Sports Nutrition,bonus
40,Dance Teacher,Teaching,640,Yoga Teaching,bonus
41,Montessori Teacher,Teaching,563,Activity Based Learning,core
41,Montessori Teacher,Teaching,269,Child Development,core
41,Montessori Teacher,Teaching,498,Creativity,core
41,Montessori Teacher,Teaching,268,Montessori Method,core
41,Montessori Teacher,Teaching,742,Play-Based Learning,core
41,Montessori Teacher,Teaching,743,Fine Motor Skills,secondary
41,Montessori Teacher,Teaching,763,Gross Motor Skills,secondary
41,Montessori Teacher,Teaching,745,Storytelling,secondary
41,Montessori Teacher,Teaching,607,Phonics,bonus
42,Preschool Teacher,Teaching,563,Activity Based Learning,core
42,Preschool Teacher,Teaching,269,Child Development,core
42,Preschool Teacher,Teaching,498,Creativity,core
42,Preschool Teacher,Teaching,268,Montessori Method,core
42,Preschool Teacher,Teaching,742,Play-Based Learning,core
42,Preschool Teacher,Teaching,743,Fine Motor Skills,secondary
42,Preschool Teacher,Teaching,763,Gross Motor Skills,secondary
42,Preschool Teacher,Teaching,745,Storytelling,secondary
42,Preschool Teacher,Teaching,607,Phonics,bonus
43,Early Childhood Educator,Teaching,563,Activity Based Learning,core
43,Early Childhood Educator,Teaching,269,Child Development,core
43,Early Childhood Educator,Teaching,498,Creativity,core
43,Early Childhood Educator,Teaching,490,Emotional Intelligence,core
43,Early Childhood Educator,Teaching,268,Montessori Method,core
43,Early Childhood Educator,Teaching,565,Parent Communication,core
43,Early Childhood Educator,Teaching,742,Play-Based Learning,core
43,Early Childhood Educator,Teaching,476,Child Protection,secondary
43,Early Childhood Educator,Teaching,259,Classroom Management,secondary
43,Early Childhood Educator,Teaching,763,Gross Motor Skills,secondary
43,Early Childhood Educator,Teaching,607,Phonics,secondary
43,Early Childhood Educator,Teaching,745,Storytelling,secondary
43,Early Childhood Educator,Teaching,643,Drawing,bonus
43,Early Childhood Educator,Teaching,743,Fine Motor Skills,bonus
44,Childcare Specialist,Teaching,269,Child Development,core
44,Childcare Specialist,Teaching,476,Child Protection,core
44,Childcare Specialist,Teaching,490,Emotional Intelligence,core
44,Childcare Specialist,Teaching,747,First Aid,core
44,Childcare Specialist,Teaching,268,Montessori Method,core
44,Childcare Specialist,Teaching,565,Parent Communication,core
44,Childcare Specialist,Teaching,742,Play-Based Learning,core
44,Childcare Specialist,Teaching,259,Classroom Management,secondary
44,Childcare Specialist,Teaching,743,Fine Motor Skills,secondary
44,Childcare Specialist,Teaching,763,Gross Motor Skills,secondary
44,Childcare Specialist,Teaching,244,Nutrition,secondary
44,Childcare Specialist,Teaching,745,Storytelling,secondary
44,Childcare Specialist,Teaching,563,Activity Based Learning,bonus
45,School Principal,Teaching,274,Academic Administration,core
45,School Principal,Teaching,494,Decision Making,core
45,School Principal,Teaching,484,Leadership,core
45,School Principal,Teaching,685,Policy Implementation,core
45,School Principal,Teaching,275,School Management,core
45,School Principal,Teaching,684,Staff Management,core
45,School Principal,Teaching,373,Strategic Planning,core
45,School Principal,Teaching,686,Budget Management,secondary
45,School Principal,Teaching,690,Crisis Management,secondary
45,School Principal,Teaching,689,Performance Appraisal,secondary
45,School Principal,Teaching,688,Regulatory Compliance,secondary
45,School Principal,Teaching,687,Stakeholder Communication,secondary
45,School Principal,Teaching,562,NEP 2020,bonus
45,School Principal,Teaching,365,Project Management,bonus
45,School Principal,Teaching,362,Succession Planning,bonus
46,Vice Principal,Teaching,274,Academic Administration,core
46,Vice Principal,Teaching,483,Communication,core
46,Vice Principal,Teaching,494,Decision Making,core
46,Vice Principal,Teaching,484,Leadership,core
46,Vice Principal,Teaching,685,Policy Implementation,core
46,Vice Principal,Teaching,275,School Management,core
46,Vice Principal,Teaching,684,Staff Management,core
46,Vice Principal,Teaching,686,Budget Management,secondary
46,Vice Principal,Teaching,689,Performance Appraisal,secondary
46,Vice Principal,Teaching,688,Regulatory Compliance,secondary
46,Vice Principal,Teaching,687,Stakeholder Communication,secondary
46,Vice Principal,Teaching,691,Timetabling,secondary
46,Vice Principal,Teaching,562,NEP 2020,bonus
46,Vice Principal,Teaching,365,Project Management,bonus
47,Academic Coordinator,Teaching,274,Academic Administration,core
47,Academic Coordinator,Teaching,483,Communication,core
47,Academic Coordinator,Teaching,696,Exam Coordination,core
47,Academic Coordinator,Teaching,688,Regulatory Compliance,core
47,Academic Coordinator,Teaching,699,Reporting,core
47,Academic Coordinator,Teaching,697,Student Records Management,core
47,Academic Coordinator,Teaching,691,Timetabling,core
47,Academic Coordinator,Teaching,686,Budget Management,secondary
47,Academic Coordinator,Teaching,701,Data Analytics,secondary
47,Academic Coordinator,Teaching,689,Performance Appraisal,secondary
47,Academic Coordinator,Teaching,684,Staff Management,secondary
47,Academic Coordinator,Teaching,687,Stakeholder Communication,secondary
47,Academic Coordinator,Teaching,562,NEP 2020,bonus
47,Academic Coordinator,Teaching,365,Project Management,bonus
48,Curriculum Designer,Teaching,669,Assessment Design,core
48,Curriculum Designer,Teaching,668,Content Mapping,core
48,Curriculum Designer,Teaching,260,Curriculum Development,core
48,Curriculum Designer,Teaching,277,Instructional Design,core
48,Curriculum Designer,Teaching,667,Learning Objectives,core
48,Curriculum Designer,Teaching,665,Storyboarding,core
48,Curriculum Designer,Teaching,670,Subject Matter Expertise,core
48,Curriculum Designer,Teaching,279,Bloom's Taxonomy,secondary
48,Curriculum Designer,Teaching,282,CBSE Curriculum,secondary
48,Curriculum Designer,Teaching,278,E-Learning Development,secondary
48,Curriculum Designer,Teaching,281,IB Curriculum,secondary
48,Curriculum Designer,Teaching,660,Needs Assessment,secondary
48,Curriculum Designer,Teaching,577,Cambridge Curriculum,bonus
48,Curriculum Designer,Teaching,576,IB MYP,bonus
48,Curriculum Designer,Teaching,575,IB PYP,bonus
48,Curriculum Designer,Teaching,578,IGCSE,bonus
49,Instructional Designer,Teaching,669,Assessment Design,core
49,Instructional Designer,Teaching,668,Content Mapping,core
49,Instructional Designer,Teaching,260,Curriculum Development,core
49,Instructional Designer,Teaching,278,E-Learning Development,core
49,Instructional Designer,Teaching,277,Instructional Design,core
49,Instructional Designer,Teaching,667,Learning Objectives,core
49,Instructional Designer,Teaching,665,Storyboarding,core
49,Instructional Designer,Teaching,675,Articulate Storyline,secondary
49,Instructional Designer,Teaching,279,Bloom's Taxonomy,secondary
49,Instructional Designer,Teaching,264,LMS Platforms,secondary
49,Instructional Designer,Teaching,660,Needs Assessment,secondary
49,Instructional Designer,Teaching,674,SCORM,secondary
49,Instructional Designer,Teaching,676,Adobe Captivate,bonus
49,Instructional Designer,Teaching,673,Gamification,bonus
49,Instructional Designer,Teaching,39,HTML,bonus
50,Training Content Developer,Teaching,671,Content Development,core
50,Training Content Developer,Teaching,276,Corporate Training,core
50,Training Content Developer,Teaching,664,Digital Content Creation,core
50,Training Content Developer,Teaching,277,Instructional Design,core
50,Training Content Developer,Teaching,660,Needs Assessment,core
50,Training Content Developer,Teaching,665,Storyboarding,core
50,Training Content Developer,Teaching,670,Subject Matter Expertise,core
50,Training Content Developer,Teaching,669,Assessment Design,secondary
50,Training Content Developer,Teaching,278,E-Learning Development,secondary
50,Training Content Developer,Teaching,755,Graphic Design,secondary
50,Training Content Developer,Teaching,264,LMS Platforms,secondary
50,Training Content Developer,Teaching,666,Multimedia Design,secondary
50,Training Content Developer,Teaching,675,Articulate Storyline,bonus
50,Training Content Developer,Teaching,673,Gamification,bonus
50,Training Content Developer,Teaching,674,SCORM,bonus
51,Software Engineer,IT/Software,528,Algorithms,core
51,Software Engineer,IT/Software,527,Data Structures,core
51,Software Engineer,IT/Software,100,Git,core
51,Software Engineer,IT/Software,2,Java,core
51,Software Engineer,IT/Software,764,OOP,core
51,Software Engineer,IT/Software,1,Python,core
51,Software Engineer,IT/Software,80,SQL,core
51,Software Engineer,IT/Software,366,Agile,secondary
51,Software Engineer,IT/Software,4,C++,secondary
51,Software Engineer,IT/Software,552,CI/CD,secondary
51,Software Engineer,IT/Software,84,Docker,secondary
51,Software Engineer,IT/Software,8,Go,secondary
51,Software Engineer,IT/Software,61,REST API,secondary
51,Software Engineer,IT/Software,765,Testing,secondary
51,Software Engineer,IT/Software,85,Kubernetes,bonus
51,Software Engineer,IT/Software,62,Microservices,bonus
51,Software Engineer,IT/Software,525,System Design,bonus
52,Backend Developer,IT/Software,84,Docker,core
52,Backend Developer,IT/Software,54,Flask,core
52,Backend Developer,IT/Software,51,Node.js,core
52,Backend Developer,IT/Software,66,PostgreSQL,core
52,Backend Developer,IT/Software,1,Python,core
52,Backend Developer,IT/Software,61,REST API,core
52,Backend Developer,IT/Software,80,SQL,core
52,Backend Developer,IT/Software,53,Django,secondary
52,Backend Developer,IT/Software,52,Express.js,secondary
52,Backend Developer,IT/Software,55,FastAPI,secondary
52,Backend Developer,IT/Software,62,Microservices,secondary
52,Backend Developer,IT/Software,70,MongoDB,secondary
52,Backend Developer,IT/Software,65,MySQL,secondary
52,Backend Developer,IT/Software,71,Redis,secondary
52,Backend Developer,IT/Software,100,Git,bonus
52,Backend Developer,IT/Software,768,JWT,bonus
52,Backend Developer,IT/Software,85,Kubernetes,bonus
52,Backend Developer,IT/Software,86,Terraform,bonus
53,Frontend Developer,IT/Software,40,CSS,core
53,Frontend Developer,IT/Software,100,Git,core
53,Frontend Developer,IT/Software,39,HTML,core
53,Frontend Developer,IT/Software,6,JavaScript,core
53,Frontend Developer,IT/Software,36,React,core
53,Frontend Developer,IT/Software,61,REST API,core
53,Frontend Developer,IT/Software,7,TypeScript,core
53,Frontend Developer,IT/Software,37,Angular,secondary
53,Frontend Developer,IT/Software,44,Next.js,secondary
53,Frontend Developer,IT/Software,766,Responsive Design,secondary
53,Frontend Developer,IT/Software,767,UI/UX,secondary
53,Frontend Developer,IT/Software,38,Vue.js,secondary
53,Frontend Developer,IT/Software,48,Webpack,secondary
53,Frontend Developer,IT/Software,175,Figma,bonus
53,Frontend Developer,IT/Software,50,GraphQL,bonus
53,Frontend Developer,IT/Software,51,Node.js,bonus
53,Frontend Developer,IT/Software,765,Testing,bonus
54,Full Stack Developer,IT/Software,40,CSS,core
54,Full Stack Developer,IT/Software,100,Git,core
54,Full Stack Developer,IT/Software,39,HTML,core
54,Full Stack Developer,IT/Software,6,JavaScript,core
54,Full Stack Developer,IT/Software,1,Python,core
54,Full Stack Developer,IT/Software,61,REST API,core
54,Full Stack Developer,IT/Software,80,SQL,core
54,Full Stack Developer,IT/Software,53,Django,secondary
54,Full Stack Developer,IT/Software,84,Docker,secondary
54,Full Stack Developer,IT/Software,54,Flask,secondary
54,Full Stack Developer,IT/Software,70,MongoDB,secondary
54,Full Stack Developer,IT/Software,51,Node.js,secondary
54,Full Stack Developer,IT/Software,66,PostgreSQL,secondary
54,Full Stack Developer,IT/Software,36,React,secondary
54,Full Stack Developer,IT/Software,50,GraphQL,bonus
54,Full Stack Developer,IT/Software,85,Kubernetes,bonus
54,Full Stack Developer,IT/Software,71,Redis,bonus
54,Full Stack Developer,IT/Software,7,TypeScript,bonus
55,React Developer,IT/Software,40,CSS,core
55,React Developer,IT/Software,39,HTML,core
55,React Developer,IT/Software,6,JavaScript,core
55,React Developer,IT/Software,44,Next.js,core
55,React Developer,IT/Software,36,React,core
55,React Developer,IT/Software,47,Redux,core
55,React Developer,IT/Software,7,TypeScript,core
55,React Developer,IT/Software,52,Express.js,secondary
55,React Developer,IT/Software,100,Git,secondary
55,React Developer,IT/Software,50,GraphQL,secondary
55,React Developer,IT/Software,51,Node.js,secondary
55,React Developer,IT/Software,61,REST API,secondary
55,React Developer,IT/Software,84,Docker,bonus
55,React Developer,IT/Software,175,Figma,bonus
55,React Developer,IT/Software,43,Tailwind CSS,bonus
56,Angular Developer,IT/Software,37,Angular,core
56,Angular Developer,IT/Software,40,CSS,core
56,Angular Developer,IT/Software,39,HTML,core
56,Angular Developer,IT/Software,6,JavaScript,core
56,Angular Developer,IT/Software,44,Next.js,core
56,Angular Developer,IT/Software,47,Redux,core
56,Angular Developer,IT/Software,7,TypeScript,core
56,Angular Developer,IT/Software,52,Express.js,secondary
56,Angular Developer,IT/Software,100,Git,secondary
56,Angular Developer,IT/Software,50,GraphQL,secondary
56,Angular Developer,IT/Software,51,Node.js,secondary
56,Angular Developer,IT/Software,61,REST API,secondary
56,Angular Developer,IT/Software,84,Docker,bonus
56,Angular Developer,IT/Software,175,Figma,bonus
56,Angular Developer,IT/Software,43,Tailwind CSS,bonus
57,Vue.js Developer,IT/Software,40,CSS,core
57,Vue.js Developer,IT/Software,39,HTML,core
57,Vue.js Developer,IT/Software,6,JavaScript,core
57,Vue.js Developer,IT/Software,45,Nuxt.js,core
57,Vue.js Developer,IT/Software,47,Redux,core
57,Vue.js Developer,IT/Software,7,TypeScript,core
57,Vue.js Developer,IT/Software,38,Vue.js,core
57,Vue.js Developer,IT/Software,52,Express.js,secondary
57,Vue.js Developer,IT/Software,100,Git,secondary
57,Vue.js Developer,IT/Software,50,GraphQL,secondary
57,Vue.js Developer,IT/Software,51,Node.js,secondary
57,Vue.js Developer,IT/Software,61,REST API,secondary
57,Vue.js Developer,IT/Software,84,Docker,bonus
57,Vue.js Developer,IT/Software,175,Figma,bonus
57,Vue.js Developer,IT/Software,43,Tailwind CSS,bonus
58,Node.js Developer,IT/Software,52,Express.js,core
58,Node.js Developer,IT/Software,100,Git,core
58,Node.js Developer,IT/Software,6,JavaScript,core
58,Node.js Developer,IT/Software,51,Node.js,core
58,Node.js Developer,IT/Software,61,REST API,core
58,Node.js Developer,IT/Software,80,SQL,core
58,Node.js Developer,IT/Software,7,TypeScript,core
58,Node.js Developer,IT/Software,366,Agile,secondary
58,Node.js Developer,IT/Software,84,Docker,secondary
58,Node.js Developer,IT/Software,85,Kubernetes,secondary
58,Node.js Developer,IT/Software,70,MongoDB,secondary
58,Node.js Developer,IT/Software,65,MySQL,secondary
58,Node.js Developer,IT/Software,130,Kafka,bonus
58,Node.js Developer,IT/Software,537,RabbitMQ,bonus
58,Node.js Developer,IT/Software,86,Terraform,bonus
59,Python Developer,IT/Software,527,Data Structures,core
59,Python Developer,IT/Software,53,Django,core
59,Python Developer,IT/Software,55,FastAPI,core
59,Python Developer,IT/Software,54,Flask,core
59,Python Developer,IT/Software,100,Git,core
59,Python Developer,IT/Software,1,Python,core
59,Python Developer,IT/Software,80,SQL,core
59,Python Developer,IT/Software,84,Docker,secondary
59,Python Developer,IT/Software,139,Jupyter,secondary
59,Python Developer,IT/Software,65,MySQL,secondary
59,Python Developer,IT/Software,126,Pandas,secondary
59,Python Developer,IT/Software,66,PostgreSQL,secondary
59,Python Developer,IT/Software,85,Kubernetes,bonus
59,Python Developer,IT/Software,101,TensorFlow,bonus
59,Python Developer,IT/Software,86,Terraform,bonus
60,Java Developer,IT/Software,527,Data Structures,core
60,Java Developer,IT/Software,526,Design Patterns,core
60,Java Developer,IT/Software,84,Docker,core
60,Java Developer,IT/Software,100,Git,core
60,Java Developer,IT/Software,2,Java,core
60,Java Developer,IT/Software,56,Spring Boot,core
60,Java Developer,IT/Software,80,SQL,core
60,Java Developer,IT/Software,366,Agile,secondary
60,Java Developer,IT/Software,85,Kubernetes,secondary
60,Java Developer,IT/Software,65,MySQL,secondary
60,Java Developer,IT/Software,66,PostgreSQL,secondary
60,Java Developer,IT/Software,367,Scrum,secondary
60,Java Developer,IT/Software,137,Excel,bonus
60,Java Developer,IT/Software,88,Jenkins,bonus
60,Java Developer,IT/Software,506,JUnit,bonus
61,C++ Developer,IT/Software,528,Algorithms,core
61,C++ Developer,IT/Software,3,C,core
61,C++ Developer,IT/Software,4,C++,core
61,C++ Developer,IT/Software,527,Data Structures,core
61,C++ Developer,IT/Software,100,Git,core
61,C++ Developer,IT/Software,529,Operating Systems,core
61,C++ Developer,IT/Software,525,System Design,core
61,C++ Developer,IT/Software,319,Circuit Design,secondary
61,C++ Developer,IT/Software,84,Docker,secondary
61,C++ Developer,IT/Software,321,Embedded Systems,secondary
61,C++ Developer,IT/Software,322,MATLAB Simulink,secondary
61,C++ Developer,IT/Software,486,Problem Solving,secondary
61,C++ Developer,IT/Software,22,Dart,bonus
61,C++ Developer,IT/Software,333,Robotics,bonus
61,C++ Developer,IT/Software,9,Rust,bonus
62,Mobile App Developer,IT/Software,153,Android Development,core
62,Mobile App Developer,IT/Software,22,Dart,core
62,Mobile App Developer,IT/Software,152,Flutter,core
62,Mobile App Developer,IT/Software,100,Git,core
62,Mobile App Developer,IT/Software,154,iOS Development,core
62,Mobile App Developer,IT/Software,6,JavaScript,core
62,Mobile App Developer,IT/Software,151,React Native,core
62,Mobile App Developer,IT/Software,159,App Store Deployment,secondary
62,Mobile App Developer,IT/Software,75,Firebase,secondary
62,Mobile App Developer,IT/Software,157,Firebase SDK,secondary
62,Mobile App Developer,IT/Software,160,Mobile UI/UX,secondary
62,Mobile App Developer,IT/Software,158,Play Store Deployment,secondary
62,Mobile App Developer,IT/Software,84,Docker,bonus
62,Mobile App Developer,IT/Software,175,Figma,bonus
62,Mobile App Developer,IT/Software,194,Prototyping,bonus
63,iOS Developer,IT/Software,527,Data Structures,core
63,iOS Developer,IT/Software,526,Design Patterns,core
63,iOS Developer,IT/Software,100,Git,core
63,iOS Developer,IT/Software,154,iOS Development,core
63,iOS Developer,IT/Software,6,JavaScript,core
63,iOS Developer,IT/Software,11,Swift,core
63,iOS Developer,IT/Software,525,System Design,core
63,iOS Developer,IT/Software,366,Agile,secondary
63,iOS Developer,IT/Software,159,App Store Deployment,secondary
63,iOS Developer,IT/Software,84,Docker,secondary
63,iOS Developer,IT/Software,75,Firebase,secondary
63,iOS Developer,IT/Software,157,Firebase SDK,secondary
63,iOS Developer,IT/Software,175,Figma,bonus
63,iOS Developer,IT/Software,160,Mobile UI/UX,bonus
63,iOS Developer,IT/Software,194,Prototyping,bonus
64,Android Developer,IT/Software,153,Android Development,core
64,Android Developer,IT/Software,527,Data Structures,core
64,Android Developer,IT/Software,526,Design Patterns,core
64,Android Developer,IT/Software,100,Git,core
64,Android Developer,IT/Software,2,Java,core
64,Android Developer,IT/Software,10,Kotlin,core
64,Android Developer,IT/Software,525,System Design,core
64,Android Developer,IT/Software,366,Agile,secondary
64,Android Developer,IT/Software,84,Docker,secondary
64,Android Developer,IT/Software,75,Firebase,secondary
64,Android Developer,IT/Software,157,Firebase SDK,secondary
64,Android Developer,IT/Software,158,Play Store Deployment,secondary
64,Android Developer,IT/Software,175,Figma,bonus
64,Android Developer,IT/Software,160,Mobile UI/UX,bonus
64,Android Developer,IT/Software,194,Prototyping,bonus
65,Flutter Developer,IT/Software,153,Android Development,core
65,Flutter Developer,IT/Software,22,Dart,core
65,Flutter Developer,IT/Software,527,Data Structures,core
65,Flutter Developer,IT/Software,75,Firebase,core
65,Flutter Developer,IT/Software,152,Flutter,core
65,Flutter Developer,IT/Software,100,Git,core
65,Flutter Developer,IT/Software,6,JavaScript,core
65,Flutter Developer,IT/Software,366,Agile,secondary
65,Flutter Developer,IT/Software,159,App Store Deployment,secondary
65,Flutter Developer,IT/Software,84,Docker,secondary
65,Flutter Developer,IT/Software,157,Firebase SDK,secondary
65,Flutter Developer,IT/Software,158,Play Store Deployment,secondary
65,Flutter Developer,IT/Software,175,Figma,bonus
65,Flutter Developer,IT/Software,160,Mobile UI/UX,bonus
65,Flutter Developer,IT/Software,194,Prototyping,bonus
66,DevOps Engineer,IT/Software,87,Ansible,core
66,DevOps Engineer,IT/Software,84,Docker,core
66,DevOps Engineer,IT/Software,89,GitHub Actions,core
66,DevOps Engineer,IT/Software,88,Jenkins,core
66,DevOps Engineer,IT/Software,85,Kubernetes,core
66,DevOps Engineer,IT/Software,99,Linux,core
66,DevOps Engineer,IT/Software,86,Terraform,core
66,DevOps Engineer,IT/Software,81,AWS,secondary
66,DevOps Engineer,IT/Software,82,Azure,secondary
66,DevOps Engineer,IT/Software,83,Google Cloud,secondary
66,DevOps Engineer,IT/Software,95,Grafana,secondary
66,DevOps Engineer,IT/Software,94,Prometheus,secondary
66,DevOps Engineer,IT/Software,96,ELK Stack,bonus
66,DevOps Engineer,IT/Software,100,Git,bonus
66,DevOps Engineer,IT/Software,97,Nginx,bonus
67,Cloud Architect,IT/Software,81,AWS,core
67,Cloud Architect,IT/Software,82,Azure,core
67,Cloud Architect,IT/Software,84,Docker,core
67,Cloud Architect,IT/Software,83,Google Cloud,core
67,Cloud Architect,IT/Software,85,Kubernetes,core
67,Cloud Architect,IT/Software,525,System Design,core
67,Cloud Architect,IT/Software,86,Terraform,core
67,Cloud Architect,IT/Software,87,Ansible,secondary
67,Cloud Architect,IT/Software,535,API Gateway,secondary
67,Cloud Architect,IT/Software,88,Jenkins,secondary
67,Cloud Architect,IT/Software,94,Prometheus,secondary
67,Cloud Architect,IT/Software,534,Serverless,secondary
67,Cloud Architect,IT/Software,92,ArgoCD,bonus
67,Cloud Architect,IT/Software,100,Git,bonus
67,Cloud Architect,IT/Software,99,Linux,bonus
68,AWS Solutions Architect,IT/Software,81,AWS,core
68,AWS Solutions Architect,IT/Software,84,Docker,core
68,AWS Solutions Architect,IT/Software,85,Kubernetes,core
68,AWS Solutions Architect,IT/Software,99,Linux,core
68,AWS Solutions Architect,IT/Software,534,Serverless,core
68,AWS Solutions Architect,IT/Software,525,System Design,core
68,AWS Solutions Architect,IT/Software,86,Terraform,core
68,AWS Solutions Architect,IT/Software,87,Ansible,secondary
68,AWS Solutions Architect,IT/Software,82,Azure,secondary
68,AWS Solutions Architect,IT/Software,83,Google Cloud,secondary
68,AWS Solutions Architect,IT/Software,88,Jenkins,secondary
68,AWS Solutions Architect,IT/Software,94,Prometheus,secondary
68,AWS Solutions Architect,IT/Software,92,ArgoCD,bonus
68,AWS Solutions Architect,IT/Software,100,Git,bonus
68,AWS Solutions Architect,IT/Software,93,Helm,bonus
69,Azure Developer,IT/Software,82,Azure,core
69,Azure Developer,IT/Software,5,C#,core
69,Azure Developer,IT/Software,84,Docker,core
69,Azure Developer,IT/Software,85,Kubernetes,core
69,Azure Developer,IT/Software,99,Linux,core
69,Azure Developer,IT/Software,525,System Design,core
69,Azure Developer,IT/Software,86,Terraform,core
69,Azure Developer,IT/Software,87,Ansible,secondary
69,Azure Developer,IT/Software,81,AWS,secondary
69,Azure Developer,IT/Software,83,Google Cloud,secondary
69,Azure Developer,IT/Software,88,Jenkins,secondary
69,Azure Developer,IT/Software,94,Prometheus,secondary
69,Azure Developer,IT/Software,92,ArgoCD,bonus
69,Azure Developer,IT/Software,100,Git,bonus
69,Azure Developer,IT/Software,93,Helm,bonus
70,Site Reliability Engineer,IT/Software,84,Docker,core
70,Site Reliability Engineer,IT/Software,95,Grafana,core
70,Site Reliability Engineer,IT/Software,85,Kubernetes,core
70,Site Reliability Engineer,IT/Software,99,Linux,core
70,Site Reliability Engineer,IT/Software,94,Prometheus,core
70,Site Reliability Engineer,IT/Software,525,System Design,core
70,Site Reliability Engineer,IT/Software,86,Terraform,core
70,Site Reliability Engineer,IT/Software,87,Ansible,secondary
70,Site Reliability Engineer,IT/Software,81,AWS,secondary
70,Site Reliability Engineer,IT/Software,82,Azure,secondary
70,Site Reliability Engineer,IT/Software,83,Google Cloud,secondary
70,Site Reliability Engineer,IT/Software,88,Jenkins,secondary
70,Site Reliability Engineer,IT/Software,92,ArgoCD,bonus
70,Site Reliability Engineer,IT/Software,96,ELK Stack,bonus
70,Site Reliability Engineer,IT/Software,100,Git,bonus
71,Database Administrator,IT/Software,68,Microsoft SQL Server,core
71,Database Administrator,IT/Software,70,MongoDB,core
71,Database Administrator,IT/Software,65,MySQL,core
71,Database Administrator,IT/Software,69,Oracle DB,core
71,Database Administrator,IT/Software,66,PostgreSQL,core
71,Database Administrator,IT/Software,80,SQL,core
71,Database Administrator,IT/Software,525,System Design,core
71,Database Administrator,IT/Software,72,Cassandra,secondary
71,Database Administrator,IT/Software,84,Docker,secondary
71,Database Administrator,IT/Software,73,DynamoDB,secondary
71,Database Administrator,IT/Software,71,Redis,secondary
71,Database Administrator,IT/Software,67,SQLite,secondary
71,Database Administrator,IT/Software,132,dbt,bonus
71,Database Administrator,IT/Software,74,Elasticsearch,bonus
71,Database Administrator,IT/Software,147,ETL,bonus
72,Data Engineer,IT/Software,131,Airflow,core
72,Data Engineer,IT/Software,128,Apache Spark,core
72,Data Engineer,IT/Software,147,ETL,core
72,Data Engineer,IT/Software,129,Hadoop,core
72,Data Engineer,IT/Software,130,Kafka,core
72,Data Engineer,IT/Software,1,Python,core
72,Data Engineer,IT/Software,80,SQL,core
72,Data Engineer,IT/Software,142,BigQuery,secondary
72,Data Engineer,IT/Software,70,MongoDB,secondary
72,Data Engineer,IT/Software,65,MySQL,secondary
72,Data Engineer,IT/Software,66,PostgreSQL,secondary
72,Data Engineer,IT/Software,141,Snowflake,secondary
72,Data Engineer,IT/Software,132,dbt,bonus
72,Data Engineer,IT/Software,84,Docker,bonus
72,Data Engineer,IT/Software,85,Kubernetes,bonus
73,QA Engineer,IT/Software,509,API Testing,core
73,QA Engineer,IT/Software,504,Cypress,core
73,QA Engineer,IT/Software,503,Jest,core
73,QA Engineer,IT/Software,501,Manual Testing,core
73,QA Engineer,IT/Software,505,Postman,core
73,QA Engineer,IT/Software,502,Selenium,core
73,QA Engineer,IT/Software,510,Test Case Writing,core
73,QA Engineer,IT/Software,366,Agile,secondary
73,QA Engineer,IT/Software,84,Docker,secondary
73,QA Engineer,IT/Software,6,JavaScript,secondary
73,QA Engineer,IT/Software,88,Jenkins,secondary
73,QA Engineer,IT/Software,1,Python,secondary
73,QA Engineer,IT/Software,506,JUnit,bonus
73,QA Engineer,IT/Software,508,Load Testing,bonus
73,QA Engineer,IT/Software,507,TestNG,bonus
74,Security Engineer,IT/Software,165,Cryptography,core
74,Security Engineer,IT/Software,162,Ethical Hacking,core
74,Security Engineer,IT/Software,99,Linux,core
74,Security Engineer,IT/Software,163,Network Security,core
74,Security Engineer,IT/Software,164,OWASP,core
74,Security Engineer,IT/Software,161,Penetration Testing,core
74,Security Engineer,IT/Software,525,System Design,core
74,Security Engineer,IT/Software,81,AWS,secondary
74,Security Engineer,IT/Software,82,Azure,secondary
74,Security Engineer,IT/Software,84,Docker,secondary
74,Security Engineer,IT/Software,170,ISO 27001,secondary
74,Security Engineer,IT/Software,85,Kubernetes,secondary
74,Security Engineer,IT/Software,166,SIEM,bonus
74,Security Engineer,IT/Software,167,Vulnerability Assessment,bonus
74,Security Engineer,IT/Software,172,Zero Trust Architecture,bonus
75,Cybersecurity Analyst,IT/Software,530,Computer Networks,core
75,Cybersecurity Analyst,IT/Software,162,Ethical Hacking,core
75,Cybersecurity Analyst,IT/Software,99,Linux,core
75,Cybersecurity Analyst,IT/Software,163,Network Security,core
75,Cybersecurity Analyst,IT/Software,161,Penetration Testing,core
75,Cybersecurity Analyst,IT/Software,169,SOC Operations,core
75,Cybersecurity Analyst,IT/Software,167,Vulnerability Assessment,core
75,Cybersecurity Analyst,IT/Software,81,AWS,secondary
75,Cybersecurity Analyst,IT/Software,165,Cryptography,secondary
75,Cybersecurity Analyst,IT/Software,171,GDPR Compliance,secondary
75,Cybersecurity Analyst,IT/Software,170,ISO 27001,secondary
75,Cybersecurity Analyst,IT/Software,164,OWASP,secondary
75,Cybersecurity Analyst,IT/Software,168,Firewalls,bonus
75,Cybersecurity Analyst,IT/Software,166,SIEM,bonus
75,Cybersecurity Analyst,IT/Software,172,Zero Trust Architecture,bonus
76,Penetration Tester,IT/Software,530,Computer Networks,core
76,Penetration Tester,IT/Software,165,Cryptography,core
76,Penetration Tester,IT/Software,162,Ethical Hacking,core
76,Penetration Tester,IT/Software,99,Linux,core
76,Penetration Tester,IT/Software,164,OWASP,core
76,Penetration Tester,IT/Software,161,Penetration Testing,core
76,Penetration Tester,IT/Software,167,Vulnerability Assessment,core
76,Penetration Tester,IT/Software,81,AWS,secondary
76,Penetration Tester,IT/Software,168,Firewalls,secondary
76,Penetration Tester,IT/Software,171,GDPR Compliance,secondary
76,Penetration Tester,IT/Software,170,ISO 27001,secondary
76,Penetration Tester,IT/Software,163,Network Security,secondary
76,Penetration Tester,IT/Software,19,Bash,bonus
76,Penetration Tester,IT/Software,166,SIEM,bonus
76,Penetration Tester,IT/Software,172,Zero Trust Architecture,bonus
77,Blockchain Developer,IT/Software,512,Ethereum,core
77,Blockchain Developer,IT/Software,100,Git,core
77,Blockchain Developer,IT/Software,6,JavaScript,core
77,Blockchain Developer,IT/Software,1,Python,core
77,Blockchain Developer,IT/Software,513,Smart Contracts,core
77,Blockchain Developer,IT/Software,511,Solidity,core
77,Blockchain Developer,IT/Software,514,Web3.js,core
77,Blockchain Developer,IT/Software,515,DeFi,secondary
77,Blockchain Developer,IT/Software,84,Docker,secondary
77,Blockchain Developer,IT/Software,517,Hyperledger,secondary
77,Blockchain Developer,IT/Software,516,NFTs,secondary
77,Blockchain Developer,IT/Software,80,SQL,secondary
77,Blockchain Developer,IT/Software,8,Go,bonus
77,Blockchain Developer,IT/Software,50,GraphQL,bonus
77,Blockchain Developer,IT/Software,9,Rust,bonus
78,Game Developer,IT/Software,521,3D Modeling,core
78,Game Developer,IT/Software,4,C++,core
78,Game Developer,IT/Software,520,Game Design,core
78,Game Developer,IT/Software,100,Git,core
78,Game Developer,IT/Software,6,JavaScript,core
78,Game Developer,IT/Software,518,Unity,core
78,Game Developer,IT/Software,519,Unreal Engine,core
78,Game Developer,IT/Software,524,AR/VR Development,secondary
78,Game Developer,IT/Software,182,Blender,secondary
78,Game Developer,IT/Software,84,Docker,secondary
78,Game Developer,IT/Software,522,Game Physics,secondary
78,Game Developer,IT/Software,523,Multiplayer Networking,secondary
78,Game Developer,IT/Software,3,C,bonus
78,Game Developer,IT/Software,22,Dart,bonus
78,Game Developer,IT/Software,8,Go,bonus
79,AR/VR Developer,IT/Software,521,3D Modeling,core
79,AR/VR Developer,IT/Software,524,AR/VR Development,core
79,AR/VR Developer,IT/Software,4,C++,core
79,AR/VR Developer,IT/Software,100,Git,core
79,AR/VR Developer,IT/Software,6,JavaScript,core
79,AR/VR Developer,IT/Software,518,Unity,core
79,AR/VR Developer,IT/Software,519,Unreal Engine,core
79,AR/VR Developer,IT/Software,182,Blender,secondary
79,AR/VR Developer,IT/Software,84,Docker,secondary
79,AR/VR Developer,IT/Software,522,Game Physics,secondary
79,AR/VR Developer,IT/Software,85,Kubernetes,secondary
79,AR/VR Developer,IT/Software,198,Motion Graphics,secondary
79,AR/VR Developer,IT/Software,3,C,bonus
79,AR/VR Developer,IT/Software,22,Dart,bonus
79,AR/VR Developer,IT/Software,8,Go,bonus
80,Embedded Systems Engineer,IT/Software,3,C,core
80,Embedded Systems Engineer,IT/Software,4,C++,core
80,Embedded Systems Engineer,IT/Software,319,Circuit Design,core
80,Embedded Systems Engineer,IT/Software,321,Embedded Systems,core
80,Embedded Systems Engineer,IT/Software,529,Operating Systems,core
80,Embedded Systems Engineer,IT/Software,17,Perl,core
80,Embedded Systems Engineer,IT/Software,317,PLC Programming,core
80,Embedded Systems Engineer,IT/Software,332,Control Systems,secondary
80,Embedded Systems Engineer,IT/Software,99,Linux,secondary
80,Embedded Systems Engineer,IT/Software,322,MATLAB Simulink,secondary
80,Embedded Systems Engineer,IT/Software,320,PCB Design,secondary
80,Embedded Systems Engineer,IT/Software,333,Robotics,secondary
80,Embedded Systems Engineer,IT/Software,313,ANSYS,bonus
80,Embedded Systems Engineer,IT/Software,330,Electrical Design,bonus
80,Embedded Systems Engineer,IT/Software,532,IoT,bonus
81,IoT Engineer,IT/Software,3,C,core
81,IoT Engineer,IT/Software,4,C++,core
81,IoT Engineer,IT/Software,321,Embedded Systems,core
81,IoT Engineer,IT/Software,532,IoT,core
81,IoT Engineer,IT/Software,99,Linux,core
81,IoT Engineer,IT/Software,317,PLC Programming,core
81,IoT Engineer,IT/Software,318,SCADA,core
81,IoT Engineer,IT/Software,84,Docker,secondary
81,IoT Engineer,IT/Software,330,Electrical Design,secondary
81,IoT Engineer,IT/Software,83,Google Cloud,secondary
81,IoT Engineer,IT/Software,85,Kubernetes,secondary
81,IoT Engineer,IT/Software,322,MATLAB Simulink,secondary
81,IoT Engineer,IT/Software,533,Edge Computing,bonus
81,IoT Engineer,IT/Software,94,Prometheus,bonus
81,IoT Engineer,IT/Software,86,Terraform,bonus
82,Systems Architect,IT/Software,528,Algorithms,core
82,Systems Architect,IT/Software,530,Computer Networks,core
82,Systems Architect,IT/Software,527,Data Structures,core
82,Systems Architect,IT/Software,526,Design Patterns,core
82,Systems Architect,IT/Software,84,Docker,core
82,Systems Architect,IT/Software,529,Operating Systems,core
82,Systems Architect,IT/Software,525,System Design,core
82,Systems Architect,IT/Software,81,AWS,secondary
82,Systems Architect,IT/Software,82,Azure,secondary
82,Systems Architect,IT/Software,85,Kubernetes,secondary
82,Systems Architect,IT/Software,65,MySQL,secondary
82,Systems Architect,IT/Software,86,Terraform,secondary
82,Systems Architect,IT/Software,100,Git,bonus
82,Systems Architect,IT/Software,99,Linux,bonus
82,Systems Architect,IT/Software,62,Microservices,bonus
83,Tech Lead,IT/Software,366,Agile,core
83,Tech Lead,IT/Software,527,Data Structures,core
83,Tech Lead,IT/Software,526,Design Patterns,core
83,Tech Lead,IT/Software,2,Java,core
83,Tech Lead,IT/Software,484,Leadership,core
83,Tech Lead,IT/Software,1,Python,core
83,Tech Lead,IT/Software,525,System Design,core
83,Tech Lead,IT/Software,84,Docker,secondary
83,Tech Lead,IT/Software,100,Git,secondary
83,Tech Lead,IT/Software,85,Kubernetes,secondary
83,Tech Lead,IT/Software,365,Project Management,secondary
83,Tech Lead,IT/Software,367,Scrum,secondary
83,Tech Lead,IT/Software,371,Confluence,bonus
83,Tech Lead,IT/Software,370,Jira,bonus
83,Tech Lead,IT/Software,492,Presentation Skills,bonus
84,Engineering Manager,IT/Software,366,Agile,core
84,Engineering Manager,IT/Software,484,Leadership,core
84,Engineering Manager,IT/Software,492,Presentation Skills,core
84,Engineering Manager,IT/Software,365,Project Management,core
84,Engineering Manager,IT/Software,367,Scrum,core
84,Engineering Manager,IT/Software,373,Strategic Planning,core
84,Engineering Manager,IT/Software,525,System Design,core
84,Engineering Manager,IT/Software,371,Confluence,secondary
84,Engineering Manager,IT/Software,84,Docker,secondary
84,Engineering Manager,IT/Software,100,Git,secondary
84,Engineering Manager,IT/Software,370,Jira,secondary
84,Engineering Manager,IT/Software,85,Kubernetes,secondary
84,Engineering Manager,IT/Software,374,Business Analysis,bonus
84,Engineering Manager,IT/Software,491,Negotiation,bonus
84,Engineering Manager,IT/Software,375,Stakeholder Management,bonus
85,CTO,IT/Software,366,Agile,core
85,CTO,IT/Software,374,Business Analysis,core
85,CTO,IT/Software,494,Decision Making,core
85,CTO,IT/Software,484,Leadership,core
85,CTO,IT/Software,365,Project Management,core
85,CTO,IT/Software,373,Strategic Planning,core
85,CTO,IT/Software,525,System Design,core
85,CTO,IT/Software,371,Confluence,secondary
85,CTO,IT/Software,84,Docker,secondary
85,CTO,IT/Software,100,Git,secondary
85,CTO,IT/Software,370,Jira,secondary
85,CTO,IT/Software,85,Kubernetes,secondary
85,CTO,IT/Software,491,Negotiation,bonus
85,CTO,IT/Software,375,Stakeholder Management,bonus
86,Software Architect,IT/Software,528,Algorithms,core
86,Software Architect,IT/Software,527,Data Structures,core
86,Software Architect,IT/Software,526,Design Patterns,core
86,Software Architect,IT/Software,84,Docker,core
86,Software Architect,IT/Software,2,Java,core
86,Software Architect,IT/Software,1,Python,core
86,Software Architect,IT/Software,525,System Design,core
86,Software Architect,IT/Software,85,Kubernetes,secondary
86,Software Architect,IT/Software,62,Microservices,secondary
86,Software Architect,IT/Software,65,MySQL,secondary
86,Software Architect,IT/Software,66,PostgreSQL,secondary
86,Software Architect,IT/Software,86,Terraform,secondary
86,Software Architect,IT/Software,100,Git,bonus
86,Software Architect,IT/Software,64,gRPC,bonus
86,Software Architect,IT/Software,99,Linux,bonus
87,API Developer,IT/Software,53,Django,core
87,API Developer,IT/Software,52,Express.js,core
87,API Developer,IT/Software,55,FastAPI,core
87,API Developer,IT/Software,51,Node.js,core
87,API Developer,IT/Software,1,Python,core
87,API Developer,IT/Software,61,REST API,core
87,API Developer,IT/Software,80,SQL,core
87,API Developer,IT/Software,84,Docker,secondary
87,API Developer,IT/Software,70,MongoDB,secondary
87,API Developer,IT/Software,65,MySQL,secondary
87,API Developer,IT/Software,66,PostgreSQL,secondary
87,API Developer,IT/Software,505,Postman,secondary
87,API Developer,IT/Software,535,API Gateway,bonus
87,API Developer,IT/Software,50,GraphQL,bonus
87,API Developer,IT/Software,64,gRPC,bonus
88,Microservices Developer,IT/Software,84,Docker,core
88,Microservices Developer,IT/Software,52,Express.js,core
88,Microservices Developer,IT/Software,85,Kubernetes,core
88,Microservices Developer,IT/Software,62,Microservices,core
88,Microservices Developer,IT/Software,51,Node.js,core
88,Microservices Developer,IT/Software,1,Python,core
88,Microservices Developer,IT/Software,61,REST API,core
88,Microservices Developer,IT/Software,130,Kafka,secondary
88,Microservices Developer,IT/Software,70,MongoDB,secondary
88,Microservices Developer,IT/Software,65,MySQL,secondary
88,Microservices Developer,IT/Software,66,PostgreSQL,secondary
88,Microservices Developer,IT/Software,86,Terraform,secondary
88,Microservices Developer,IT/Software,92,ArgoCD,bonus
88,Microservices Developer,IT/Software,64,gRPC,bonus
88,Microservices Developer,IT/Software,537,RabbitMQ,bonus
89,Golang Developer,IT/Software,84,Docker,core
89,Golang Developer,IT/Software,52,Express.js,core
89,Golang Developer,IT/Software,8,Go,core
89,Golang Developer,IT/Software,51,Node.js,core
89,Golang Developer,IT/Software,61,REST API,core
89,Golang Developer,IT/Software,80,SQL,core
89,Golang Developer,IT/Software,525,System Design,core
89,Golang Developer,IT/Software,85,Kubernetes,secondary
89,Golang Developer,IT/Software,62,Microservices,secondary
89,Golang Developer,IT/Software,65,MySQL,secondary
89,Golang Developer,IT/Software,66,PostgreSQL,secondary
89,Golang Developer,IT/Software,86,Terraform,secondary
89,Golang Developer,IT/Software,64,gRPC,bonus
89,Golang Developer,IT/Software,99,Linux,bonus
89,Golang Developer,IT/Software,94,Prometheus,bonus
90,Rust Developer,IT/Software,528,Algorithms,core
90,Rust Developer,IT/Software,3,C,core
90,Rust Developer,IT/Software,4,C++,core
90,Rust Developer,IT/Software,527,Data Structures,core
90,Rust Developer,IT/Software,99,Linux,core
90,Rust Developer,IT/Software,9,Rust,core
90,Rust Developer,IT/Software,525,System Design,core
90,Rust Developer,IT/Software,84,Docker,secondary
90,Rust Developer,IT/Software,85,Kubernetes,secondary
90,Rust Developer,IT/Software,65,MySQL,secondary
90,Rust Developer,IT/Software,529,Operating Systems,secondary
90,Rust Developer,IT/Software,61,REST API,secondary
90,Rust Developer,IT/Software,21,Assembly,bonus
90,Rust Developer,IT/Software,533,Edge Computing,bonus
90,Rust Developer,IT/Software,321,Embedded Systems,bonus
91,Kotlin Developer,IT/Software,527,Data Structures,core
91,Kotlin Developer,IT/Software,526,Design Patterns,core
91,Kotlin Developer,IT/Software,100,Git,core
91,Kotlin Developer,IT/Software,2,Java,core
91,Kotlin Developer,IT/Software,10,Kotlin,core
91,Kotlin Developer,IT/Software,56,Spring Boot,core
91,Kotlin Developer,IT/Software,80,SQL,core
91,Kotlin Developer,IT/Software,366,Agile,secondary
91,Kotlin Developer,IT/Software,84,Docker,secondary
91,Kotlin Developer,IT/Software,85,Kubernetes,secondary
91,Kotlin Developer,IT/Software,65,MySQL,secondary
91,Kotlin Developer,IT/Software,66,PostgreSQL,secondary
91,Kotlin Developer,IT/Software,153,Android Development,bonus
91,Kotlin Developer,IT/Software,157,Firebase SDK,bonus
91,Kotlin Developer,IT/Software,158,Play Store Deployment,bonus
92,Swift Developer,IT/Software,527,Data Structures,core
92,Swift Developer,IT/Software,526,Design Patterns,core
92,Swift Developer,IT/Software,100,Git,core
92,Swift Developer,IT/Software,154,iOS Development,core
92,Swift Developer,IT/Software,80,SQL,core
92,Swift Developer,IT/Software,11,Swift,core
92,Swift Developer,IT/Software,525,System Design,core
92,Swift Developer,IT/Software,366,Agile,secondary
92,Swift Developer,IT/Software,159,App Store Deployment,secondary
92,Swift Developer,IT/Software,84,Docker,secondary
92,Swift Developer,IT/Software,75,Firebase,secondary
92,Swift Developer,IT/Software,157,Firebase SDK,secondary
92,Swift Developer,IT/Software,175,Figma,bonus
92,Swift Developer,IT/Software,194,Prototyping,bonus
92,Swift Developer,IT/Software,63,WebSockets,bonus
93,PHP Developer,IT/Software,40,CSS,core
93,PHP Developer,IT/Software,39,HTML,core
93,PHP Developer,IT/Software,57,Laravel,core
93,PHP Developer,IT/Software,65,MySQL,core
93,PHP Developer,IT/Software,12,PHP,core
93,PHP Developer,IT/Software,61,REST API,core
93,PHP Developer,IT/Software,80,SQL,core
93,PHP Developer,IT/Software,84,Docker,secondary
93,PHP Developer,IT/Software,100,Git,secondary
93,PHP Developer,IT/Software,46,jQuery,secondary
93,PHP Developer,IT/Software,70,MongoDB,secondary
93,PHP Developer,IT/Software,66,PostgreSQL,secondary
93,PHP Developer,IT/Software,42,Bootstrap,bonus
93,PHP Developer,IT/Software,41,Sass,bonus
93,PHP Developer,IT/Software,86,Terraform,bonus
94,Ruby on Rails Developer,IT/Software,40,CSS,core
94,Ruby on Rails Developer,IT/Software,39,HTML,core
94,Ruby on Rails Developer,IT/Software,65,MySQL,core
94,Ruby on Rails Developer,IT/Software,61,REST API,core
94,Ruby on Rails Developer,IT/Software,13,Ruby,core
94,Ruby on Rails Developer,IT/Software,58,Ruby on Rails,core
94,Ruby on Rails Developer,IT/Software,80,SQL,core
94,Ruby on Rails Developer,IT/Software,84,Docker,secondary
94,Ruby on Rails Developer,IT/Software,100,Git,secondary
94,Ruby on Rails Developer,IT/Software,46,jQuery,secondary
94,Ruby on Rails Developer,IT/Software,70,MongoDB,secondary
94,Ruby on Rails Developer,IT/Software,66,PostgreSQL,secondary
94,Ruby on Rails Developer,IT/Software,42,Bootstrap,bonus
94,Ruby on Rails Developer,IT/Software,41,Sass,bonus
94,Ruby on Rails Developer,IT/Software,86,Terraform,bonus
95,Scala Developer,IT/Software,128,Apache Spark,core
95,Scala Developer,IT/Software,527,Data Structures,core
95,Scala Developer,IT/Software,526,Design Patterns,core
95,Scala Developer,IT/Software,2,Java,core
95,Scala Developer,IT/Software,14,Scala,core
95,Scala Developer,IT/Software,80,SQL,core
95,Scala Developer,IT/Software,525,System Design,core
95,Scala Developer,IT/Software,84,Docker,secondary
95,Scala Developer,IT/Software,130,Kafka,secondary
95,Scala Developer,IT/Software,85,Kubernetes,secondary
95,Scala Developer,IT/Software,65,MySQL,secondary
95,Scala Developer,IT/Software,66,PostgreSQL,secondary
95,Scala Developer,IT/Software,72,Cassandra,bonus
95,Scala Developer,IT/Software,8,Go,bonus
95,Scala Developer,IT/Software,24,Julia,bonus
96,Data Warehouse Engineer,IT/Software,142,BigQuery,core
96,Data Warehouse Engineer,IT/Software,147,ETL,core
96,Data Warehouse Engineer,IT/Software,65,MySQL,core
96,Data Warehouse Engineer,IT/Software,66,PostgreSQL,core
96,Data Warehouse Engineer,IT/Software,143,Redshift,core
96,Data Warehouse Engineer,IT/Software,141,Snowflake,core
96,Data Warehouse Engineer,IT/Software,80,SQL,core
96,Data Warehouse Engineer,IT/Software,131,Airflow,secondary
96,Data Warehouse Engineer,IT/Software,128,Apache Spark,secondary
96,Data Warehouse Engineer,IT/Software,132,dbt,secondary
96,Data Warehouse Engineer,IT/Software,129,Hadoop,secondary
96,Data Warehouse Engineer,IT/Software,1,Python,secondary
96,Data Warehouse Engineer,IT/Software,84,Docker,bonus
96,Data Warehouse Engineer,IT/Software,85,Kubernetes,bonus
96,Data Warehouse Engineer,IT/Software,134,Power BI,bonus
97,Platform Engineer,IT/Software,87,Ansible,core
97,Platform Engineer,IT/Software,84,Docker,core
97,Platform Engineer,IT/Software,85,Kubernetes,core
97,Platform Engineer,IT/Software,99,Linux,core
97,Platform Engineer,IT/Software,534,Serverless,core
97,Platform Engineer,IT/Software,525,System Design,core
97,Platform Engineer,IT/Software,86,Terraform,core
97,Platform Engineer,IT/Software,81,AWS,secondary
97,Platform Engineer,IT/Software,82,Azure,secondary
97,Platform Engineer,IT/Software,83,Google Cloud,secondary
97,Platform Engineer,IT/Software,95,Grafana,secondary
97,Platform Engineer,IT/Software,94,Prometheus,secondary
97,Platform Engineer,IT/Software,92,ArgoCD,bonus
97,Platform Engineer,IT/Software,100,Git,bonus
97,Platform Engineer,IT/Software,93,Helm,bonus
98,Network Engineer,IT/Software,530,Computer Networks,core
98,Network Engineer,IT/Software,84,Docker,core
98,Network Engineer,IT/Software,168,Firewalls,core
98,Network Engineer,IT/Software,99,Linux,core
98,Network Engineer,IT/Software,163,Network Security,core
98,Network Engineer,IT/Software,97,Nginx,core
98,Network Engineer,IT/Software,525,System Design,core
98,Network Engineer,IT/Software,87,Ansible,secondary
98,Network Engineer,IT/Software,81,AWS,secondary
98,Network Engineer,IT/Software,82,Azure,secondary
98,Network Engineer,IT/Software,83,Google Cloud,secondary
98,Network Engineer,IT/Software,94,Prometheus,secondary
98,Network Engineer,IT/Software,100,Git,bonus
98,Network Engineer,IT/Software,17,Perl,bonus
98,Network Engineer,IT/Software,86,Terraform,bonus
99,Systems Administrator,IT/Software,87,Ansible,core
99,Systems Administrator,IT/Software,98,Apache,core
99,Systems Administrator,IT/Software,530,Computer Networks,core
99,Systems Administrator,IT/Software,84,Docker,core
99,Systems Administrator,IT/Software,99,Linux,core
99,Systems Administrator,IT/Software,97,Nginx,core
99,Systems Administrator,IT/Software,529,Operating Systems,core
99,Systems Administrator,IT/Software,81,AWS,secondary
99,Systems Administrator,IT/Software,82,Azure,secondary
99,Systems Administrator,IT/Software,83,Google Cloud,secondary
99,Systems Administrator,IT/Software,94,Prometheus,secondary
99,Systems Administrator,IT/Software,86,Terraform,secondary
99,Systems Administrator,IT/Software,19,Bash,bonus
99,Systems Administrator,IT/Software,17,Perl,bonus
99,Systems Administrator,IT/Software,20,PowerShell,bonus
100,IT Support Specialist,IT/Software,483,Communication,core
100,IT Support Specialist,IT/Software,530,Computer Networks,core
100,IT Support Specialist,IT/Software,424,Customer Service,core
100,IT Support Specialist,IT/Software,84,Docker,core
100,IT Support Specialist,IT/Software,99,Linux,core
100,IT Support Specialist,IT/Software,97,Nginx,core
100,IT Support Specialist,IT/Software,529,Operating Systems,core
100,IT Support Specialist,IT/Software,81,AWS,secondary
100,IT Support Specialist,IT/Software,82,Azure,secondary
100,IT Support Specialist,IT/Software,83,Google Cloud,secondary
100,IT Support Specialist,IT/Software,17,Perl,secondary
100,IT Support Specialist,IT/Software,86,Terraform,secondary
100,IT Support Specialist,IT/Software,19,Bash,bonus
100,IT Support Specialist,IT/Software,500,Multitasking,bonus
100,IT Support Specialist,IT/Software,20,PowerShell,bonus
101,UI Developer,IT/Software,40,CSS,core
101,UI Developer,IT/Software,175,Figma,core
101,UI Developer,IT/Software,39,HTML,core
101,UI Developer,IT/Software,6,JavaScript,core
101,UI Developer,IT/Software,7,TypeScript,core
101,UI Developer,IT/Software,191,UI Design,core
101,UI Developer,IT/Software,193,Wireframing,core
101,UI Developer,IT/Software,37,Angular,secondary
101,UI Developer,IT/Software,42,Bootstrap,secondary
101,UI Developer,IT/Software,36,React,secondary
101,UI Developer,IT/Software,41,Sass,secondary
101,UI Developer,IT/Software,38,Vue.js,secondary
101,UI Developer,IT/Software,44,Next.js,bonus
101,UI Developer,IT/Software,194,Prototyping,bonus
101,UI Developer,IT/Software,43,Tailwind CSS,bonus
102,UX Designer,IT/Software,483,Communication,core
102,UX Designer,IT/Software,498,Creativity,core
102,UX Designer,IT/Software,175,Figma,core
102,UX Designer,IT/Software,194,Prototyping,core
102,UX Designer,IT/Software,191,UI Design,core
102,UX Designer,IT/Software,192,UX Research,core
102,UX Designer,IT/Software,193,Wireframing,core
102,UX Designer,IT/Software,177,Adobe XD,secondary
102,UX Designer,IT/Software,196,Color Theory,secondary
102,UX Designer,IT/Software,486,Problem Solving,secondary
102,UX Designer,IT/Software,176,Sketch,secondary
102,UX Designer,IT/Software,195,Typography,secondary
102,UX Designer,IT/Software,39,HTML,bonus
102,UX Designer,IT/Software,400,Photography,bonus
102,UX Designer,IT/Software,36,React,bonus
103,UI/UX Designer,IT/Software,498,Creativity,core
103,UI/UX Designer,IT/Software,175,Figma,core
103,UI/UX Designer,IT/Software,194,Prototyping,core
103,UI/UX Designer,IT/Software,176,Sketch,core
103,UI/UX Designer,IT/Software,191,UI Design,core
103,UI/UX Designer,IT/Software,192,UX Research,core
103,UI/UX Designer,IT/Software,193,Wireframing,core
103,UI/UX Designer,IT/Software,177,Adobe XD,secondary
103,UI/UX Designer,IT/Software,196,Color Theory,secondary
103,UI/UX Designer,IT/Software,40,CSS,secondary
103,UI/UX Designer,IT/Software,39,HTML,secondary
103,UI/UX Designer,IT/Software,195,Typography,secondary
103,UI/UX Designer,IT/Software,37,Angular,bonus
103,UI/UX Designer,IT/Software,400,Photography,bonus
103,UI/UX Designer,IT/Software,36,React,bonus
104,Product Designer,IT/Software,498,Creativity,core
104,Product Designer,IT/Software,175,Figma,core
104,Product Designer,IT/Software,194,Prototyping,core
104,Product Designer,IT/Software,176,Sketch,core
104,Product Designer,IT/Software,191,UI Design,core
104,Product Designer,IT/Software,192,UX Research,core
104,Product Designer,IT/Software,193,Wireframing,core
104,Product Designer,IT/Software,177,Adobe XD,secondary
104,Product Designer,IT/Software,196,Color Theory,secondary
104,Product Designer,IT/Software,40,CSS,secondary
104,Product Designer,IT/Software,39,HTML,secondary
104,Product Designer,IT/Software,195,Typography,secondary
104,Product Designer,IT/Software,374,Business Analysis,bonus
104,Product Designer,IT/Software,307,Product Marketing,bonus
105,Technical Writer,IT/Software,483,Communication,core
105,Technical Writer,IT/Software,40,CSS,core
105,Technical Writer,IT/Software,100,Git,core
105,Technical Writer,IT/Software,39,HTML,core
105,Technical Writer,IT/Software,492,Presentation Skills,core
105,Technical Writer,IT/Software,414,Proofreading,core
105,Technical Writer,IT/Software,413,Technical Writing,core
105,Technical Writer,IT/Software,84,Docker,secondary
105,Technical Writer,IT/Software,265,Google Classroom,secondary
105,Technical Writer,IT/Software,277,Instructional Design,secondary
105,Technical Writer,IT/Software,6,JavaScript,secondary
105,Technical Writer,IT/Software,1,Python,secondary
105,Technical Writer,IT/Software,412,Blogging,bonus
105,Technical Writer,IT/Software,301,Copywriting,bonus
105,Technical Writer,IT/Software,175,Figma,bonus
106,Scrum Master,IT/Software,366,Agile,core
106,Scrum Master,IT/Software,371,Confluence,core
106,Scrum Master,IT/Software,370,Jira,core
106,Scrum Master,IT/Software,484,Leadership,core
106,Scrum Master,IT/Software,365,Project Management,core
106,Scrum Master,IT/Software,367,Scrum,core
106,Scrum Master,IT/Software,375,Stakeholder Management,core
106,Scrum Master,IT/Software,84,Docker,secondary
106,Scrum Master,IT/Software,6,JavaScript,secondary
106,Scrum Master,IT/Software,85,Kubernetes,secondary
106,Scrum Master,IT/Software,1,Python,secondary
106,Scrum Master,IT/Software,373,Strategic Planning,secondary
106,Scrum Master,IT/Software,368,PMP,bonus
106,Scrum Master,IT/Software,492,Presentation Skills,bonus
106,Scrum Master,IT/Software,369,PRINCE2,bonus
107,Product Manager,IT/Software,366,Agile,core
107,Product Manager,IT/Software,374,Business Analysis,core
107,Product Manager,IT/Software,484,Leadership,core
107,Product Manager,IT/Software,307,Product Marketing,core
107,Product Manager,IT/Software,365,Project Management,core
107,Product Manager,IT/Software,375,Stakeholder Management,core
107,Product Manager,IT/Software,373,Strategic Planning,core
107,Product Manager,IT/Software,84,Docker,secondary
107,Product Manager,IT/Software,6,JavaScript,secondary
107,Product Manager,IT/Software,370,Jira,secondary
107,Product Manager,IT/Software,85,Kubernetes,secondary
107,Product Manager,IT/Software,1,Python,secondary
107,Product Manager,IT/Software,368,PMP,bonus
107,Product Manager,IT/Software,492,Presentation Skills,bonus
107,Product Manager,IT/Software,369,PRINCE2,bonus
108,IT Project Manager,IT/Software,366,Agile,core
108,IT Project Manager,IT/Software,374,Business Analysis,core
108,IT Project Manager,IT/Software,484,Leadership,core
108,IT Project Manager,IT/Software,368,PMP,core
108,IT Project Manager,IT/Software,365,Project Management,core
108,IT Project Manager,IT/Software,375,Stakeholder Management,core
108,IT Project Manager,IT/Software,373,Strategic Planning,core
108,IT Project Manager,IT/Software,84,Docker,secondary
108,IT Project Manager,IT/Software,6,JavaScript,secondary
108,IT Project Manager,IT/Software,370,Jira,secondary
108,IT Project Manager,IT/Software,85,Kubernetes,secondary
108,IT Project Manager,IT/Software,1,Python,secondary
108,IT Project Manager,IT/Software,371,Confluence,bonus
108,IT Project Manager,IT/Software,492,Presentation Skills,bonus
108,IT Project Manager,IT/Software,369,PRINCE2,bonus
109,Enterprise Architect,IT/Software,81,AWS,core
109,Enterprise Architect,IT/Software,82,Azure,core
109,Enterprise Architect,IT/Software,374,Business Analysis,core
109,Enterprise Architect,IT/Software,526,Design Patterns,core
109,Enterprise Architect,IT/Software,83,Google Cloud,core
109,Enterprise Architect,IT/Software,373,Strategic Planning,core
109,Enterprise Architect,IT/Software,525,System Design,core
109,Enterprise Architect,IT/Software,84,Docker,secondary
109,Enterprise Architect,IT/Software,85,Kubernetes,secondary
109,Enterprise Architect,IT/Software,65,MySQL,secondary
109,Enterprise Architect,IT/Software,66,PostgreSQL,secondary
109,Enterprise Architect,IT/Software,86,Terraform,secondary
109,Enterprise Architect,IT/Software,64,gRPC,bonus
109,Enterprise Architect,IT/Software,62,Microservices,bonus
110,Solutions Engineer,IT/Software,81,AWS,core
110,Solutions Engineer,IT/Software,82,Azure,core
110,Solutions Engineer,IT/Software,374,Business Analysis,core
110,Solutions Engineer,IT/Software,526,Design Patterns,core
110,Solutions Engineer,IT/Software,83,Google Cloud,core
110,Solutions Engineer,IT/Software,61,REST API,core
110,Solutions Engineer,IT/Software,525,System Design,core
110,Solutions Engineer,IT/Software,84,Docker,secondary
110,Solutions Engineer,IT/Software,85,Kubernetes,secondary
110,Solutions Engineer,IT/Software,65,MySQL,secondary
110,Solutions Engineer,IT/Software,66,PostgreSQL,secondary
110,Solutions Engineer,IT/Software,86,Terraform,secondary
110,Solutions Engineer,IT/Software,64,gRPC,bonus
110,Solutions Engineer,IT/Software,62,Microservices,bonus
110,Solutions Engineer,IT/Software,492,Presentation Skills,bonus
111,Integration Developer,IT/Software,535,API Gateway,core
111,Integration Developer,IT/Software,52,Express.js,core
111,Integration Developer,IT/Software,536,Message Queues,core
111,Integration Developer,IT/Software,51,Node.js,core
111,Integration Developer,IT/Software,537,RabbitMQ,core
111,Integration Developer,IT/Software,61,REST API,core
111,Integration Developer,IT/Software,80,SQL,core
111,Integration Developer,IT/Software,84,Docker,secondary
111,Integration Developer,IT/Software,130,Kafka,secondary
111,Integration Developer,IT/Software,70,MongoDB,secondary
111,Integration Developer,IT/Software,65,MySQL,secondary
111,Integration Developer,IT/Software,66,PostgreSQL,secondary
111,Integration Developer,IT/Software,147,ETL,bonus
111,Integration Developer,IT/Software,64,gRPC,bonus
111,Integration Developer,IT/Software,86,Terraform,bonus
112,ERP Consultant,IT/Software,374,Business Analysis,core
112,ERP Consultant,IT/Software,483,Communication,core
112,ERP Consultant,IT/Software,68,Microsoft SQL Server,core
112,ERP Consultant,IT/Software,365,Project Management,core
112,ERP Consultant,IT/Software,206,SAP FICO,core
112,ERP Consultant,IT/Software,353,SAP HR,core
112,ERP Consultant,IT/Software,80,SQL,core
112,ERP Consultant,IT/Software,84,Docker,secondary
112,ERP Consultant,IT/Software,85,Kubernetes,secondary
112,ERP Consultant,IT/Software,65,MySQL,secondary
112,ERP Consultant,IT/Software,66,PostgreSQL,secondary
112,ERP Consultant,IT/Software,86,Terraform,secondary
112,ERP Consultant,IT/Software,64,gRPC,bonus
112,ERP Consultant,IT/Software,62,Microservices,bonus
112,ERP Consultant,IT/Software,492,Presentation Skills,bonus
113,Salesforce Developer,IT/Software,366,Agile,core
113,Salesforce Developer,IT/Software,374,Business Analysis,core
113,Salesforce Developer,IT/Software,6,JavaScript,core
113,Salesforce Developer,IT/Software,1,Python,core
113,Salesforce Developer,IT/Software,61,REST API,core
113,Salesforce Developer,IT/Software,294,Salesforce,core
113,Salesforce Developer,IT/Software,80,SQL,core
113,Salesforce Developer,IT/Software,84,Docker,secondary
113,Salesforce Developer,IT/Software,293,HubSpot,secondary
113,Salesforce Developer,IT/Software,85,Kubernetes,secondary
113,Salesforce Developer,IT/Software,65,MySQL,secondary
113,Salesforce Developer,IT/Software,66,PostgreSQL,secondary
113,Salesforce Developer,IT/Software,52,Express.js,bonus
113,Salesforce Developer,IT/Software,50,GraphQL,bonus
113,Salesforce Developer,IT/Software,309,Podcast Marketing,bonus
114,SAP Developer,IT/Software,374,Business Analysis,core
114,SAP Developer,IT/Software,2,Java,core
114,SAP Developer,IT/Software,68,Microsoft SQL Server,core
114,SAP Developer,IT/Software,365,Project Management,core
114,SAP Developer,IT/Software,206,SAP FICO,core
114,SAP Developer,IT/Software,353,SAP HR,core
114,SAP Developer,IT/Software,80,SQL,core
114,SAP Developer,IT/Software,84,Docker,secondary
114,SAP Developer,IT/Software,85,Kubernetes,secondary
114,SAP Developer,IT/Software,65,MySQL,secondary
114,SAP Developer,IT/Software,66,PostgreSQL,secondary
114,SAP Developer,IT/Software,86,Terraform,secondary
114,SAP Developer,IT/Software,64,gRPC,bonus
114,SAP Developer,IT/Software,62,Microservices,bonus
114,SAP Developer,IT/Software,492,Presentation Skills,bonus
115,Test Automation Engineer,IT/Software,509,API Testing,core
115,Test Automation Engineer,IT/Software,504,Cypress,core
115,Test Automation Engineer,IT/Software,6,JavaScript,core
115,Test Automation Engineer,IT/Software,503,Jest,core
115,Test Automation Engineer,IT/Software,505,Postman,core
115,Test Automation Engineer,IT/Software,1,Python,core
115,Test Automation Engineer,IT/Software,502,Selenium,core
115,Test Automation Engineer,IT/Software,366,Agile,secondary
115,Test Automation Engineer,IT/Software,84,Docker,secondary
115,Test Automation Engineer,IT/Software,88,Jenkins,secondary
115,Test Automation Engineer,IT/Software,85,Kubernetes,secondary
115,Test Automation Engineer,IT/Software,367,Scrum,secondary
115,Test Automation Engineer,IT/Software,506,JUnit,bonus
115,Test Automation Engineer,IT/Software,508,Load Testing,bonus
115,Test Automation Engineer,IT/Software,507,TestNG,bonus
116,Performance Engineer,IT/Software,84,Docker,core
116,Performance Engineer,IT/Software,503,Jest,core
116,Performance Engineer,IT/Software,99,Linux,core
116,Performance Engineer,IT/Software,508,Load Testing,core
116,Performance Engineer,IT/Software,505,Postman,core
116,Performance Engineer,IT/Software,502,Selenium,core
116,Performance Engineer,IT/Software,525,System Design,core
116,Performance Engineer,IT/Software,95,Grafana,secondary
116,Performance Engineer,IT/Software,85,Kubernetes,secondary
116,Performance Engineer,IT/Software,94,Prometheus,secondary
116,Performance Engineer,IT/Software,367,Scrum,secondary
116,Performance Engineer,IT/Software,86,Terraform,secondary
116,Performance Engineer,IT/Software,6,JavaScript,bonus
116,Performance Engineer,IT/Software,88,Jenkins,bonus
116,Performance Engineer,IT/Software,1,Python,bonus
117,Low Code Developer,IT/Software,366,Agile,core
117,Low Code Developer,IT/Software,374,Business Analysis,core
117,Low Code Developer,IT/Software,483,Communication,core
117,Low Code Developer,IT/Software,39,HTML,core
117,Low Code Developer,IT/Software,6,JavaScript,core
117,Low Code Developer,IT/Software,61,REST API,core
117,Low Code Developer,IT/Software,80,SQL,core
117,Low Code Developer,IT/Software,84,Docker,secondary
117,Low Code Developer,IT/Software,293,HubSpot,secondary
117,Low Code Developer,IT/Software,85,Kubernetes,secondary
117,Low Code Developer,IT/Software,65,MySQL,secondary
117,Low Code Developer,IT/Software,66,PostgreSQL,secondary
117,Low Code Developer,IT/Software,175,Figma,bonus
117,Low Code Developer,IT/Software,191,UI Design,bonus
117,Low Code Developer,IT/Software,192,UX Research,bonus
118,WordPress Developer,IT/Software,40,CSS,core
118,WordPress Developer,IT/Software,39,HTML,core
118,WordPress Developer,IT/Software,6,JavaScript,core
118,WordPress Developer,IT/Software,65,MySQL,core
118,WordPress Developer,IT/Software,12,PHP,core
118,WordPress Developer,IT/Software,61,REST API,core
118,WordPress Developer,IT/Software,80,SQL,core
118,WordPress Developer,IT/Software,42,Bootstrap,secondary
118,WordPress Developer,IT/Software,46,jQuery,secondary
118,WordPress Developer,IT/Software,173,Photoshop,secondary
118,WordPress Developer,IT/Software,41,Sass,secondary
118,WordPress Developer,IT/Software,43,Tailwind CSS,secondary
118,WordPress Developer,IT/Software,291,Content Marketing,bonus
118,WordPress Developer,IT/Software,175,Figma,bonus
118,WordPress Developer,IT/Software,286,SEO,bonus
119,Shopify Developer,IT/Software,40,CSS,core
119,Shopify Developer,IT/Software,39,HTML,core
119,Shopify Developer,IT/Software,6,JavaScript,core
119,Shopify Developer,IT/Software,65,MySQL,core
119,Shopify Developer,IT/Software,12,PHP,core
119,Shopify Developer,IT/Software,61,REST API,core
119,Shopify Developer,IT/Software,80,SQL,core
119,Shopify Developer,IT/Software,42,Bootstrap,secondary
119,Shopify Developer,IT/Software,46,jQuery,secondary
119,Shopify Developer,IT/Software,173,Photoshop,secondary
119,Shopify Developer,IT/Software,41,Sass,secondary
119,Shopify Developer,IT/Software,43,Tailwind CSS,secondary
119,Shopify Developer,IT/Software,291,Content Marketing,bonus
119,Shopify Developer,IT/Software,175,Figma,bonus
119,Shopify Developer,IT/Software,286,SEO,bonus
120,Computer Vision Engineer,IT/Software,117,Computer Vision,core
120,Computer Vision Engineer,IT/Software,106,OpenCV,core
120,Computer Vision Engineer,IT/Software,126,Pandas,core
120,Computer Vision Engineer,IT/Software,1,Python,core
120,Computer Vision Engineer,IT/Software,102,PyTorch,core
120,Computer Vision Engineer,IT/Software,103,Scikit-learn,core
120,Computer Vision Engineer,IT/Software,101,TensorFlow,core
120,Computer Vision Engineer,IT/Software,115,Deep Learning,secondary
120,Computer Vision Engineer,IT/Software,84,Docker,secondary
120,Computer Vision Engineer,IT/Software,104,Keras,secondary
120,Computer Vision Engineer,IT/Software,85,Kubernetes,secondary
120,Computer Vision Engineer,IT/Software,127,NumPy,secondary
120,Computer Vision Engineer,IT/Software,140,Databricks,bonus
120,Computer Vision Engineer,IT/Software,149,Feature Engineering,bonus
120,Computer Vision Engineer,IT/Software,116,NLP,bonus
121,NLP Engineer,IT/Software,116,NLP,core
121,NLP Engineer,IT/Software,107,NLTK,core
121,NLP Engineer,IT/Software,1,Python,core
121,NLP Engineer,IT/Software,102,PyTorch,core
121,NLP Engineer,IT/Software,108,SpaCy,core
121,NLP Engineer,IT/Software,101,TensorFlow,core
121,NLP Engineer,IT/Software,120,Transformer Models,core
121,NLP Engineer,IT/Software,121,BERT,secondary
121,NLP Engineer,IT/Software,122,GPT,secondary
121,NLP Engineer,IT/Software,127,NumPy,secondary
121,NLP Engineer,IT/Software,126,Pandas,secondary
121,NLP Engineer,IT/Software,103,Scikit-learn,secondary
121,NLP Engineer,IT/Software,149,Feature Engineering,bonus
121,NLP Engineer,IT/Software,105,Hugging Face,bonus
121,NLP Engineer,IT/Software,109,LangChain,bonus
122,MLOps Engineer,IT/Software,131,Airflow,core
122,MLOps Engineer,IT/Software,552,CI/CD,core
122,MLOps Engineer,IT/Software,84,Docker,core
122,MLOps Engineer,IT/Software,85,Kubernetes,core
122,MLOps Engineer,IT/Software,124,MLflow,core
122,MLOps Engineer,IT/Software,547,MLOps,core
122,MLOps Engineer,IT/Software,1,Python,core
122,MLOps Engineer,IT/Software,81,AWS,secondary
122,MLOps Engineer,IT/Software,554,GCP,secondary
122,MLOps Engineer,IT/Software,556,SageMaker,secondary
122,MLOps Engineer,IT/Software,86,Terraform,secondary
122,MLOps Engineer,IT/Software,546,DVC,bonus
122,MLOps Engineer,IT/Software,95,Grafana,bonus
122,MLOps Engineer,IT/Software,545,Kubeflow,bonus
122,MLOps Engineer,IT/Software,94,Prometheus,bonus
123,Data Platform Engineer,IT/Software,128,Apache Spark,core
123,Data Platform Engineer,IT/Software,147,ETL,core
123,Data Platform Engineer,IT/Software,129,Hadoop,core
123,Data Platform Engineer,IT/Software,130,Kafka,core
123,Data Platform Engineer,IT/Software,1,Python,core
123,Data Platform Engineer,IT/Software,141,Snowflake,core
123,Data Platform Engineer,IT/Software,80,SQL,core
123,Data Platform Engineer,IT/Software,84,Docker,secondary
123,Data Platform Engineer,IT/Software,85,Kubernetes,secondary
123,Data Platform Engineer,IT/Software,65,MySQL,secondary
123,Data Platform Engineer,IT/Software,66,PostgreSQL,secondary
123,Data Platform Engineer,IT/Software,86,Terraform,secondary
123,Data Platform Engineer,IT/Software,92,ArgoCD,bonus
123,Data Platform Engineer,IT/Software,140,Databricks,bonus
123,Data Platform Engineer,IT/Software,94,Prometheus,bonus
124,Search Engineer,IT/Software,74,Elasticsearch,core
124,Search Engineer,IT/Software,65,MySQL,core
124,Search Engineer,IT/Software,66,PostgreSQL,core
124,Search Engineer,IT/Software,1,Python,core
124,Search Engineer,IT/Software,61,REST API,core
124,Search Engineer,IT/Software,80,SQL,core
124,Search Engineer,IT/Software,525,System Design,core
124,Search Engineer,IT/Software,128,Apache Spark,secondary
124,Search Engineer,IT/Software,84,Docker,secondary
124,Search Engineer,IT/Software,129,Hadoop,secondary
124,Search Engineer,IT/Software,130,Kafka,secondary
124,Search Engineer,IT/Software,85,Kubernetes,secondary
124,Search Engineer,IT/Software,147,ETL,bonus
124,Search Engineer,IT/Software,70,MongoDB,bonus
124,Search Engineer,IT/Software,71,Redis,bonus
125,Compiler Engineer,IT/Software,528,Algorithms,core
125,Compiler Engineer,IT/Software,3,C,core
125,Compiler Engineer,IT/Software,4,C++,core
125,Compiler Engineer,IT/Software,531,Compiler Design,core
125,Compiler Engineer,IT/Software,527,Data Structures,core
125,Compiler Engineer,IT/Software,1,Python,core
125,Compiler Engineer,IT/Software,525,System Design,core
125,Compiler Engineer,IT/Software,21,Assembly,secondary
125,Compiler Engineer,IT/Software,529,Operating Systems,secondary
125,Compiler Engineer,IT/Software,17,Perl,secondary
125,Compiler Engineer,IT/Software,9,Rust,secondary
125,Compiler Engineer,IT/Software,14,Scala,secondary
125,Compiler Engineer,IT/Software,100,Git,bonus
125,Compiler Engineer,IT/Software,8,Go,bonus
125,Compiler Engineer,IT/Software,24,Julia,bonus
126,Firmware Engineer,IT/Software,3,C,core
126,Firmware Engineer,IT/Software,4,C++,core
126,Firmware Engineer,IT/Software,321,Embedded Systems,core
126,Firmware Engineer,IT/Software,532,IoT,core
126,Firmware Engineer,IT/Software,99,Linux,core
126,Firmware Engineer,IT/Software,529,Operating Systems,core
126,Firmware Engineer,IT/Software,317,PLC Programming,core
126,Firmware Engineer,IT/Software,319,Circuit Design,secondary
126,Firmware Engineer,IT/Software,330,Electrical Design,secondary
126,Firmware Engineer,IT/Software,322,MATLAB Simulink,secondary
126,Firmware Engineer,IT/Software,320,PCB Design,secondary
126,Firmware Engineer,IT/Software,313,ANSYS,bonus
126,Firmware Engineer,IT/Software,81,AWS,bonus
126,Firmware Engineer,IT/Software,333,Robotics,bonus
127,VLSI Design Engineer,IT/Software,3,C,core
127,VLSI Design Engineer,IT/Software,319,Circuit Design,core
127,VLSI Design Engineer,IT/Software,527,Data Structures,core
127,VLSI Design Engineer,IT/Software,321,Embedded Systems,core
127,VLSI Design Engineer,IT/Software,16,MATLAB,core
127,VLSI Design Engineer,IT/Software,529,Operating Systems,core
127,VLSI Design Engineer,IT/Software,320,PCB Design,core
127,VLSI Design Engineer,IT/Software,313,ANSYS,secondary
127,VLSI Design Engineer,IT/Software,4,C++,secondary
127,VLSI Design Engineer,IT/Software,330,Electrical Design,secondary
127,VLSI Design Engineer,IT/Software,100,Git,secondary
127,VLSI Design Engineer,IT/Software,322,MATLAB Simulink,secondary
127,VLSI Design Engineer,IT/Software,21,Assembly,bonus
127,VLSI Design Engineer,IT/Software,531,Compiler Design,bonus
127,VLSI Design Engineer,IT/Software,333,Robotics,bonus
128,Quantum Computing Researcher,IT/Software,528,Algorithms,core
128,Quantum Computing Researcher,IT/Software,527,Data Structures,core
128,Quantum Computing Researcher,IT/Software,24,Julia,core
128,Quantum Computing Researcher,IT/Software,1,Python,core
128,Quantum Computing Researcher,IT/Software,15,R,core
128,Quantum Computing Researcher,IT/Software,144,Statistics,core
128,Quantum Computing Researcher,IT/Software,525,System Design,core
128,Quantum Computing Researcher,IT/Software,127,NumPy,secondary
128,Quantum Computing Researcher,IT/Software,126,Pandas,secondary
128,Quantum Computing Researcher,IT/Software,102,PyTorch,secondary
128,Quantum Computing Researcher,IT/Software,103,Scikit-learn,secondary
128,Quantum Computing Researcher,IT/Software,101,TensorFlow,secondary
128,Quantum Computing Researcher,IT/Software,8,Go,bonus
128,Quantum Computing Researcher,IT/Software,9,Rust,bonus
129,Software Development Engineer in Test,IT/Software,509,API Testing,core
129,Software Development Engineer in Test,IT/Software,504,Cypress,core
129,Software Development Engineer in Test,IT/Software,100,Git,core
129,Software Development Engineer in Test,IT/Software,503,Jest,core
129,Software Development Engineer in Test,IT/Software,501,Manual Testing,core
129,Software Development Engineer in Test,IT/Software,1,Python,core
129,Software Development Engineer in Test,IT/Software,502,Selenium,core
129,Software Development Engineer in Test,IT/Software,366,Agile,secondary
129,Software Development Engineer in Test,IT/Software,84,Docker,secondary
129,Software Development Engineer in Test,IT/Software,88,Jenkins,secondary
129,Software Development Engineer in Test,IT/Software,85,Kubernetes,secondary
129,Software Development Engineer in Test,IT/Software,367,Scrum,secondary
129,Software Development Engineer in Test,IT/Software,506,JUnit,bonus
129,Software Development Engineer in Test,IT/Software,508,Load Testing,bonus
129,Software Development Engineer in Test,IT/Software,507,TestNG,bonus
130,Staff Engineer,IT/Software,366,Agile,core
130,Staff Engineer,IT/Software,374,Business Analysis,core
130,Staff Engineer,IT/Software,527,Data Structures,core
130,Staff Engineer,IT/Software,526,Design Patterns,core
130,Staff Engineer,IT/Software,484,Leadership,core
130,Staff Engineer,IT/Software,373,Strategic Planning,core
130,Staff Engineer,IT/Software,525,System Design,core
130,Staff Engineer,IT/Software,371,Confluence,secondary
130,Staff Engineer,IT/Software,84,Docker,secondary
130,Staff Engineer,IT/Software,100,Git,secondary
130,Staff Engineer,IT/Software,370,Jira,secondary
130,Staff Engineer,IT/Software,85,Kubernetes,secondary
130,Staff Engineer,IT/Software,491,Negotiation,bonus
130,Staff Engineer,IT/Software,368,PMP,bonus
130,Staff Engineer,IT/Software,365,Project Management,bonus
131,Data Scientist,Data/AI/ML,539,Machine Learning,core
131,Data Scientist,Data/AI/ML,127,NumPy,core
131,Data Scientist,Data/AI/ML,126,Pandas,core
131,Data Scientist,Data/AI/ML,1,Python,core
131,Data Scientist,Data/AI/ML,103,Scikit-learn,core
131,Data Scientist,Data/AI/ML,80,SQL,core
131,Data Scientist,Data/AI/ML,144,Statistics,core
131,Data Scientist,Data/AI/ML,146,Data Visualization,secondary
131,Data Scientist,Data/AI/ML,149,Feature Engineering,secondary
131,Data Scientist,Data/AI/ML,139,Jupyter,secondary
131,Data Scientist,Data/AI/ML,102,PyTorch,secondary
131,Data Scientist,Data/AI/ML,15,R,secondary
131,Data Scientist,Data/AI/ML,101,TensorFlow,secondary
131,Data Scientist,Data/AI/ML,150,A/B Testing,bonus
131,Data Scientist,Data/AI/ML,128,Apache Spark,bonus
131,Data Scientist,Data/AI/ML,115,Deep Learning,bonus
131,Data Scientist,Data/AI/ML,116,NLP,bonus
131,Data Scientist,Data/AI/ML,133,Tableau,bonus
132,Machine Learning Engineer,Data/AI/ML,84,Docker,core
132,Machine Learning Engineer,Data/AI/ML,539,Machine Learning,core
132,Machine Learning Engineer,Data/AI/ML,1,Python,core
132,Machine Learning Engineer,Data/AI/ML,61,REST API,core
132,Machine Learning Engineer,Data/AI/ML,103,Scikit-learn,core
132,Machine Learning Engineer,Data/AI/ML,80,SQL,core
132,Machine Learning Engineer,Data/AI/ML,101,TensorFlow,core
132,Machine Learning Engineer,Data/AI/ML,81,AWS,secondary
132,Machine Learning Engineer,Data/AI/ML,552,CI/CD,secondary
132,Machine Learning Engineer,Data/AI/ML,149,Feature Engineering,secondary
132,Machine Learning Engineer,Data/AI/ML,85,Kubernetes,secondary
132,Machine Learning Engineer,Data/AI/ML,124,MLflow,secondary
132,Machine Learning Engineer,Data/AI/ML,102,PyTorch,secondary
132,Machine Learning Engineer,Data/AI/ML,128,Apache Spark,bonus
132,Machine Learning Engineer,Data/AI/ML,115,Deep Learning,bonus
132,Machine Learning Engineer,Data/AI/ML,130,Kafka,bonus
132,Machine Learning Engineer,Data/AI/ML,801,ONNX,bonus
133,AI Research Scientist,Data/AI/ML,121,BERT,core
133,AI Research Scientist,Data/AI/ML,115,Deep Learning,core
133,AI Research Scientist,Data/AI/ML,1,Python,core
133,AI Research Scientist,Data/AI/ML,102,PyTorch,core
133,AI Research Scientist,Data/AI/ML,144,Statistics,core
133,AI Research Scientist,Data/AI/ML,101,TensorFlow,core
133,AI Research Scientist,Data/AI/ML,120,Transformer Models,core
133,AI Research Scientist,Data/AI/ML,105,Hugging Face,secondary
133,AI Research Scientist,Data/AI/ML,104,Keras,secondary
133,AI Research Scientist,Data/AI/ML,127,NumPy,secondary
133,AI Research Scientist,Data/AI/ML,126,Pandas,secondary
133,AI Research Scientist,Data/AI/ML,103,Scikit-learn,secondary
133,AI Research Scientist,Data/AI/ML,122,GPT,bonus
133,AI Research Scientist,Data/AI/ML,24,Julia,bonus
133,AI Research Scientist,Data/AI/ML,15,R,bonus
134,Deep Learning Engineer,Data/AI/ML,115,Deep Learning,core
134,Deep Learning Engineer,Data/AI/ML,149,Feature Engineering,core
134,Deep Learning Engineer,Data/AI/ML,104,Keras,core
134,Deep Learning Engineer,Data/AI/ML,114,Neural Networks,core
134,Deep Learning Engineer,Data/AI/ML,1,Python,core
134,Deep Learning Engineer,Data/AI/ML,102,PyTorch,core
134,Deep Learning Engineer,Data/AI/ML,101,TensorFlow,core
134,Deep Learning Engineer,Data/AI/ML,117,Computer Vision,secondary
134,Deep Learning Engineer,Data/AI/ML,116,NLP,secondary
134,Deep Learning Engineer,Data/AI/ML,127,NumPy,secondary
134,Deep Learning Engineer,Data/AI/ML,126,Pandas,secondary
134,Deep Learning Engineer,Data/AI/ML,103,Scikit-learn,secondary
134,Deep Learning Engineer,Data/AI/ML,140,Databricks,bonus
134,Deep Learning Engineer,Data/AI/ML,105,Hugging Face,bonus
134,Deep Learning Engineer,Data/AI/ML,120,Transformer Models,bonus
135,NLP Scientist,Data/AI/ML,121,BERT,core
135,NLP Scientist,Data/AI/ML,122,GPT,core
135,NLP Scientist,Data/AI/ML,116,NLP,core
135,NLP Scientist,Data/AI/ML,107,NLTK,core
135,NLP Scientist,Data/AI/ML,1,Python,core
135,NLP Scientist,Data/AI/ML,108,SpaCy,core
135,NLP Scientist,Data/AI/ML,120,Transformer Models,core
135,NLP Scientist,Data/AI/ML,127,NumPy,secondary
135,NLP Scientist,Data/AI/ML,126,Pandas,secondary
135,NLP Scientist,Data/AI/ML,102,PyTorch,secondary
135,NLP Scientist,Data/AI/ML,103,Scikit-learn,secondary
135,NLP Scientist,Data/AI/ML,101,TensorFlow,secondary
135,NLP Scientist,Data/AI/ML,149,Feature Engineering,bonus
135,NLP Scientist,Data/AI/ML,105,Hugging Face,bonus
135,NLP Scientist,Data/AI/ML,109,LangChain,bonus
136,Computer Vision Scientist,Data/AI/ML,117,Computer Vision,core
136,Computer Vision Scientist,Data/AI/ML,115,Deep Learning,core
136,Computer Vision Scientist,Data/AI/ML,104,Keras,core
136,Computer Vision Scientist,Data/AI/ML,106,OpenCV,core
136,Computer Vision Scientist,Data/AI/ML,1,Python,core
136,Computer Vision Scientist,Data/AI/ML,102,PyTorch,core
136,Computer Vision Scientist,Data/AI/ML,101,TensorFlow,core
136,Computer Vision Scientist,Data/AI/ML,149,Feature Engineering,secondary
136,Computer Vision Scientist,Data/AI/ML,127,NumPy,secondary
136,Computer Vision Scientist,Data/AI/ML,126,Pandas,secondary
136,Computer Vision Scientist,Data/AI/ML,103,Scikit-learn,secondary
136,Computer Vision Scientist,Data/AI/ML,120,Transformer Models,secondary
136,Computer Vision Scientist,Data/AI/ML,140,Databricks,bonus
136,Computer Vision Scientist,Data/AI/ML,119,GANs,bonus
136,Computer Vision Scientist,Data/AI/ML,105,Hugging Face,bonus
137,Data Analyst,Data/AI/ML,772,Data Analysis,core
137,Data Analyst,Data/AI/ML,137,Excel,core
137,Data Analyst,Data/AI/ML,134,Power BI,core
137,Data Analyst,Data/AI/ML,1,Python,core
137,Data Analyst,Data/AI/ML,80,SQL,core
137,Data Analyst,Data/AI/ML,144,Statistics,core
137,Data Analyst,Data/AI/ML,133,Tableau,core
137,Data Analyst,Data/AI/ML,799,Business Intelligence,secondary
137,Data Analyst,Data/AI/ML,146,Data Visualization,secondary
137,Data Analyst,Data/AI/ML,126,Pandas,secondary
137,Data Analyst,Data/AI/ML,15,R,secondary
137,Data Analyst,Data/AI/ML,699,Reporting,secondary
137,Data Analyst,Data/AI/ML,147,ETL,bonus
137,Data Analyst,Data/AI/ML,135,Looker,bonus
137,Data Analyst,Data/AI/ML,539,Machine Learning,bonus
137,Data Analyst,Data/AI/ML,141,Snowflake,bonus
138,Business Intelligence Analyst,Data/AI/ML,146,Data Visualization,core
138,Business Intelligence Analyst,Data/AI/ML,137,Excel,core
138,Business Intelligence Analyst,Data/AI/ML,134,Power BI,core
138,Business Intelligence Analyst,Data/AI/ML,1,Python,core
138,Business Intelligence Analyst,Data/AI/ML,80,SQL,core
138,Business Intelligence Analyst,Data/AI/ML,144,Statistics,core
138,Business Intelligence Analyst,Data/AI/ML,133,Tableau,core
138,Business Intelligence Analyst,Data/AI/ML,128,Apache Spark,secondary
138,Business Intelligence Analyst,Data/AI/ML,135,Looker,secondary
138,Business Intelligence Analyst,Data/AI/ML,136,Metabase,secondary
138,Business Intelligence Analyst,Data/AI/ML,65,MySQL,secondary
138,Business Intelligence Analyst,Data/AI/ML,66,PostgreSQL,secondary
138,Business Intelligence Analyst,Data/AI/ML,142,BigQuery,bonus
138,Business Intelligence Analyst,Data/AI/ML,147,ETL,bonus
138,Business Intelligence Analyst,Data/AI/ML,141,Snowflake,bonus
139,Data Architect,Data/AI/ML,142,BigQuery,core
139,Data Architect,Data/AI/ML,147,ETL,core
139,Data Architect,Data/AI/ML,65,MySQL,core
139,Data Architect,Data/AI/ML,66,PostgreSQL,core
139,Data Architect,Data/AI/ML,143,Redshift,core
139,Data Architect,Data/AI/ML,141,Snowflake,core
139,Data Architect,Data/AI/ML,80,SQL,core
139,Data Architect,Data/AI/ML,131,Airflow,secondary
139,Data Architect,Data/AI/ML,128,Apache Spark,secondary
139,Data Architect,Data/AI/ML,132,dbt,secondary
139,Data Architect,Data/AI/ML,129,Hadoop,secondary
139,Data Architect,Data/AI/ML,130,Kafka,secondary
139,Data Architect,Data/AI/ML,84,Docker,bonus
139,Data Architect,Data/AI/ML,85,Kubernetes,bonus
139,Data Architect,Data/AI/ML,1,Python,bonus
140,Analytics Engineer,Data/AI/ML,132,dbt,core
140,Analytics Engineer,Data/AI/ML,147,ETL,core
140,Analytics Engineer,Data/AI/ML,127,NumPy,core
140,Analytics Engineer,Data/AI/ML,126,Pandas,core
140,Analytics Engineer,Data/AI/ML,1,Python,core
140,Analytics Engineer,Data/AI/ML,141,Snowflake,core
140,Analytics Engineer,Data/AI/ML,80,SQL,core
140,Analytics Engineer,Data/AI/ML,148,Data Wrangling,secondary
140,Analytics Engineer,Data/AI/ML,139,Jupyter,secondary
140,Analytics Engineer,Data/AI/ML,134,Power BI,secondary
140,Analytics Engineer,Data/AI/ML,144,Statistics,secondary
140,Analytics Engineer,Data/AI/ML,133,Tableau,secondary
140,Analytics Engineer,Data/AI/ML,142,BigQuery,bonus
140,Analytics Engineer,Data/AI/ML,65,MySQL,bonus
140,Analytics Engineer,Data/AI/ML,143,Redshift,bonus
141,Quantitative Analyst,Data/AI/ML,772,Data Analysis,core
141,Quantitative Analyst,Data/AI/ML,137,Excel,core
141,Quantitative Analyst,Data/AI/ML,199,Financial Modeling,core
141,Quantitative Analyst,Data/AI/ML,592,Mathematics,core
141,Quantitative Analyst,Data/AI/ML,1,Python,core
141,Quantitative Analyst,Data/AI/ML,203,Risk Management,core
141,Quantitative Analyst,Data/AI/ML,144,Statistics,core
141,Quantitative Analyst,Data/AI/ML,218,Derivatives,secondary
141,Quantitative Analyst,Data/AI/ML,773,Econometrics,secondary
141,Quantitative Analyst,Data/AI/ML,539,Machine Learning,secondary
141,Quantitative Analyst,Data/AI/ML,16,MATLAB,secondary
141,Quantitative Analyst,Data/AI/ML,15,R,secondary
141,Quantitative Analyst,Data/AI/ML,80,SQL,secondary
141,Quantitative Analyst,Data/AI/ML,204,Bloomberg Terminal,bonus
141,Quantitative Analyst,Data/AI/ML,202,Portfolio Management,bonus
141,Quantitative Analyst,Data/AI/ML,774,Stochastic Calculus,bonus
142,Risk Data Analyst,Data/AI/ML,127,NumPy,core
142,Risk Data Analyst,Data/AI/ML,126,Pandas,core
142,Risk Data Analyst,Data/AI/ML,145,Probability,core
142,Risk Data Analyst,Data/AI/ML,1,Python,core
142,Risk Data Analyst,Data/AI/ML,203,Risk Management,core
142,Risk Data Analyst,Data/AI/ML,80,SQL,core
142,Risk Data Analyst,Data/AI/ML,144,Statistics,core
142,Risk Data Analyst,Data/AI/ML,111,LightGBM,secondary
142,Risk Data Analyst,Data/AI/ML,134,Power BI,secondary
142,Risk Data Analyst,Data/AI/ML,103,Scikit-learn,secondary
142,Risk Data Analyst,Data/AI/ML,133,Tableau,secondary
142,Risk Data Analyst,Data/AI/ML,110,XGBoost,secondary
142,Risk Data Analyst,Data/AI/ML,247,Biostatistics,bonus
142,Risk Data Analyst,Data/AI/ML,204,Bloomberg Terminal,bonus
142,Risk Data Analyst,Data/AI/ML,218,Derivatives,bonus
143,AI Product Manager,Data/AI/ML,374,Business Analysis,core
143,AI Product Manager,Data/AI/ML,484,Leadership,core
143,AI Product Manager,Data/AI/ML,307,Product Marketing,core
143,AI Product Manager,Data/AI/ML,102,PyTorch,core
143,AI Product Manager,Data/AI/ML,103,Scikit-learn,core
143,AI Product Manager,Data/AI/ML,373,Strategic Planning,core
143,AI Product Manager,Data/AI/ML,101,TensorFlow,core
143,AI Product Manager,Data/AI/ML,366,Agile,secondary
143,AI Product Manager,Data/AI/ML,84,Docker,secondary
143,AI Product Manager,Data/AI/ML,85,Kubernetes,secondary
143,AI Product Manager,Data/AI/ML,1,Python,secondary
143,AI Product Manager,Data/AI/ML,367,Scrum,secondary
143,AI Product Manager,Data/AI/ML,370,Jira,bonus
143,AI Product Manager,Data/AI/ML,492,Presentation Skills,bonus
144,Prompt Engineer,Data/AI/ML,483,Communication,core
144,Prompt Engineer,Data/AI/ML,122,GPT,core
144,Prompt Engineer,Data/AI/ML,105,Hugging Face,core
144,Prompt Engineer,Data/AI/ML,109,LangChain,core
144,Prompt Engineer,Data/AI/ML,116,NLP,core
144,Prompt Engineer,Data/AI/ML,492,Presentation Skills,core
144,Prompt Engineer,Data/AI/ML,1,Python,core
144,Prompt Engineer,Data/AI/ML,121,BERT,secondary
144,Prompt Engineer,Data/AI/ML,301,Copywriting,secondary
144,Prompt Engineer,Data/AI/ML,102,PyTorch,secondary
144,Prompt Engineer,Data/AI/ML,101,TensorFlow,secondary
144,Prompt Engineer,Data/AI/ML,120,Transformer Models,secondary
144,Prompt Engineer,Data/AI/ML,50,GraphQL,bonus
144,Prompt Engineer,Data/AI/ML,6,JavaScript,bonus
145,AI Ethics Researcher,Data/AI/ML,483,Communication,core
145,AI Ethics Researcher,Data/AI/ML,1,Python,core
145,AI Ethics Researcher,Data/AI/ML,102,PyTorch,core
145,AI Ethics Researcher,Data/AI/ML,496,Research Skills,core
145,AI Ethics Researcher,Data/AI/ML,103,Scikit-learn,core
145,AI Ethics Researcher,Data/AI/ML,144,Statistics,core
145,AI Ethics Researcher,Data/AI/ML,101,TensorFlow,core
145,AI Ethics Researcher,Data/AI/ML,121,BERT,secondary
145,AI Ethics Researcher,Data/AI/ML,105,Hugging Face,secondary
145,AI Ethics Researcher,Data/AI/ML,109,LangChain,secondary
145,AI Ethics Researcher,Data/AI/ML,116,NLP,secondary
145,AI Ethics Researcher,Data/AI/ML,120,Transformer Models,secondary
145,AI Ethics Researcher,Data/AI/ML,480,Advocacy,bonus
145,AI Ethics Researcher,Data/AI/ML,477,Counselling,bonus
145,AI Ethics Researcher,Data/AI/ML,474,Social Research,bonus
146,Reinforcement Learning Engineer,Data/AI/ML,115,Deep Learning,core
146,Reinforcement Learning Engineer,Data/AI/ML,149,Feature Engineering,core
146,Reinforcement Learning Engineer,Data/AI/ML,1,Python,core
146,Reinforcement Learning Engineer,Data/AI/ML,102,PyTorch,core
146,Reinforcement Learning Engineer,Data/AI/ML,118,Reinforcement Learning,core
146,Reinforcement Learning Engineer,Data/AI/ML,103,Scikit-learn,core
146,Reinforcement Learning Engineer,Data/AI/ML,101,TensorFlow,core
146,Reinforcement Learning Engineer,Data/AI/ML,104,Keras,secondary
146,Reinforcement Learning Engineer,Data/AI/ML,127,NumPy,secondary
146,Reinforcement Learning Engineer,Data/AI/ML,126,Pandas,secondary
146,Reinforcement Learning Engineer,Data/AI/ML,145,Probability,secondary
146,Reinforcement Learning Engineer,Data/AI/ML,144,Statistics,secondary
146,Reinforcement Learning Engineer,Data/AI/ML,8,Go,bonus
146,Reinforcement Learning Engineer,Data/AI/ML,105,Hugging Face,bonus
146,Reinforcement Learning Engineer,Data/AI/ML,24,Julia,bonus
147,Recommendation Systems Engineer,Data/AI/ML,149,Feature Engineering,core
147,Recommendation Systems Engineer,Data/AI/ML,111,LightGBM,core
147,Recommendation Systems Engineer,Data/AI/ML,127,NumPy,core
147,Recommendation Systems Engineer,Data/AI/ML,126,Pandas,core
147,Recommendation Systems Engineer,Data/AI/ML,1,Python,core
147,Recommendation Systems Engineer,Data/AI/ML,103,Scikit-learn,core
147,Recommendation Systems Engineer,Data/AI/ML,110,XGBoost,core
147,Recommendation Systems Engineer,Data/AI/ML,104,Keras,secondary
147,Recommendation Systems Engineer,Data/AI/ML,145,Probability,secondary
147,Recommendation Systems Engineer,Data/AI/ML,102,PyTorch,secondary
147,Recommendation Systems Engineer,Data/AI/ML,144,Statistics,secondary
147,Recommendation Systems Engineer,Data/AI/ML,101,TensorFlow,secondary
147,Recommendation Systems Engineer,Data/AI/ML,74,Elasticsearch,bonus
147,Recommendation Systems Engineer,Data/AI/ML,105,Hugging Face,bonus
147,Recommendation Systems Engineer,Data/AI/ML,71,Redis,bonus
148,Speech Recognition Engineer,Data/AI/ML,115,Deep Learning,core
148,Speech Recognition Engineer,Data/AI/ML,116,NLP,core
148,Speech Recognition Engineer,Data/AI/ML,107,NLTK,core
148,Speech Recognition Engineer,Data/AI/ML,1,Python,core
148,Speech Recognition Engineer,Data/AI/ML,102,PyTorch,core
148,Speech Recognition Engineer,Data/AI/ML,108,SpaCy,core
148,Speech Recognition Engineer,Data/AI/ML,101,TensorFlow,core
148,Speech Recognition Engineer,Data/AI/ML,104,Keras,secondary
148,Speech Recognition Engineer,Data/AI/ML,127,NumPy,secondary
148,Speech Recognition Engineer,Data/AI/ML,126,Pandas,secondary
148,Speech Recognition Engineer,Data/AI/ML,103,Scikit-learn,secondary
148,Speech Recognition Engineer,Data/AI/ML,120,Transformer Models,secondary
148,Speech Recognition Engineer,Data/AI/ML,121,BERT,bonus
148,Speech Recognition Engineer,Data/AI/ML,122,GPT,bonus
148,Speech Recognition Engineer,Data/AI/ML,105,Hugging Face,bonus
149,Time Series Analyst,Data/AI/ML,127,NumPy,core
149,Time Series Analyst,Data/AI/ML,126,Pandas,core
149,Time Series Analyst,Data/AI/ML,145,Probability,core
149,Time Series Analyst,Data/AI/ML,1,Python,core
149,Time Series Analyst,Data/AI/ML,15,R,core
149,Time Series Analyst,Data/AI/ML,103,Scikit-learn,core
149,Time Series Analyst,Data/AI/ML,144,Statistics,core
149,Time Series Analyst,Data/AI/ML,139,Jupyter,secondary
149,Time Series Analyst,Data/AI/ML,111,LightGBM,secondary
149,Time Series Analyst,Data/AI/ML,134,Power BI,secondary
149,Time Series Analyst,Data/AI/ML,133,Tableau,secondary
149,Time Series Analyst,Data/AI/ML,110,XGBoost,secondary
149,Time Series Analyst,Data/AI/ML,24,Julia,bonus
149,Time Series Analyst,Data/AI/ML,16,MATLAB,bonus
149,Time Series Analyst,Data/AI/ML,141,Snowflake,bonus
150,MLOps Architect,Data/AI/ML,131,Airflow,core
150,MLOps Architect,Data/AI/ML,552,CI/CD,core
150,MLOps Architect,Data/AI/ML,84,Docker,core
150,MLOps Architect,Data/AI/ML,85,Kubernetes,core
150,MLOps Architect,Data/AI/ML,547,MLOps,core
150,MLOps Architect,Data/AI/ML,1,Python,core
150,MLOps Architect,Data/AI/ML,81,AWS,secondary
150,MLOps Architect,Data/AI/ML,554,GCP,secondary
150,MLOps Architect,Data/AI/ML,124,MLflow,secondary
150,MLOps Architect,Data/AI/ML,556,SageMaker,secondary
150,MLOps Architect,Data/AI/ML,86,Terraform,secondary
150,MLOps Architect,Data/AI/ML,557,Vertex AI,secondary
150,MLOps Architect,Data/AI/ML,546,DVC,bonus
150,MLOps Architect,Data/AI/ML,130,Kafka,bonus
150,MLOps Architect,Data/AI/ML,545,Kubeflow,bonus
151,Data Science Manager,Data/AI/ML,374,Business Analysis,core
151,Data Science Manager,Data/AI/ML,484,Leadership,core
151,Data Science Manager,Data/AI/ML,365,Project Management,core
151,Data Science Manager,Data/AI/ML,1,Python,core
151,Data Science Manager,Data/AI/ML,102,PyTorch,core
151,Data Science Manager,Data/AI/ML,373,Strategic Planning,core
151,Data Science Manager,Data/AI/ML,101,TensorFlow,core
151,Data Science Manager,Data/AI/ML,366,Agile,secondary
151,Data Science Manager,Data/AI/ML,127,NumPy,secondary
151,Data Science Manager,Data/AI/ML,126,Pandas,secondary
151,Data Science Manager,Data/AI/ML,103,Scikit-learn,secondary
151,Data Science Manager,Data/AI/ML,367,Scrum,secondary
151,Data Science Manager,Data/AI/ML,370,Jira,bonus
151,Data Science Manager,Data/AI/ML,491,Negotiation,bonus
151,Data Science Manager,Data/AI/ML,492,Presentation Skills,bonus
152,Chief Data Officer,Data/AI/ML,374,Business Analysis,core
152,Chief Data Officer,Data/AI/ML,494,Decision Making,core
152,Chief Data Officer,Data/AI/ML,484,Leadership,core
152,Chief Data Officer,Data/AI/ML,365,Project Management,core
152,Chief Data Officer,Data/AI/ML,1,Python,core
152,Chief Data Officer,Data/AI/ML,373,Strategic Planning,core
152,Chief Data Officer,Data/AI/ML,101,TensorFlow,core
152,Chief Data Officer,Data/AI/ML,366,Agile,secondary
152,Chief Data Officer,Data/AI/ML,127,NumPy,secondary
152,Chief Data Officer,Data/AI/ML,126,Pandas,secondary
152,Chief Data Officer,Data/AI/ML,102,PyTorch,secondary
152,Chief Data Officer,Data/AI/ML,103,Scikit-learn,secondary
152,Chief Data Officer,Data/AI/ML,370,Jira,bonus
152,Chief Data Officer,Data/AI/ML,491,Negotiation,bonus
152,Chief Data Officer,Data/AI/ML,492,Presentation Skills,bonus
153,Geospatial Data Analyst,Data/AI/ML,438,GIS Mapping,core
153,Geospatial Data Analyst,Data/AI/ML,127,NumPy,core
153,Geospatial Data Analyst,Data/AI/ML,126,Pandas,core
153,Geospatial Data Analyst,Data/AI/ML,1,Python,core
153,Geospatial Data Analyst,Data/AI/ML,439,Remote Sensing,core
153,Geospatial Data Analyst,Data/AI/ML,80,SQL,core
153,Geospatial Data Analyst,Data/AI/ML,144,Statistics,core
153,Geospatial Data Analyst,Data/AI/ML,146,Data Visualization,secondary
153,Geospatial Data Analyst,Data/AI/ML,148,Data Wrangling,secondary
153,Geospatial Data Analyst,Data/AI/ML,134,Power BI,secondary
153,Geospatial Data Analyst,Data/AI/ML,103,Scikit-learn,secondary
153,Geospatial Data Analyst,Data/AI/ML,133,Tableau,secondary
153,Geospatial Data Analyst,Data/AI/ML,139,Jupyter,bonus
153,Geospatial Data Analyst,Data/AI/ML,15,R,bonus
154,Clinical Data Analyst,Data/AI/ML,247,Biostatistics,core
154,Clinical Data Analyst,Data/AI/ML,246,Epidemiology,core
154,Clinical Data Analyst,Data/AI/ML,127,NumPy,core
154,Clinical Data Analyst,Data/AI/ML,126,Pandas,core
154,Clinical Data Analyst,Data/AI/ML,245,Public Health,core
154,Clinical Data Analyst,Data/AI/ML,1,Python,core
154,Clinical Data Analyst,Data/AI/ML,144,Statistics,core
154,Clinical Data Analyst,Data/AI/ML,230,Electronic Health Records,secondary
154,Clinical Data Analyst,Data/AI/ML,229,Medical Coding,secondary
154,Clinical Data Analyst,Data/AI/ML,134,Power BI,secondary
154,Clinical Data Analyst,Data/AI/ML,80,SQL,secondary
154,Clinical Data Analyst,Data/AI/ML,133,Tableau,secondary
154,Clinical Data Analyst,Data/AI/ML,139,Jupyter,bonus
154,Clinical Data Analyst,Data/AI/ML,248,Medical Writing,bonus
154,Clinical Data Analyst,Data/AI/ML,103,Scikit-learn,bonus
155,Financial Data Analyst,Data/AI/ML,199,Financial Modeling,core
155,Financial Data Analyst,Data/AI/ML,201,Investment Analysis,core
155,Financial Data Analyst,Data/AI/ML,127,NumPy,core
155,Financial Data Analyst,Data/AI/ML,126,Pandas,core
155,Financial Data Analyst,Data/AI/ML,1,Python,core
155,Financial Data Analyst,Data/AI/ML,80,SQL,core
155,Financial Data Analyst,Data/AI/ML,144,Statistics,core
155,Financial Data Analyst,Data/AI/ML,148,Data Wrangling,secondary
155,Financial Data Analyst,Data/AI/ML,137,Excel,secondary
155,Financial Data Analyst,Data/AI/ML,134,Power BI,secondary
155,Financial Data Analyst,Data/AI/ML,103,Scikit-learn,secondary
155,Financial Data Analyst,Data/AI/ML,133,Tableau,secondary
155,Financial Data Analyst,Data/AI/ML,204,Bloomberg Terminal,bonus
155,Financial Data Analyst,Data/AI/ML,218,Derivatives,bonus
155,Financial Data Analyst,Data/AI/ML,141,Snowflake,bonus
156,Marketing Data Analyst,Data/AI/ML,300,Consumer Behavior,core
156,Marketing Data Analyst,Data/AI/ML,299,Market Research,core
156,Marketing Data Analyst,Data/AI/ML,127,NumPy,core
156,Marketing Data Analyst,Data/AI/ML,126,Pandas,core
156,Marketing Data Analyst,Data/AI/ML,1,Python,core
156,Marketing Data Analyst,Data/AI/ML,80,SQL,core
156,Marketing Data Analyst,Data/AI/ML,144,Statistics,core
156,Marketing Data Analyst,Data/AI/ML,148,Data Wrangling,secondary
156,Marketing Data Analyst,Data/AI/ML,137,Excel,secondary
156,Marketing Data Analyst,Data/AI/ML,134,Power BI,secondary
156,Marketing Data Analyst,Data/AI/ML,103,Scikit-learn,secondary
156,Marketing Data Analyst,Data/AI/ML,133,Tableau,secondary
156,Marketing Data Analyst,Data/AI/ML,150,A/B Testing,bonus
156,Marketing Data Analyst,Data/AI/ML,287,SEM,bonus
156,Marketing Data Analyst,Data/AI/ML,286,SEO,bonus
157,Sports Data Analyst,Data/AI/ML,127,NumPy,core
157,Sports Data Analyst,Data/AI/ML,126,Pandas,core
157,Sports Data Analyst,Data/AI/ML,1,Python,core
157,Sports Data Analyst,Data/AI/ML,103,Scikit-learn,core
157,Sports Data Analyst,Data/AI/ML,471,Sports Analytics,core
157,Sports Data Analyst,Data/AI/ML,80,SQL,core
157,Sports Data Analyst,Data/AI/ML,144,Statistics,core
157,Sports Data Analyst,Data/AI/ML,146,Data Visualization,secondary
157,Sports Data Analyst,Data/AI/ML,148,Data Wrangling,secondary
157,Sports Data Analyst,Data/AI/ML,137,Excel,secondary
157,Sports Data Analyst,Data/AI/ML,134,Power BI,secondary
157,Sports Data Analyst,Data/AI/ML,133,Tableau,secondary
157,Sports Data Analyst,Data/AI/ML,461,Athletic Training,bonus
157,Sports Data Analyst,Data/AI/ML,465,Game Strategy,bonus
157,Sports Data Analyst,Data/AI/ML,15,R,bonus
158,Social Media Data Analyst,Data/AI/ML,127,NumPy,core
158,Social Media Data Analyst,Data/AI/ML,126,Pandas,core
158,Social Media Data Analyst,Data/AI/ML,1,Python,core
158,Social Media Data Analyst,Data/AI/ML,103,Scikit-learn,core
158,Social Media Data Analyst,Data/AI/ML,296,Social Media Management,core
158,Social Media Data Analyst,Data/AI/ML,80,SQL,core
158,Social Media Data Analyst,Data/AI/ML,144,Statistics,core
158,Social Media Data Analyst,Data/AI/ML,146,Data Visualization,secondary
158,Social Media Data Analyst,Data/AI/ML,148,Data Wrangling,secondary
158,Social Media Data Analyst,Data/AI/ML,137,Excel,secondary
158,Social Media Data Analyst,Data/AI/ML,134,Power BI,secondary
158,Social Media Data Analyst,Data/AI/ML,133,Tableau,secondary
158,Social Media Data Analyst,Data/AI/ML,289,Facebook Ads,bonus
158,Social Media Data Analyst,Data/AI/ML,287,SEM,bonus
158,Social Media Data Analyst,Data/AI/ML,286,SEO,bonus
159,Environmental Data Scientist,Data/AI/ML,445,Climate Science,core
159,Environmental Data Scientist,Data/AI/ML,438,GIS Mapping,core
159,Environmental Data Scientist,Data/AI/ML,127,NumPy,core
159,Environmental Data Scientist,Data/AI/ML,126,Pandas,core
159,Environmental Data Scientist,Data/AI/ML,1,Python,core
159,Environmental Data Scientist,Data/AI/ML,439,Remote Sensing,core
159,Environmental Data Scientist,Data/AI/ML,144,Statistics,core
159,Environmental Data Scientist,Data/AI/ML,146,Data Visualization,secondary
159,Environmental Data Scientist,Data/AI/ML,148,Data Wrangling,secondary
159,Environmental Data Scientist,Data/AI/ML,134,Power BI,secondary
159,Environmental Data Scientist,Data/AI/ML,103,Scikit-learn,secondary
159,Environmental Data Scientist,Data/AI/ML,133,Tableau,secondary
159,Environmental Data Scientist,Data/AI/ML,440,Environmental Impact Assessment,bonus
159,Environmental Data Scientist,Data/AI/ML,15,R,bonus
159,Environmental Data Scientist,Data/AI/ML,441,Waste Management,bonus
160,Healthcare AI Researcher,Data/AI/ML,247,Biostatistics,core
160,Healthcare AI Researcher,Data/AI/ML,115,Deep Learning,core
160,Healthcare AI Researcher,Data/AI/ML,245,Public Health,core
160,Healthcare AI Researcher,Data/AI/ML,1,Python,core
160,Healthcare AI Researcher,Data/AI/ML,102,PyTorch,core
160,Healthcare AI Researcher,Data/AI/ML,144,Statistics,core
160,Healthcare AI Researcher,Data/AI/ML,101,TensorFlow,core
160,Healthcare AI Researcher,Data/AI/ML,230,Electronic Health Records,secondary
160,Healthcare AI Researcher,Data/AI/ML,229,Medical Coding,secondary
160,Healthcare AI Researcher,Data/AI/ML,127,NumPy,secondary
160,Healthcare AI Researcher,Data/AI/ML,126,Pandas,secondary
160,Healthcare AI Researcher,Data/AI/ML,103,Scikit-learn,secondary
160,Healthcare AI Researcher,Data/AI/ML,246,Epidemiology,bonus
160,Healthcare AI Researcher,Data/AI/ML,105,Hugging Face,bonus
160,Healthcare AI Researcher,Data/AI/ML,248,Medical Writing,bonus
161,Graph Data Scientist,Data/AI/ML,77,Neo4j,core
161,Graph Data Scientist,Data/AI/ML,127,NumPy,core
161,Graph Data Scientist,Data/AI/ML,126,Pandas,core
161,Graph Data Scientist,Data/AI/ML,1,Python,core
161,Graph Data Scientist,Data/AI/ML,103,Scikit-learn,core
161,Graph Data Scientist,Data/AI/ML,80,SQL,core
161,Graph Data Scientist,Data/AI/ML,144,Statistics,core
161,Graph Data Scientist,Data/AI/ML,115,Deep Learning,secondary
161,Graph Data Scientist,Data/AI/ML,74,Elasticsearch,secondary
161,Graph Data Scientist,Data/AI/ML,50,GraphQL,secondary
161,Graph Data Scientist,Data/AI/ML,102,PyTorch,secondary
161,Graph Data Scientist,Data/AI/ML,101,TensorFlow,secondary
161,Graph Data Scientist,Data/AI/ML,105,Hugging Face,bonus
161,Graph Data Scientist,Data/AI/ML,109,LangChain,bonus
161,Graph Data Scientist,Data/AI/ML,116,NLP,bonus
162,Edge AI Engineer,Data/AI/ML,533,Edge Computing,core
162,Edge AI Engineer,Data/AI/ML,321,Embedded Systems,core
162,Edge AI Engineer,Data/AI/ML,532,IoT,core
162,Edge AI Engineer,Data/AI/ML,99,Linux,core
162,Edge AI Engineer,Data/AI/ML,1,Python,core
162,Edge AI Engineer,Data/AI/ML,102,PyTorch,core
162,Edge AI Engineer,Data/AI/ML,101,TensorFlow,core
162,Edge AI Engineer,Data/AI/ML,115,Deep Learning,secondary
162,Edge AI Engineer,Data/AI/ML,84,Docker,secondary
162,Edge AI Engineer,Data/AI/ML,127,NumPy,secondary
162,Edge AI Engineer,Data/AI/ML,126,Pandas,secondary
162,Edge AI Engineer,Data/AI/ML,103,Scikit-learn,secondary
162,Edge AI Engineer,Data/AI/ML,105,Hugging Face,bonus
162,Edge AI Engineer,Data/AI/ML,130,Kafka,bonus
162,Edge AI Engineer,Data/AI/ML,86,Terraform,bonus
163,Federated Learning Researcher,Data/AI/ML,115,Deep Learning,core
163,Federated Learning Researcher,Data/AI/ML,145,Probability,core
163,Federated Learning Researcher,Data/AI/ML,1,Python,core
163,Federated Learning Researcher,Data/AI/ML,102,PyTorch,core
163,Federated Learning Researcher,Data/AI/ML,103,Scikit-learn,core
163,Federated Learning Researcher,Data/AI/ML,144,Statistics,core
163,Federated Learning Researcher,Data/AI/ML,101,TensorFlow,core
163,Federated Learning Researcher,Data/AI/ML,84,Docker,secondary
163,Federated Learning Researcher,Data/AI/ML,149,Feature Engineering,secondary
163,Federated Learning Researcher,Data/AI/ML,85,Kubernetes,secondary
163,Federated Learning Researcher,Data/AI/ML,127,NumPy,secondary
163,Federated Learning Researcher,Data/AI/ML,126,Pandas,secondary
163,Federated Learning Researcher,Data/AI/ML,165,Cryptography,bonus
163,Federated Learning Researcher,Data/AI/ML,105,Hugging Face,bonus
163,Federated Learning Researcher,Data/AI/ML,172,Zero Trust Architecture,bonus
164,Data Governance Analyst,Data/AI/ML,147,ETL,core
164,Data Governance Analyst,Data/AI/ML,171,GDPR Compliance,core
164,Data Governance Analyst,Data/AI/ML,170,ISO 27001,core
164,Data Governance Analyst,Data/AI/ML,1,Python,core
164,Data Governance Analyst,Data/AI/ML,103,Scikit-learn,core
164,Data Governance Analyst,Data/AI/ML,80,SQL,core
164,Data Governance Analyst,Data/AI/ML,144,Statistics,core
164,Data Governance Analyst,Data/AI/ML,131,Airflow,secondary
164,Data Governance Analyst,Data/AI/ML,128,Apache Spark,secondary
164,Data Governance Analyst,Data/AI/ML,129,Hadoop,secondary
164,Data Governance Analyst,Data/AI/ML,65,MySQL,secondary
164,Data Governance Analyst,Data/AI/ML,66,PostgreSQL,secondary
164,Data Governance Analyst,Data/AI/ML,224,Compliance,bonus
164,Data Governance Analyst,Data/AI/ML,391,Compliance Management,bonus
164,Data Governance Analyst,Data/AI/ML,392,Data Privacy Law,bonus
165,Data Quality Engineer,Data/AI/ML,148,Data Wrangling,core
165,Data Quality Engineer,Data/AI/ML,147,ETL,core
165,Data Quality Engineer,Data/AI/ML,127,NumPy,core
165,Data Quality Engineer,Data/AI/ML,126,Pandas,core
165,Data Quality Engineer,Data/AI/ML,1,Python,core
165,Data Quality Engineer,Data/AI/ML,103,Scikit-learn,core
165,Data Quality Engineer,Data/AI/ML,80,SQL,core
165,Data Quality Engineer,Data/AI/ML,131,Airflow,secondary
165,Data Quality Engineer,Data/AI/ML,128,Apache Spark,secondary
165,Data Quality Engineer,Data/AI/ML,129,Hadoop,secondary
165,Data Quality Engineer,Data/AI/ML,65,MySQL,secondary
165,Data Quality Engineer,Data/AI/ML,66,PostgreSQL,secondary
165,Data Quality Engineer,Data/AI/ML,132,dbt,bonus
165,Data Quality Engineer,Data/AI/ML,141,Snowflake,bonus
165,Data Quality Engineer,Data/AI/ML,144,Statistics,bonus
166,Tableau Developer,Data/AI/ML,146,Data Visualization,core
166,Tableau Developer,Data/AI/ML,127,NumPy,core
166,Tableau Developer,Data/AI/ML,126,Pandas,core
166,Tableau Developer,Data/AI/ML,1,Python,core
166,Tableau Developer,Data/AI/ML,80,SQL,core
166,Tableau Developer,Data/AI/ML,144,Statistics,core
166,Tableau Developer,Data/AI/ML,133,Tableau,core
166,Tableau Developer,Data/AI/ML,137,Excel,secondary
166,Tableau Developer,Data/AI/ML,135,Looker,secondary
166,Tableau Developer,Data/AI/ML,136,Metabase,secondary
166,Tableau Developer,Data/AI/ML,134,Power BI,secondary
166,Tableau Developer,Data/AI/ML,103,Scikit-learn,secondary
166,Tableau Developer,Data/AI/ML,142,BigQuery,bonus
166,Tableau Developer,Data/AI/ML,65,MySQL,bonus
166,Tableau Developer,Data/AI/ML,143,Redshift,bonus
167,Power BI Developer,Data/AI/ML,146,Data Visualization,core
167,Power BI Developer,Data/AI/ML,127,NumPy,core
167,Power BI Developer,Data/AI/ML,126,Pandas,core
167,Power BI Developer,Data/AI/ML,134,Power BI,core
167,Power BI Developer,Data/AI/ML,1,Python,core
167,Power BI Developer,Data/AI/ML,80,SQL,core
167,Power BI Developer,Data/AI/ML,144,Statistics,core
167,Power BI Developer,Data/AI/ML,137,Excel,secondary
167,Power BI Developer,Data/AI/ML,135,Looker,secondary
167,Power BI Developer,Data/AI/ML,136,Metabase,secondary
167,Power BI Developer,Data/AI/ML,103,Scikit-learn,secondary
167,Power BI Developer,Data/AI/ML,133,Tableau,secondary
167,Power BI Developer,Data/AI/ML,142,BigQuery,bonus
167,Power BI Developer,Data/AI/ML,65,MySQL,bonus
167,Power BI Developer,Data/AI/ML,143,Redshift,bonus
168,Looker Developer,Data/AI/ML,146,Data Visualization,core
168,Looker Developer,Data/AI/ML,135,Looker,core
168,Looker Developer,Data/AI/ML,127,NumPy,core
168,Looker Developer,Data/AI/ML,126,Pandas,core
168,Looker Developer,Data/AI/ML,1,Python,core
168,Looker Developer,Data/AI/ML,80,SQL,core
168,Looker Developer,Data/AI/ML,144,Statistics,core
168,Looker Developer,Data/AI/ML,137,Excel,secondary
168,Looker Developer,Data/AI/ML,136,Metabase,secondary
168,Looker Developer,Data/AI/ML,134,Power BI,secondary
168,Looker Developer,Data/AI/ML,103,Scikit-learn,secondary
168,Looker Developer,Data/AI/ML,133,Tableau,secondary
168,Looker Developer,Data/AI/ML,142,BigQuery,bonus
168,Looker Developer,Data/AI/ML,65,MySQL,bonus
168,Looker Developer,Data/AI/ML,143,Redshift,bonus
169,Databricks Engineer,Data/AI/ML,128,Apache Spark,core
169,Databricks Engineer,Data/AI/ML,140,Databricks,core
169,Databricks Engineer,Data/AI/ML,127,NumPy,core
169,Databricks Engineer,Data/AI/ML,126,Pandas,core
169,Databricks Engineer,Data/AI/ML,1,Python,core
169,Databricks Engineer,Data/AI/ML,141,Snowflake,core
169,Databricks Engineer,Data/AI/ML,80,SQL,core
169,Databricks Engineer,Data/AI/ML,84,Docker,secondary
169,Databricks Engineer,Data/AI/ML,85,Kubernetes,secondary
169,Databricks Engineer,Data/AI/ML,65,MySQL,secondary
169,Databricks Engineer,Data/AI/ML,66,PostgreSQL,secondary
169,Databricks Engineer,Data/AI/ML,86,Terraform,secondary
169,Databricks Engineer,Data/AI/ML,131,Airflow,bonus
169,Databricks Engineer,Data/AI/ML,132,dbt,bonus
169,Databricks Engineer,Data/AI/ML,147,ETL,bonus
170,Snowflake Architect,Data/AI/ML,147,ETL,core
170,Snowflake Architect,Data/AI/ML,65,MySQL,core
170,Snowflake Architect,Data/AI/ML,126,Pandas,core
170,Snowflake Architect,Data/AI/ML,66,PostgreSQL,core
170,Snowflake Architect,Data/AI/ML,1,Python,core
170,Snowflake Architect,Data/AI/ML,141,Snowflake,core
170,Snowflake Architect,Data/AI/ML,80,SQL,core
170,Snowflake Architect,Data/AI/ML,128,Apache Spark,secondary
170,Snowflake Architect,Data/AI/ML,84,Docker,secondary
170,Snowflake Architect,Data/AI/ML,129,Hadoop,secondary
170,Snowflake Architect,Data/AI/ML,130,Kafka,secondary
170,Snowflake Architect,Data/AI/ML,85,Kubernetes,secondary
170,Snowflake Architect,Data/AI/ML,131,Airflow,bonus
170,Snowflake Architect,Data/AI/ML,142,BigQuery,bonus
170,Snowflake Architect,Data/AI/ML,132,dbt,bonus
171,BigQuery Analyst,Data/AI/ML,142,BigQuery,core
171,BigQuery Analyst,Data/AI/ML,83,Google Cloud,core
171,BigQuery Analyst,Data/AI/ML,127,NumPy,core
171,BigQuery Analyst,Data/AI/ML,126,Pandas,core
171,BigQuery Analyst,Data/AI/ML,1,Python,core
171,BigQuery Analyst,Data/AI/ML,80,SQL,core
171,BigQuery Analyst,Data/AI/ML,144,Statistics,core
171,BigQuery Analyst,Data/AI/ML,128,Apache Spark,secondary
171,BigQuery Analyst,Data/AI/ML,129,Hadoop,secondary
171,BigQuery Analyst,Data/AI/ML,130,Kafka,secondary
171,BigQuery Analyst,Data/AI/ML,65,MySQL,secondary
171,BigQuery Analyst,Data/AI/ML,66,PostgreSQL,secondary
171,BigQuery Analyst,Data/AI/ML,131,Airflow,bonus
171,BigQuery Analyst,Data/AI/ML,132,dbt,bonus
171,BigQuery Analyst,Data/AI/ML,143,Redshift,bonus
172,Kafka Engineer,Data/AI/ML,538,Apache Kafka,core
172,Kafka Engineer,Data/AI/ML,128,Apache Spark,core
172,Kafka Engineer,Data/AI/ML,84,Docker,core
172,Kafka Engineer,Data/AI/ML,147,ETL,core
172,Kafka Engineer,Data/AI/ML,130,Kafka,core
172,Kafka Engineer,Data/AI/ML,85,Kubernetes,core
172,Kafka Engineer,Data/AI/ML,1,Python,core
172,Kafka Engineer,Data/AI/ML,131,Airflow,secondary
172,Kafka Engineer,Data/AI/ML,70,MongoDB,secondary
172,Kafka Engineer,Data/AI/ML,65,MySQL,secondary
172,Kafka Engineer,Data/AI/ML,66,PostgreSQL,secondary
172,Kafka Engineer,Data/AI/ML,86,Terraform,secondary
172,Kafka Engineer,Data/AI/ML,92,ArgoCD,bonus
172,Kafka Engineer,Data/AI/ML,140,Databricks,bonus
172,Kafka Engineer,Data/AI/ML,94,Prometheus,bonus
173,Spark Developer,Data/AI/ML,128,Apache Spark,core
173,Spark Developer,Data/AI/ML,147,ETL,core
173,Spark Developer,Data/AI/ML,129,Hadoop,core
173,Spark Developer,Data/AI/ML,130,Kafka,core
173,Spark Developer,Data/AI/ML,1,Python,core
173,Spark Developer,Data/AI/ML,14,Scala,core
173,Spark Developer,Data/AI/ML,80,SQL,core
173,Spark Developer,Data/AI/ML,131,Airflow,secondary
173,Spark Developer,Data/AI/ML,84,Docker,secondary
173,Spark Developer,Data/AI/ML,85,Kubernetes,secondary
173,Spark Developer,Data/AI/ML,65,MySQL,secondary
173,Spark Developer,Data/AI/ML,66,PostgreSQL,secondary
173,Spark Developer,Data/AI/ML,142,BigQuery,bonus
173,Spark Developer,Data/AI/ML,140,Databricks,bonus
173,Spark Developer,Data/AI/ML,141,Snowflake,bonus
174,AI Automation Engineer,Data/AI/ML,84,Docker,core
174,AI Automation Engineer,Data/AI/ML,85,Kubernetes,core
174,AI Automation Engineer,Data/AI/ML,109,LangChain,core
174,AI Automation Engineer,Data/AI/ML,1,Python,core
174,AI Automation Engineer,Data/AI/ML,102,PyTorch,core
174,AI Automation Engineer,Data/AI/ML,61,REST API,core
174,AI Automation Engineer,Data/AI/ML,101,TensorFlow,core
174,AI Automation Engineer,Data/AI/ML,87,Ansible,secondary
174,AI Automation Engineer,Data/AI/ML,127,NumPy,secondary
174,AI Automation Engineer,Data/AI/ML,126,Pandas,secondary
174,AI Automation Engineer,Data/AI/ML,103,Scikit-learn,secondary
174,AI Automation Engineer,Data/AI/ML,86,Terraform,secondary
174,AI Automation Engineer,Data/AI/ML,131,Airflow,bonus
174,AI Automation Engineer,Data/AI/ML,88,Jenkins,bonus
174,AI Automation Engineer,Data/AI/ML,534,Serverless,bonus
175,Generative AI Engineer,Data/AI/ML,122,GPT,core
175,Generative AI Engineer,Data/AI/ML,105,Hugging Face,core
175,Generative AI Engineer,Data/AI/ML,109,LangChain,core
175,Generative AI Engineer,Data/AI/ML,1,Python,core
175,Generative AI Engineer,Data/AI/ML,102,PyTorch,core
175,Generative AI Engineer,Data/AI/ML,101,TensorFlow,core
175,Generative AI Engineer,Data/AI/ML,120,Transformer Models,core
175,Generative AI Engineer,Data/AI/ML,115,Deep Learning,secondary
175,Generative AI Engineer,Data/AI/ML,104,Keras,secondary
175,Generative AI Engineer,Data/AI/ML,116,NLP,secondary
175,Generative AI Engineer,Data/AI/ML,126,Pandas,secondary
175,Generative AI Engineer,Data/AI/ML,103,Scikit-learn,secondary
175,Generative AI Engineer,Data/AI/ML,119,GANs,bonus
175,Generative AI Engineer,Data/AI/ML,50,GraphQL,bonus
175,Generative AI Engineer,Data/AI/ML,123,Stable Diffusion,bonus
176,LLM Engineer,Data/AI/ML,121,BERT,core
176,LLM Engineer,Data/AI/ML,122,GPT,core
176,LLM Engineer,Data/AI/ML,105,Hugging Face,core
176,LLM Engineer,Data/AI/ML,109,LangChain,core
176,LLM Engineer,Data/AI/ML,1,Python,core
176,LLM Engineer,Data/AI/ML,101,TensorFlow,core
176,LLM Engineer,Data/AI/ML,120,Transformer Models,core
176,LLM Engineer,Data/AI/ML,115,Deep Learning,secondary
176,LLM Engineer,Data/AI/ML,104,Keras,secondary
176,LLM Engineer,Data/AI/ML,116,NLP,secondary
176,LLM Engineer,Data/AI/ML,102,PyTorch,secondary
176,LLM Engineer,Data/AI/ML,103,Scikit-learn,secondary
176,LLM Engineer,Data/AI/ML,119,GANs,bonus
176,LLM Engineer,Data/AI/ML,50,GraphQL,bonus
176,LLM Engineer,Data/AI/ML,123,Stable Diffusion,bonus
177,Vector Database Engineer,Data/AI/ML,74,Elasticsearch,core
177,Vector Database Engineer,Data/AI/ML,109,LangChain,core
177,Vector Database Engineer,Data/AI/ML,65,MySQL,core
177,Vector Database Engineer,Data/AI/ML,1,Python,core
177,Vector Database Engineer,Data/AI/ML,102,PyTorch,core
177,Vector Database Engineer,Data/AI/ML,80,SQL,core
177,Vector Database Engineer,Data/AI/ML,101,TensorFlow,core
177,Vector Database Engineer,Data/AI/ML,70,MongoDB,secondary
177,Vector Database Engineer,Data/AI/ML,127,NumPy,secondary
177,Vector Database Engineer,Data/AI/ML,126,Pandas,secondary
177,Vector Database Engineer,Data/AI/ML,71,Redis,secondary
177,Vector Database Engineer,Data/AI/ML,103,Scikit-learn,secondary
177,Vector Database Engineer,Data/AI/ML,140,Databricks,bonus
177,Vector Database Engineer,Data/AI/ML,84,Docker,bonus
177,Vector Database Engineer,Data/AI/ML,85,Kubernetes,bonus
178,AI Infrastructure Engineer,Data/AI/ML,84,Docker,core
178,AI Infrastructure Engineer,Data/AI/ML,85,Kubernetes,core
178,AI Infrastructure Engineer,Data/AI/ML,99,Linux,core
178,AI Infrastructure Engineer,Data/AI/ML,1,Python,core
178,AI Infrastructure Engineer,Data/AI/ML,102,PyTorch,core
178,AI Infrastructure Engineer,Data/AI/ML,101,TensorFlow,core
178,AI Infrastructure Engineer,Data/AI/ML,86,Terraform,core
178,AI Infrastructure Engineer,Data/AI/ML,87,Ansible,secondary
178,AI Infrastructure Engineer,Data/AI/ML,81,AWS,secondary
178,AI Infrastructure Engineer,Data/AI/ML,95,Grafana,secondary
178,AI Infrastructure Engineer,Data/AI/ML,88,Jenkins,secondary
178,AI Infrastructure Engineer,Data/AI/ML,94,Prometheus,secondary
178,AI Infrastructure Engineer,Data/AI/ML,82,Azure,bonus
178,AI Infrastructure Engineer,Data/AI/ML,83,Google Cloud,bonus
178,AI Infrastructure Engineer,Data/AI/ML,125,Weights and Biases,bonus
179,Causal Inference Researcher,Data/AI/ML,127,NumPy,core
179,Causal Inference Researcher,Data/AI/ML,126,Pandas,core
179,Causal Inference Researcher,Data/AI/ML,145,Probability,core
179,Causal Inference Researcher,Data/AI/ML,1,Python,core
179,Causal Inference Researcher,Data/AI/ML,15,R,core
179,Causal Inference Researcher,Data/AI/ML,103,Scikit-learn,core
179,Causal Inference Researcher,Data/AI/ML,144,Statistics,core
179,Causal Inference Researcher,Data/AI/ML,150,A/B Testing,secondary
179,Causal Inference Researcher,Data/AI/ML,247,Biostatistics,secondary
179,Causal Inference Researcher,Data/AI/ML,149,Feature Engineering,secondary
179,Causal Inference Researcher,Data/AI/ML,111,LightGBM,secondary
179,Causal Inference Researcher,Data/AI/ML,110,XGBoost,secondary
179,Causal Inference Researcher,Data/AI/ML,246,Epidemiology,bonus
179,Causal Inference Researcher,Data/AI/ML,24,Julia,bonus
179,Causal Inference Researcher,Data/AI/ML,32,SAS,bonus
180,AI Safety Researcher,Data/AI/ML,483,Communication,core
180,AI Safety Researcher,Data/AI/ML,145,Probability,core
180,AI Safety Researcher,Data/AI/ML,1,Python,core
180,AI Safety Researcher,Data/AI/ML,102,PyTorch,core
180,AI Safety Researcher,Data/AI/ML,103,Scikit-learn,core
180,AI Safety Researcher,Data/AI/ML,144,Statistics,core
180,AI Safety Researcher,Data/AI/ML,101,TensorFlow,core
180,AI Safety Researcher,Data/AI/ML,121,BERT,secondary
180,AI Safety Researcher,Data/AI/ML,115,Deep Learning,secondary
180,AI Safety Researcher,Data/AI/ML,105,Hugging Face,secondary
180,AI Safety Researcher,Data/AI/ML,109,LangChain,secondary
180,AI Safety Researcher,Data/AI/ML,120,Transformer Models,secondary
180,AI Safety Researcher,Data/AI/ML,480,Advocacy,bonus
180,AI Safety Researcher,Data/AI/ML,492,Presentation Skills,bonus
180,AI Safety Researcher,Data/AI/ML,474,Social Research,bonus
181,Graphic Designer,Design,196,Color Theory,core
181,Graphic Designer,Design,498,Creativity,core
181,Graphic Designer,Design,174,Illustrator,core
181,Graphic Designer,Design,178,InDesign,core
181,Graphic Designer,Design,173,Photoshop,core
181,Graphic Designer,Design,195,Typography,core
181,Graphic Designer,Design,191,UI Design,core
181,Graphic Designer,Design,177,Adobe XD,secondary
181,Graphic Designer,Design,197,Brand Identity,secondary
181,Graphic Designer,Design,186,Canva,secondary
181,Graphic Designer,Design,175,Figma,secondary
181,Graphic Designer,Design,176,Sketch,secondary
181,Graphic Designer,Design,181,Lightroom,bonus
181,Graphic Designer,Design,180,Premiere Pro,bonus
181,Graphic Designer,Design,192,UX Research,bonus
182,UI/UX Designer (Creative),Design,196,Color Theory,core
182,UI/UX Designer (Creative),Design,498,Creativity,core
182,UI/UX Designer (Creative),Design,175,Figma,core
182,UI/UX Designer (Creative),Design,194,Prototyping,core
182,UI/UX Designer (Creative),Design,191,UI Design,core
182,UI/UX Designer (Creative),Design,192,UX Research,core
182,UI/UX Designer (Creative),Design,193,Wireframing,core
182,UI/UX Designer (Creative),Design,177,Adobe XD,secondary
182,UI/UX Designer (Creative),Design,39,HTML,secondary
182,UI/UX Designer (Creative),Design,36,React,secondary
182,UI/UX Designer (Creative),Design,176,Sketch,secondary
182,UI/UX Designer (Creative),Design,195,Typography,secondary
182,UI/UX Designer (Creative),Design,181,Lightroom,bonus
182,UI/UX Designer (Creative),Design,400,Photography,bonus
182,UI/UX Designer (Creative),Design,173,Photoshop,bonus
183,Brand Designer,Design,197,Brand Identity,core
183,Brand Designer,Design,196,Color Theory,core
183,Brand Designer,Design,498,Creativity,core
183,Brand Designer,Design,174,Illustrator,core
183,Brand Designer,Design,173,Photoshop,core
183,Brand Designer,Design,195,Typography,core
183,Brand Designer,Design,191,UI Design,core
183,Brand Designer,Design,186,Canva,secondary
183,Brand Designer,Design,175,Figma,secondary
183,Brand Designer,Design,178,InDesign,secondary
183,Brand Designer,Design,181,Lightroom,secondary
183,Brand Designer,Design,176,Sketch,secondary
183,Brand Designer,Design,177,Adobe XD,bonus
183,Brand Designer,Design,302,PR and Communications,bonus
183,Brand Designer,Design,194,Prototyping,bonus
184,Motion Graphics Designer,Design,179,After Effects,core
184,Motion Graphics Designer,Design,498,Creativity,core
184,Motion Graphics Designer,Design,174,Illustrator,core
184,Motion Graphics Designer,Design,198,Motion Graphics,core
184,Motion Graphics Designer,Design,173,Photoshop,core
184,Motion Graphics Designer,Design,180,Premiere Pro,core
184,Motion Graphics Designer,Design,191,UI Design,core
184,Motion Graphics Designer,Design,182,Blender,secondary
184,Motion Graphics Designer,Design,186,Canva,secondary
184,Motion Graphics Designer,Design,196,Color Theory,secondary
184,Motion Graphics Designer,Design,175,Figma,secondary
184,Motion Graphics Designer,Design,176,Sketch,secondary
184,Motion Graphics Designer,Design,187,DaVinci Resolve,bonus
184,Motion Graphics Designer,Design,188,Final Cut Pro,bonus
184,Motion Graphics Designer,Design,178,InDesign,bonus
185,Video Editor,Design,415,Adobe Premiere,core
185,Video Editor,Design,179,After Effects,core
185,Video Editor,Design,498,Creativity,core
185,Video Editor,Design,187,DaVinci Resolve,core
185,Video Editor,Design,188,Final Cut Pro,core
185,Video Editor,Design,198,Motion Graphics,core
185,Video Editor,Design,180,Premiere Pro,core
185,Video Editor,Design,186,Canva,secondary
185,Video Editor,Design,174,Illustrator,secondary
185,Video Editor,Design,181,Lightroom,secondary
185,Video Editor,Design,400,Photography,secondary
185,Video Editor,Design,173,Photoshop,secondary
185,Video Editor,Design,175,Figma,bonus
185,Video Editor,Design,178,InDesign,bonus
185,Video Editor,Design,192,UX Research,bonus
186,Photographer,Design,196,Color Theory,core
186,Photographer,Design,498,Creativity,core
186,Photographer,Design,174,Illustrator,core
186,Photographer,Design,181,Lightroom,core
186,Photographer,Design,400,Photography,core
186,Photographer,Design,173,Photoshop,core
186,Photographer,Design,191,UI Design,core
186,Photographer,Design,186,Canva,secondary
186,Photographer,Design,187,DaVinci Resolve,secondary
186,Photographer,Design,175,Figma,secondary
186,Photographer,Design,180,Premiere Pro,secondary
186,Photographer,Design,176,Sketch,secondary
186,Photographer,Design,197,Brand Identity,bonus
186,Photographer,Design,178,InDesign,bonus
186,Photographer,Design,192,UX Research,bonus
187,3D Designer,Design,521,3D Modeling,core
187,3D Designer,Design,183,3ds Max,core
187,3D Designer,Design,184,AutoCAD,core
187,3D Designer,Design,182,Blender,core
187,3D Designer,Design,196,Color Theory,core
187,3D Designer,Design,498,Creativity,core
187,3D Designer,Design,191,UI Design,core
187,3D Designer,Design,175,Figma,secondary
187,3D Designer,Design,174,Illustrator,secondary
187,3D Designer,Design,173,Photoshop,secondary
187,3D Designer,Design,176,Sketch,secondary
187,3D Designer,Design,195,Typography,secondary
187,3D Designer,Design,179,After Effects,bonus
187,3D Designer,Design,198,Motion Graphics,bonus
187,3D Designer,Design,180,Premiere Pro,bonus
188,Animation Artist,Design,179,After Effects,core
188,Animation Artist,Design,184,AutoCAD,core
188,Animation Artist,Design,182,Blender,core
188,Animation Artist,Design,196,Color Theory,core
188,Animation Artist,Design,498,Creativity,core
188,Animation Artist,Design,198,Motion Graphics,core
188,Animation Artist,Design,191,UI Design,core
188,Animation Artist,Design,175,Figma,secondary
188,Animation Artist,Design,174,Illustrator,secondary
188,Animation Artist,Design,173,Photoshop,secondary
188,Animation Artist,Design,176,Sketch,secondary
188,Animation Artist,Design,195,Typography,secondary
188,Animation Artist,Design,521,3D Modeling,bonus
188,Animation Artist,Design,187,DaVinci Resolve,bonus
188,Animation Artist,Design,180,Premiere Pro,bonus
189,Interior Designer,Design,184,AutoCAD,core
189,Interior Designer,Design,196,Color Theory,core
189,Interior Designer,Design,498,Creativity,core
189,Interior Designer,Design,194,Prototyping,core
189,Interior Designer,Design,315,Revit,core
189,Interior Designer,Design,191,UI Design,core
189,Interior Designer,Design,175,Figma,secondary
189,Interior Designer,Design,174,Illustrator,secondary
189,Interior Designer,Design,173,Photoshop,secondary
189,Interior Designer,Design,176,Sketch,secondary
189,Interior Designer,Design,195,Typography,secondary
189,Interior Designer,Design,183,3ds Max,bonus
189,Interior Designer,Design,182,Blender,bonus
189,Interior Designer,Design,327,Quantity Surveying,bonus
190,Fashion Designer,Design,196,Color Theory,core
190,Fashion Designer,Design,498,Creativity,core
190,Fashion Designer,Design,174,Illustrator,core
190,Fashion Designer,Design,173,Photoshop,core
190,Fashion Designer,Design,194,Prototyping,core
190,Fashion Designer,Design,195,Typography,core
190,Fashion Designer,Design,191,UI Design,core
190,Fashion Designer,Design,186,Canva,secondary
190,Fashion Designer,Design,175,Figma,secondary
190,Fashion Designer,Design,178,InDesign,secondary
190,Fashion Designer,Design,181,Lightroom,secondary
190,Fashion Designer,Design,176,Sketch,secondary
190,Fashion Designer,Design,199,Financial Modeling,bonus
190,Fashion Designer,Design,297,Influencer Marketing,bonus
190,Fashion Designer,Design,302,PR and Communications,bonus
191,Product Designer (Industrial),Design,184,AutoCAD,core
191,Product Designer (Industrial),Design,196,Color Theory,core
191,Product Designer (Industrial),Design,498,Creativity,core
191,Product Designer (Industrial),Design,194,Prototyping,core
191,Product Designer (Industrial),Design,312,SolidWorks,core
191,Product Designer (Industrial),Design,191,UI Design,core
191,Product Designer (Industrial),Design,175,Figma,secondary
191,Product Designer (Industrial),Design,174,Illustrator,secondary
191,Product Designer (Industrial),Design,173,Photoshop,secondary
191,Product Designer (Industrial),Design,176,Sketch,secondary
191,Product Designer (Industrial),Design,195,Typography,secondary
191,Product Designer (Industrial),Design,183,3ds Max,bonus
191,Product Designer (Industrial),Design,182,Blender,bonus
191,Product Designer (Industrial),Design,327,Quantity Surveying,bonus
192,Web Designer,Design,40,CSS,core
192,Web Designer,Design,175,Figma,core
192,Web Designer,Design,39,HTML,core
192,Web Designer,Design,194,Prototyping,core
192,Web Designer,Design,191,UI Design,core
192,Web Designer,Design,192,UX Research,core
192,Web Designer,Design,193,Wireframing,core
192,Web Designer,Design,177,Adobe XD,secondary
192,Web Designer,Design,196,Color Theory,secondary
192,Web Designer,Design,174,Illustrator,secondary
192,Web Designer,Design,173,Photoshop,secondary
192,Web Designer,Design,176,Sketch,secondary
192,Web Designer,Design,37,Angular,bonus
192,Web Designer,Design,36,React,bonus
192,Web Designer,Design,41,Sass,bonus
193,Logo Designer,Design,197,Brand Identity,core
193,Logo Designer,Design,196,Color Theory,core
193,Logo Designer,Design,498,Creativity,core
193,Logo Designer,Design,174,Illustrator,core
193,Logo Designer,Design,173,Photoshop,core
193,Logo Designer,Design,195,Typography,core
193,Logo Designer,Design,191,UI Design,core
193,Logo Designer,Design,186,Canva,secondary
193,Logo Designer,Design,190,CorelDRAW,secondary
193,Logo Designer,Design,175,Figma,secondary
193,Logo Designer,Design,178,InDesign,secondary
193,Logo Designer,Design,176,Sketch,secondary
193,Logo Designer,Design,183,3ds Max,bonus
193,Logo Designer,Design,177,Adobe XD,bonus
193,Logo Designer,Design,181,Lightroom,bonus
194,Packaging Designer,Design,196,Color Theory,core
194,Packaging Designer,Design,498,Creativity,core
194,Packaging Designer,Design,174,Illustrator,core
194,Packaging Designer,Design,178,InDesign,core
194,Packaging Designer,Design,173,Photoshop,core
194,Packaging Designer,Design,195,Typography,core
194,Packaging Designer,Design,191,UI Design,core
194,Packaging Designer,Design,186,Canva,secondary
194,Packaging Designer,Design,190,CorelDRAW,secondary
194,Packaging Designer,Design,175,Figma,secondary
194,Packaging Designer,Design,181,Lightroom,secondary
194,Packaging Designer,Design,176,Sketch,secondary
194,Packaging Designer,Design,183,3ds Max,bonus
194,Packaging Designer,Design,197,Brand Identity,bonus
194,Packaging Designer,Design,194,Prototyping,bonus
195,Illustrator (Artist),Design,196,Color Theory,core
195,Illustrator (Artist),Design,498,Creativity,core
195,Illustrator (Artist),Design,174,Illustrator,core
195,Illustrator (Artist),Design,173,Photoshop,core
195,Illustrator (Artist),Design,185,Procreate,core
195,Illustrator (Artist),Design,195,Typography,core
195,Illustrator (Artist),Design,191,UI Design,core
195,Illustrator (Artist),Design,186,Canva,secondary
195,Illustrator (Artist),Design,190,CorelDRAW,secondary
195,Illustrator (Artist),Design,175,Figma,secondary
195,Illustrator (Artist),Design,181,Lightroom,secondary
195,Illustrator (Artist),Design,176,Sketch,secondary
195,Illustrator (Artist),Design,183,3ds Max,bonus
195,Illustrator (Artist),Design,182,Blender,bonus
195,Illustrator (Artist),Design,197,Brand Identity,bonus
196,Concept Artist,Design,183,3ds Max,core
196,Concept Artist,Design,182,Blender,core
196,Concept Artist,Design,196,Color Theory,core
196,Concept Artist,Design,498,Creativity,core
196,Concept Artist,Design,174,Illustrator,core
196,Concept Artist,Design,173,Photoshop,core
196,Concept Artist,Design,185,Procreate,core
196,Concept Artist,Design,175,Figma,secondary
196,Concept Artist,Design,181,Lightroom,secondary
196,Concept Artist,Design,176,Sketch,secondary
196,Concept Artist,Design,195,Typography,secondary
196,Concept Artist,Design,191,UI Design,secondary
196,Concept Artist,Design,521,3D Modeling,bonus
196,Concept Artist,Design,184,AutoCAD,bonus
196,Concept Artist,Design,519,Unreal Engine,bonus
197,Storyboard Artist,Design,182,Blender,core
197,Storyboard Artist,Design,196,Color Theory,core
197,Storyboard Artist,Design,498,Creativity,core
197,Storyboard Artist,Design,174,Illustrator,core
197,Storyboard Artist,Design,173,Photoshop,core
197,Storyboard Artist,Design,402,Scriptwriting,core
197,Storyboard Artist,Design,191,UI Design,core
197,Storyboard Artist,Design,175,Figma,secondary
197,Storyboard Artist,Design,181,Lightroom,secondary
197,Storyboard Artist,Design,198,Motion Graphics,secondary
197,Storyboard Artist,Design,176,Sketch,secondary
197,Storyboard Artist,Design,195,Typography,secondary
197,Storyboard Artist,Design,184,AutoCAD,bonus
197,Storyboard Artist,Design,185,Procreate,bonus
198,VFX Artist,Design,183,3ds Max,core
198,VFX Artist,Design,179,After Effects,core
198,VFX Artist,Design,184,AutoCAD,core
198,VFX Artist,Design,182,Blender,core
198,VFX Artist,Design,498,Creativity,core
198,VFX Artist,Design,198,Motion Graphics,core
198,VFX Artist,Design,180,Premiere Pro,core
198,VFX Artist,Design,175,Figma,secondary
198,VFX Artist,Design,174,Illustrator,secondary
198,VFX Artist,Design,173,Photoshop,secondary
198,VFX Artist,Design,176,Sketch,secondary
198,VFX Artist,Design,195,Typography,secondary
198,VFX Artist,Design,521,3D Modeling,bonus
198,VFX Artist,Design,187,DaVinci Resolve,bonus
198,VFX Artist,Design,188,Final Cut Pro,bonus
199,UX Researcher,Design,499,Attention to Detail,core
199,UX Researcher,Design,483,Communication,core
199,UX Researcher,Design,492,Presentation Skills,core
199,UX Researcher,Design,194,Prototyping,core
199,UX Researcher,Design,496,Research Skills,core
199,UX Researcher,Design,192,UX Research,core
199,UX Researcher,Design,193,Wireframing,core
199,UX Researcher,Design,177,Adobe XD,secondary
199,UX Researcher,Design,196,Color Theory,secondary
199,UX Researcher,Design,175,Figma,secondary
199,UX Researcher,Design,176,Sketch,secondary
199,UX Researcher,Design,191,UI Design,secondary
199,UX Researcher,Design,150,A/B Testing,bonus
199,UX Researcher,Design,300,Consumer Behavior,bonus
199,UX Researcher,Design,267,Educational Psychology,bonus
200,Creative Director,Design,197,Brand Identity,core
200,Creative Director,Design,498,Creativity,core
200,Creative Director,Design,174,Illustrator,core
200,Creative Director,Design,484,Leadership,core
200,Creative Director,Design,173,Photoshop,core
200,Creative Director,Design,373,Strategic Planning,core
200,Creative Director,Design,191,UI Design,core
200,Creative Director,Design,196,Color Theory,secondary
200,Creative Director,Design,175,Figma,secondary
200,Creative Director,Design,178,InDesign,secondary
200,Creative Director,Design,176,Sketch,secondary
200,Creative Director,Design,195,Typography,secondary
200,Creative Director,Design,302,PR and Communications,bonus
200,Creative Director,Design,492,Presentation Skills,bonus
200,Creative Director,Design,307,Product Marketing,bonus
201,Art Director,Design,197,Brand Identity,core
201,Art Director,Design,498,Creativity,core
201,Art Director,Design,174,Illustrator,core
201,Art Director,Design,178,InDesign,core
201,Art Director,Design,484,Leadership,core
201,Art Director,Design,173,Photoshop,core
201,Art Director,Design,191,UI Design,core
201,Art Director,Design,196,Color Theory,secondary
201,Art Director,Design,175,Figma,secondary
201,Art Director,Design,180,Premiere Pro,secondary
201,Art Director,Design,176,Sketch,secondary
201,Art Director,Design,195,Typography,secondary
201,Art Director,Design,302,PR and Communications,bonus
201,Art Director,Design,492,Presentation Skills,bonus
201,Art Director,Design,307,Product Marketing,bonus
202,Photo Editor,Design,186,Canva,core
202,Photo Editor,Design,196,Color Theory,core
202,Photo Editor,Design,498,Creativity,core
202,Photo Editor,Design,181,Lightroom,core
202,Photo Editor,Design,400,Photography,core
202,Photo Editor,Design,173,Photoshop,core
202,Photo Editor,Design,191,UI Design,core
202,Photo Editor,Design,175,Figma,secondary
202,Photo Editor,Design,174,Illustrator,secondary
202,Photo Editor,Design,178,InDesign,secondary
202,Photo Editor,Design,176,Sketch,secondary
202,Photo Editor,Design,195,Typography,secondary
202,Photo Editor,Design,187,DaVinci Resolve,bonus
202,Photo Editor,Design,180,Premiere Pro,bonus
202,Photo Editor,Design,192,UX Research,bonus
203,Digital Marketing Designer,Design,196,Color Theory,core
203,Digital Marketing Designer,Design,498,Creativity,core
203,Digital Marketing Designer,Design,289,Facebook Ads,core
203,Digital Marketing Designer,Design,174,Illustrator,core
203,Digital Marketing Designer,Design,173,Photoshop,core
203,Digital Marketing Designer,Design,286,SEO,core
203,Digital Marketing Designer,Design,191,UI Design,core
203,Digital Marketing Designer,Design,175,Figma,secondary
203,Digital Marketing Designer,Design,178,InDesign,secondary
203,Digital Marketing Designer,Design,295,Mailchimp,secondary
203,Digital Marketing Designer,Design,176,Sketch,secondary
203,Digital Marketing Designer,Design,296,Social Media Management,secondary
203,Digital Marketing Designer,Design,291,Content Marketing,bonus
203,Digital Marketing Designer,Design,301,Copywriting,bonus
203,Digital Marketing Designer,Design,288,Google Ads,bonus
204,Presentation Designer,Design,196,Color Theory,core
204,Presentation Designer,Design,498,Creativity,core
204,Presentation Designer,Design,174,Illustrator,core
204,Presentation Designer,Design,173,Photoshop,core
204,Presentation Designer,Design,195,Typography,core
204,Presentation Designer,Design,191,UI Design,core
204,Presentation Designer,Design,192,UX Research,core
204,Presentation Designer,Design,186,Canva,secondary
204,Presentation Designer,Design,137,Excel,secondary
204,Presentation Designer,Design,175,Figma,secondary
204,Presentation Designer,Design,194,Prototyping,secondary
204,Presentation Designer,Design,176,Sketch,secondary
204,Presentation Designer,Design,177,Adobe XD,bonus
204,Presentation Designer,Design,181,Lightroom,bonus
204,Presentation Designer,Design,492,Presentation Skills,bonus
205,Print Designer,Design,196,Color Theory,core
205,Print Designer,Design,498,Creativity,core
205,Print Designer,Design,174,Illustrator,core
205,Print Designer,Design,178,InDesign,core
205,Print Designer,Design,173,Photoshop,core
205,Print Designer,Design,195,Typography,core
205,Print Designer,Design,191,UI Design,core
205,Print Designer,Design,190,CorelDRAW,secondary
205,Print Designer,Design,175,Figma,secondary
205,Print Designer,Design,181,Lightroom,secondary
205,Print Designer,Design,194,Prototyping,secondary
205,Print Designer,Design,176,Sketch,secondary
205,Print Designer,Design,183,3ds Max,bonus
205,Print Designer,Design,197,Brand Identity,bonus
205,Print Designer,Design,186,Canva,bonus
206,Exhibition Designer,Design,184,AutoCAD,core
206,Exhibition Designer,Design,196,Color Theory,core
206,Exhibition Designer,Design,498,Creativity,core
206,Exhibition Designer,Design,174,Illustrator,core
206,Exhibition Designer,Design,178,InDesign,core
206,Exhibition Designer,Design,173,Photoshop,core
206,Exhibition Designer,Design,191,UI Design,core
206,Exhibition Designer,Design,183,3ds Max,secondary
206,Exhibition Designer,Design,182,Blender,secondary
206,Exhibition Designer,Design,175,Figma,secondary
206,Exhibition Designer,Design,194,Prototyping,secondary
206,Exhibition Designer,Design,176,Sketch,secondary
206,Exhibition Designer,Design,421,Event Planning,bonus
206,Exhibition Designer,Design,327,Quantity Surveying,bonus
207,Typeface Designer,Design,196,Color Theory,core
207,Typeface Designer,Design,498,Creativity,core
207,Typeface Designer,Design,174,Illustrator,core
207,Typeface Designer,Design,178,InDesign,core
207,Typeface Designer,Design,173,Photoshop,core
207,Typeface Designer,Design,195,Typography,core
207,Typeface Designer,Design,191,UI Design,core
207,Typeface Designer,Design,190,CorelDRAW,secondary
207,Typeface Designer,Design,175,Figma,secondary
207,Typeface Designer,Design,181,Lightroom,secondary
207,Typeface Designer,Design,194,Prototyping,secondary
207,Typeface Designer,Design,176,Sketch,secondary
207,Typeface Designer,Design,183,3ds Max,bonus
207,Typeface Designer,Design,197,Brand Identity,bonus
207,Typeface Designer,Design,186,Canva,bonus
208,Game Artist,Design,183,3ds Max,core
208,Game Artist,Design,182,Blender,core
208,Game Artist,Design,498,Creativity,core
208,Game Artist,Design,520,Game Design,core
208,Game Artist,Design,174,Illustrator,core
208,Game Artist,Design,173,Photoshop,core
208,Game Artist,Design,185,Procreate,core
208,Game Artist,Design,196,Color Theory,secondary
208,Game Artist,Design,175,Figma,secondary
208,Game Artist,Design,176,Sketch,secondary
208,Game Artist,Design,195,Typography,secondary
208,Game Artist,Design,191,UI Design,secondary
208,Game Artist,Design,521,3D Modeling,bonus
208,Game Artist,Design,518,Unity,bonus
208,Game Artist,Design,519,Unreal Engine,bonus
209,Architect (Building),Design,184,AutoCAD,core
209,Architect (Building),Design,498,Creativity,core
209,Architect (Building),Design,194,Prototyping,core
209,Architect (Building),Design,315,Revit,core
209,Architect (Building),Design,323,Structural Analysis,core
209,Architect (Building),Design,191,UI Design,core
209,Architect (Building),Design,175,Figma,secondary
209,Architect (Building),Design,174,Illustrator,secondary
209,Architect (Building),Design,173,Photoshop,secondary
209,Architect (Building),Design,176,Sketch,secondary
209,Architect (Building),Design,195,Typography,secondary
209,Architect (Building),Design,189,Audacity,bonus
209,Architect (Building),Design,326,Construction Management,bonus
209,Architect (Building),Design,327,Quantity Surveying,bonus
210,Landscape Architect,Design,184,AutoCAD,core
210,Landscape Architect,Design,316,Civil 3D,core
210,Landscape Architect,Design,498,Creativity,core
210,Landscape Architect,Design,194,Prototyping,core
210,Landscape Architect,Design,315,Revit,core
210,Landscape Architect,Design,191,UI Design,core
210,Landscape Architect,Design,175,Figma,secondary
210,Landscape Architect,Design,174,Illustrator,secondary
210,Landscape Architect,Design,173,Photoshop,secondary
210,Landscape Architect,Design,176,Sketch,secondary
210,Landscape Architect,Design,195,Typography,secondary
210,Landscape Architect,Design,189,Audacity,bonus
210,Landscape Architect,Design,326,Construction Management,bonus
210,Landscape Architect,Design,438,GIS Mapping,bonus
211,Sound Designer,Design,179,After Effects,core
211,Sound Designer,Design,189,Audacity,core
211,Sound Designer,Design,196,Color Theory,core
211,Sound Designer,Design,498,Creativity,core
211,Sound Designer,Design,198,Motion Graphics,core
211,Sound Designer,Design,416,Studio Recording,core
211,Sound Designer,Design,191,UI Design,core
211,Sound Designer,Design,175,Figma,secondary
211,Sound Designer,Design,174,Illustrator,secondary
211,Sound Designer,Design,173,Photoshop,secondary
211,Sound Designer,Design,176,Sketch,secondary
211,Sound Designer,Design,195,Typography,secondary
211,Sound Designer,Design,187,DaVinci Resolve,bonus
211,Sound Designer,Design,285,Music Education,bonus
211,Sound Designer,Design,180,Premiere Pro,bonus
212,Music Producer,Design,189,Audacity,core
212,Music Producer,Design,196,Color Theory,core
212,Music Producer,Design,498,Creativity,core
212,Music Producer,Design,198,Motion Graphics,core
212,Music Producer,Design,285,Music Education,core
212,Music Producer,Design,416,Studio Recording,core
212,Music Producer,Design,191,UI Design,core
212,Music Producer,Design,175,Figma,secondary
212,Music Producer,Design,174,Illustrator,secondary
212,Music Producer,Design,173,Photoshop,secondary
212,Music Producer,Design,176,Sketch,secondary
212,Music Producer,Design,195,Typography,secondary
212,Music Producer,Design,187,DaVinci Resolve,bonus
212,Music Producer,Design,188,Final Cut Pro,bonus
212,Music Producer,Design,180,Premiere Pro,bonus
213,Podcast Producer,Design,189,Audacity,core
213,Podcast Producer,Design,483,Communication,core
213,Podcast Producer,Design,498,Creativity,core
213,Podcast Producer,Design,198,Motion Graphics,core
213,Podcast Producer,Design,403,Podcasting,core
213,Podcast Producer,Design,416,Studio Recording,core
213,Podcast Producer,Design,191,UI Design,core
213,Podcast Producer,Design,175,Figma,secondary
213,Podcast Producer,Design,174,Illustrator,secondary
213,Podcast Producer,Design,173,Photoshop,secondary
213,Podcast Producer,Design,176,Sketch,secondary
213,Podcast Producer,Design,195,Typography,secondary
213,Podcast Producer,Design,309,Podcast Marketing,bonus
213,Podcast Producer,Design,180,Premiere Pro,bonus
213,Podcast Producer,Design,296,Social Media Management,bonus
214,Content Creator,Design,483,Communication,core
214,Content Creator,Design,291,Content Marketing,core
214,Content Creator,Design,498,Creativity,core
214,Content Creator,Design,400,Photography,core
214,Content Creator,Design,180,Premiere Pro,core
214,Content Creator,Design,405,Social Media Content,core
214,Content Creator,Design,296,Social Media Management,core
214,Content Creator,Design,301,Copywriting,secondary
214,Content Creator,Design,175,Figma,secondary
214,Content Creator,Design,174,Illustrator,secondary
214,Content Creator,Design,173,Photoshop,secondary
214,Content Creator,Design,176,Sketch,secondary
214,Content Creator,Design,289,Facebook Ads,bonus
214,Content Creator,Design,287,SEM,bonus
214,Content Creator,Design,286,SEO,bonus
215,Social Media Designer,Design,196,Color Theory,core
215,Social Media Designer,Design,498,Creativity,core
215,Social Media Designer,Design,289,Facebook Ads,core
215,Social Media Designer,Design,174,Illustrator,core
215,Social Media Designer,Design,173,Photoshop,core
215,Social Media Designer,Design,296,Social Media Management,core
215,Social Media Designer,Design,191,UI Design,core
215,Social Media Designer,Design,175,Figma,secondary
215,Social Media Designer,Design,178,InDesign,secondary
215,Social Media Designer,Design,295,Mailchimp,secondary
215,Social Media Designer,Design,176,Sketch,secondary
215,Social Media Designer,Design,405,Social Media Content,secondary
215,Social Media Designer,Design,291,Content Marketing,bonus
215,Social Media Designer,Design,301,Copywriting,bonus
215,Social Media Designer,Design,288,Google Ads,bonus
216,E-Commerce Designer,Design,196,Color Theory,core
216,E-Commerce Designer,Design,498,Creativity,core
216,E-Commerce Designer,Design,40,CSS,core
216,E-Commerce Designer,Design,39,HTML,core
216,E-Commerce Designer,Design,174,Illustrator,core
216,E-Commerce Designer,Design,173,Photoshop,core
216,E-Commerce Designer,Design,191,UI Design,core
216,E-Commerce Designer,Design,175,Figma,secondary
216,E-Commerce Designer,Design,178,InDesign,secondary
216,E-Commerce Designer,Design,287,SEM,secondary
216,E-Commerce Designer,Design,286,SEO,secondary
216,E-Commerce Designer,Design,176,Sketch,secondary
216,E-Commerce Designer,Design,291,Content Marketing,bonus
216,E-Commerce Designer,Design,301,Copywriting,bonus
216,E-Commerce Designer,Design,288,Google Ads,bonus
217,Infographic Designer,Design,196,Color Theory,core
217,Infographic Designer,Design,498,Creativity,core
217,Infographic Designer,Design,146,Data Visualization,core
217,Infographic Designer,Design,174,Illustrator,core
217,Infographic Designer,Design,173,Photoshop,core
217,Infographic Designer,Design,195,Typography,core
217,Infographic Designer,Design,191,UI Design,core
217,Infographic Designer,Design,175,Figma,secondary
217,Infographic Designer,Design,178,InDesign,secondary
217,Infographic Designer,Design,134,Power BI,secondary
217,Infographic Designer,Design,176,Sketch,secondary
217,Infographic Designer,Design,133,Tableau,secondary
217,Infographic Designer,Design,177,Adobe XD,bonus
217,Infographic Designer,Design,181,Lightroom,bonus
217,Infographic Designer,Design,192,UX Research,bonus
218,Textile Designer,Design,196,Color Theory,core
218,Textile Designer,Design,190,CorelDRAW,core
218,Textile Designer,Design,498,Creativity,core
218,Textile Designer,Design,174,Illustrator,core
218,Textile Designer,Design,173,Photoshop,core
218,Textile Designer,Design,195,Typography,core
218,Textile Designer,Design,191,UI Design,core
218,Textile Designer,Design,186,Canva,secondary
218,Textile Designer,Design,175,Figma,secondary
218,Textile Designer,Design,178,InDesign,secondary
218,Textile Designer,Design,181,Lightroom,secondary
218,Textile Designer,Design,176,Sketch,secondary
218,Textile Designer,Design,183,3ds Max,bonus
218,Textile Designer,Design,197,Brand Identity,bonus
218,Textile Designer,Design,194,Prototyping,bonus
219,Jewellery Designer,Design,196,Color Theory,core
219,Jewellery Designer,Design,190,CorelDRAW,core
219,Jewellery Designer,Design,498,Creativity,core
219,Jewellery Designer,Design,174,Illustrator,core
219,Jewellery Designer,Design,173,Photoshop,core
219,Jewellery Designer,Design,195,Typography,core
219,Jewellery Designer,Design,191,UI Design,core
219,Jewellery Designer,Design,183,3ds Max,secondary
219,Jewellery Designer,Design,175,Figma,secondary
219,Jewellery Designer,Design,178,InDesign,secondary
219,Jewellery Designer,Design,181,Lightroom,secondary
219,Jewellery Designer,Design,176,Sketch,secondary
219,Jewellery Designer,Design,343,Material Science,bonus
219,Jewellery Designer,Design,312,SolidWorks,bonus
220,Typography Specialist,Design,196,Color Theory,core
220,Typography Specialist,Design,498,Creativity,core
220,Typography Specialist,Design,174,Illustrator,core
220,Typography Specialist,Design,178,InDesign,core
220,Typography Specialist,Design,173,Photoshop,core
220,Typography Specialist,Design,195,Typography,core
220,Typography Specialist,Design,191,UI Design,core
220,Typography Specialist,Design,190,CorelDRAW,secondary
220,Typography Specialist,Design,175,Figma,secondary
220,Typography Specialist,Design,181,Lightroom,secondary
220,Typography Specialist,Design,194,Prototyping,secondary
220,Typography Specialist,Design,176,Sketch,secondary
220,Typography Specialist,Design,183,3ds Max,bonus
220,Typography Specialist,Design,197,Brand Identity,bonus
220,Typography Specialist,Design,207,Tally,bonus
221,Financial Analyst,Finance,497,Analytical Thinking,core
221,Financial Analyst,Finance,215,Budgeting,core
221,Financial Analyst,Finance,137,Excel,core
221,Financial Analyst,Finance,199,Financial Modeling,core
221,Financial Analyst,Finance,769,Forecasting,core
221,Financial Analyst,Finance,203,Risk Management,core
221,Financial Analyst,Finance,200,Valuation,core
221,Financial Analyst,Finance,771,Accounting,secondary
221,Financial Analyst,Finance,214,Financial Reporting,secondary
221,Financial Analyst,Finance,201,Investment Analysis,secondary
221,Financial Analyst,Finance,770,PowerPoint,secondary
221,Financial Analyst,Finance,80,SQL,secondary
221,Financial Analyst,Finance,144,Statistics,secondary
221,Financial Analyst,Finance,204,Bloomberg Terminal,bonus
221,Financial Analyst,Finance,219,Equity Research,bonus
221,Financial Analyst,Finance,202,Portfolio Management,bonus
221,Financial Analyst,Finance,1,Python,bonus
222,Investment Banker,Finance,218,Derivatives,core
222,Investment Banker,Finance,199,Financial Modeling,core
222,Investment Banker,Finance,201,Investment Analysis,core
222,Investment Banker,Finance,390,Mergers and Acquisitions,core
222,Investment Banker,Finance,491,Negotiation,core
222,Investment Banker,Finance,203,Risk Management,core
222,Investment Banker,Finance,200,Valuation,core
222,Investment Banker,Finance,204,Bloomberg Terminal,secondary
222,Investment Banker,Finance,215,Budgeting,secondary
222,Investment Banker,Finance,219,Equity Research,secondary
222,Investment Banker,Finance,202,Portfolio Management,secondary
222,Investment Banker,Finance,216,Treasury Management,secondary
222,Investment Banker,Finance,217,Credit Analysis,bonus
222,Investment Banker,Finance,220,Fixed Income,bonus
222,Investment Banker,Finance,221,Forex Trading,bonus
223,Chartered Accountant,Finance,212,Auditing,core
223,Chartered Accountant,Finance,215,Budgeting,core
223,Chartered Accountant,Finance,214,Financial Reporting,core
223,Chartered Accountant,Finance,210,GAAP,core
223,Chartered Accountant,Finance,213,GST,core
223,Chartered Accountant,Finance,209,IFRS,core
223,Chartered Accountant,Finance,211,Tax Planning,core
223,Chartered Accountant,Finance,137,Excel,secondary
223,Chartered Accountant,Finance,205,QuickBooks,secondary
223,Chartered Accountant,Finance,206,SAP FICO,secondary
223,Chartered Accountant,Finance,207,Tally,secondary
223,Chartered Accountant,Finance,208,Zoho Books,secondary
223,Chartered Accountant,Finance,199,Financial Modeling,bonus
223,Chartered Accountant,Finance,203,Risk Management,bonus
223,Chartered Accountant,Finance,200,Valuation,bonus
224,Financial Controller,Finance,212,Auditing,core
224,Financial Controller,Finance,215,Budgeting,core
224,Financial Controller,Finance,199,Financial Modeling,core
224,Financial Controller,Finance,214,Financial Reporting,core
224,Financial Controller,Finance,210,GAAP,core
224,Financial Controller,Finance,484,Leadership,core
224,Financial Controller,Finance,216,Treasury Management,core
224,Financial Controller,Finance,205,QuickBooks,secondary
224,Financial Controller,Finance,203,Risk Management,secondary
224,Financial Controller,Finance,206,SAP FICO,secondary
224,Financial Controller,Finance,207,Tally,secondary
224,Financial Controller,Finance,208,Zoho Books,secondary
224,Financial Controller,Finance,209,IFRS,bonus
224,Financial Controller,Finance,373,Strategic Planning,bonus
224,Financial Controller,Finance,211,Tax Planning,bonus
225,CFO,Finance,215,Budgeting,core
225,CFO,Finance,199,Financial Modeling,core
225,CFO,Finance,214,Financial Reporting,core
225,CFO,Finance,484,Leadership,core
225,CFO,Finance,203,Risk Management,core
225,CFO,Finance,373,Strategic Planning,core
225,CFO,Finance,216,Treasury Management,core
225,CFO,Finance,204,Bloomberg Terminal,secondary
225,CFO,Finance,209,IFRS,secondary
225,CFO,Finance,201,Investment Analysis,secondary
225,CFO,Finance,202,Portfolio Management,secondary
225,CFO,Finance,200,Valuation,secondary
225,CFO,Finance,210,GAAP,bonus
225,CFO,Finance,491,Negotiation,bonus
225,CFO,Finance,211,Tax Planning,bonus
226,Tax Consultant,Finance,215,Budgeting,core
226,Tax Consultant,Finance,214,Financial Reporting,core
226,Tax Consultant,Finance,210,GAAP,core
226,Tax Consultant,Finance,213,GST,core
226,Tax Consultant,Finance,209,IFRS,core
226,Tax Consultant,Finance,381,Tax Law,core
226,Tax Consultant,Finance,211,Tax Planning,core
226,Tax Consultant,Finance,137,Excel,secondary
226,Tax Consultant,Finance,205,QuickBooks,secondary
226,Tax Consultant,Finance,206,SAP FICO,secondary
226,Tax Consultant,Finance,207,Tally,secondary
226,Tax Consultant,Finance,208,Zoho Books,secondary
226,Tax Consultant,Finance,199,Financial Modeling,bonus
226,Tax Consultant,Finance,203,Risk Management,bonus
226,Tax Consultant,Finance,200,Valuation,bonus
227,Auditor,Finance,499,Attention to Detail,core
227,Auditor,Finance,212,Auditing,core
227,Auditor,Finance,215,Budgeting,core
227,Auditor,Finance,214,Financial Reporting,core
227,Auditor,Finance,210,GAAP,core
227,Auditor,Finance,209,IFRS,core
227,Auditor,Finance,496,Research Skills,core
227,Auditor,Finance,205,QuickBooks,secondary
227,Auditor,Finance,203,Risk Management,secondary
227,Auditor,Finance,206,SAP FICO,secondary
227,Auditor,Finance,207,Tally,secondary
227,Auditor,Finance,208,Zoho Books,secondary
227,Auditor,Finance,213,GST,bonus
227,Auditor,Finance,373,Strategic Planning,bonus
227,Auditor,Finance,211,Tax Planning,bonus
228,Risk Analyst,Finance,497,Analytical Thinking,core
228,Risk Analyst,Finance,215,Budgeting,core
228,Risk Analyst,Finance,218,Derivatives,core
228,Risk Analyst,Finance,199,Financial Modeling,core
228,Risk Analyst,Finance,201,Investment Analysis,core
228,Risk Analyst,Finance,203,Risk Management,core
228,Risk Analyst,Finance,144,Statistics,core
228,Risk Analyst,Finance,204,Bloomberg Terminal,secondary
228,Risk Analyst,Finance,127,NumPy,secondary
228,Risk Analyst,Finance,126,Pandas,secondary
228,Risk Analyst,Finance,205,QuickBooks,secondary
228,Risk Analyst,Finance,80,SQL,secondary
228,Risk Analyst,Finance,219,Equity Research,bonus
228,Risk Analyst,Finance,221,Forex Trading,bonus
228,Risk Analyst,Finance,202,Portfolio Management,bonus
229,Portfolio Manager,Finance,218,Derivatives,core
229,Portfolio Manager,Finance,199,Financial Modeling,core
229,Portfolio Manager,Finance,220,Fixed Income,core
229,Portfolio Manager,Finance,201,Investment Analysis,core
229,Portfolio Manager,Finance,484,Leadership,core
229,Portfolio Manager,Finance,202,Portfolio Management,core
229,Portfolio Manager,Finance,203,Risk Management,core
229,Portfolio Manager,Finance,204,Bloomberg Terminal,secondary
229,Portfolio Manager,Finance,215,Budgeting,secondary
229,Portfolio Manager,Finance,219,Equity Research,secondary
229,Portfolio Manager,Finance,221,Forex Trading,secondary
229,Portfolio Manager,Finance,216,Treasury Management,secondary
229,Portfolio Manager,Finance,217,Credit Analysis,bonus
229,Portfolio Manager,Finance,491,Negotiation,bonus
229,Portfolio Manager,Finance,200,Valuation,bonus
230,Equity Research Analyst,Finance,497,Analytical Thinking,core
230,Equity Research Analyst,Finance,204,Bloomberg Terminal,core
230,Equity Research Analyst,Finance,219,Equity Research,core
230,Equity Research Analyst,Finance,199,Financial Modeling,core
230,Equity Research Analyst,Finance,214,Financial Reporting,core
230,Equity Research Analyst,Finance,201,Investment Analysis,core
230,Equity Research Analyst,Finance,200,Valuation,core
230,Equity Research Analyst,Finance,218,Derivatives,secondary
230,Equity Research Analyst,Finance,137,Excel,secondary
230,Equity Research Analyst,Finance,220,Fixed Income,secondary
230,Equity Research Analyst,Finance,202,Portfolio Management,secondary
230,Equity Research Analyst,Finance,203,Risk Management,secondary
230,Equity Research Analyst,Finance,126,Pandas,bonus
230,Equity Research Analyst,Finance,144,Statistics,bonus
230,Equity Research Analyst,Finance,133,Tableau,bonus
231,Credit Analyst,Finance,497,Analytical Thinking,core
231,Credit Analyst,Finance,215,Budgeting,core
231,Credit Analyst,Finance,217,Credit Analysis,core
231,Credit Analyst,Finance,199,Financial Modeling,core
231,Credit Analyst,Finance,214,Financial Reporting,core
231,Credit Analyst,Finance,201,Investment Analysis,core
231,Credit Analyst,Finance,203,Risk Management,core
231,Credit Analyst,Finance,137,Excel,secondary
231,Credit Analyst,Finance,205,QuickBooks,secondary
231,Credit Analyst,Finance,206,SAP FICO,secondary
231,Credit Analyst,Finance,207,Tally,secondary
231,Credit Analyst,Finance,208,Zoho Books,secondary
231,Credit Analyst,Finance,218,Derivatives,bonus
231,Credit Analyst,Finance,221,Forex Trading,bonus
231,Credit Analyst,Finance,202,Portfolio Management,bonus
232,Treasury Analyst,Finance,497,Analytical Thinking,core
232,Treasury Analyst,Finance,215,Budgeting,core
232,Treasury Analyst,Finance,218,Derivatives,core
232,Treasury Analyst,Finance,199,Financial Modeling,core
232,Treasury Analyst,Finance,201,Investment Analysis,core
232,Treasury Analyst,Finance,203,Risk Management,core
232,Treasury Analyst,Finance,216,Treasury Management,core
232,Treasury Analyst,Finance,137,Excel,secondary
232,Treasury Analyst,Finance,205,QuickBooks,secondary
232,Treasury Analyst,Finance,206,SAP FICO,secondary
232,Treasury Analyst,Finance,207,Tally,secondary
232,Treasury Analyst,Finance,208,Zoho Books,secondary
232,Treasury Analyst,Finance,220,Fixed Income,bonus
232,Treasury Analyst,Finance,221,Forex Trading,bonus
232,Treasury Analyst,Finance,202,Portfolio Management,bonus
233,Insurance Analyst,Finance,222,Actuarial Science,core
233,Insurance Analyst,Finance,497,Analytical Thinking,core
233,Insurance Analyst,Finance,215,Budgeting,core
233,Insurance Analyst,Finance,199,Financial Modeling,core
233,Insurance Analyst,Finance,214,Financial Reporting,core
233,Insurance Analyst,Finance,223,Insurance Underwriting,core
233,Insurance Analyst,Finance,203,Risk Management,core
233,Insurance Analyst,Finance,137,Excel,secondary
233,Insurance Analyst,Finance,205,QuickBooks,secondary
233,Insurance Analyst,Finance,206,SAP FICO,secondary
233,Insurance Analyst,Finance,207,Tally,secondary
233,Insurance Analyst,Finance,208,Zoho Books,secondary
233,Insurance Analyst,Finance,218,Derivatives,bonus
233,Insurance Analyst,Finance,221,Forex Trading,bonus
233,Insurance Analyst,Finance,202,Portfolio Management,bonus
234,Actuary,Finance,222,Actuarial Science,core
234,Actuary,Finance,497,Analytical Thinking,core
234,Actuary,Finance,215,Budgeting,core
234,Actuary,Finance,199,Financial Modeling,core
234,Actuary,Finance,145,Probability,core
234,Actuary,Finance,203,Risk Management,core
234,Actuary,Finance,144,Statistics,core
234,Actuary,Finance,218,Derivatives,secondary
234,Actuary,Finance,127,NumPy,secondary
234,Actuary,Finance,126,Pandas,secondary
234,Actuary,Finance,1,Python,secondary
234,Actuary,Finance,15,R,secondary
234,Actuary,Finance,247,Biostatistics,bonus
234,Actuary,Finance,221,Forex Trading,bonus
234,Actuary,Finance,202,Portfolio Management,bonus
235,Compliance Officer,Finance,224,Compliance,core
235,Compliance Officer,Finance,391,Compliance Management,core
235,Compliance Officer,Finance,171,GDPR Compliance,core
235,Compliance Officer,Finance,209,IFRS,core
235,Compliance Officer,Finance,170,ISO 27001,core
235,Compliance Officer,Finance,225,KYC/AML,core
235,Compliance Officer,Finance,203,Risk Management,core
235,Compliance Officer,Finance,376,Contract Law,secondary
235,Compliance Officer,Finance,205,QuickBooks,secondary
235,Compliance Officer,Finance,206,SAP FICO,secondary
235,Compliance Officer,Finance,207,Tally,secondary
235,Compliance Officer,Finance,208,Zoho Books,secondary
235,Compliance Officer,Finance,383,Constitutional Law,bonus
235,Compliance Officer,Finance,392,Data Privacy Law,bonus
235,Compliance Officer,Finance,382,Labour Law,bonus
236,KYC Analyst,Finance,499,Attention to Detail,core
236,KYC Analyst,Finance,215,Budgeting,core
236,KYC Analyst,Finance,224,Compliance,core
236,KYC Analyst,Finance,171,GDPR Compliance,core
236,KYC Analyst,Finance,170,ISO 27001,core
236,KYC Analyst,Finance,225,KYC/AML,core
236,KYC Analyst,Finance,203,Risk Management,core
236,KYC Analyst,Finance,376,Contract Law,secondary
236,KYC Analyst,Finance,205,QuickBooks,secondary
236,KYC Analyst,Finance,206,SAP FICO,secondary
236,KYC Analyst,Finance,207,Tally,secondary
236,KYC Analyst,Finance,208,Zoho Books,secondary
236,KYC Analyst,Finance,383,Constitutional Law,bonus
236,KYC Analyst,Finance,392,Data Privacy Law,bonus
236,KYC Analyst,Finance,382,Labour Law,bonus
237,Forex Trader,Finance,497,Analytical Thinking,core
237,Forex Trader,Finance,204,Bloomberg Terminal,core
237,Forex Trader,Finance,215,Budgeting,core
237,Forex Trader,Finance,218,Derivatives,core
237,Forex Trader,Finance,199,Financial Modeling,core
237,Forex Trader,Finance,221,Forex Trading,core
237,Forex Trader,Finance,203,Risk Management,core
237,Forex Trader,Finance,219,Equity Research,secondary
237,Forex Trader,Finance,220,Fixed Income,secondary
237,Forex Trader,Finance,201,Investment Analysis,secondary
237,Forex Trader,Finance,202,Portfolio Management,secondary
237,Forex Trader,Finance,216,Treasury Management,secondary
237,Forex Trader,Finance,145,Probability,bonus
237,Forex Trader,Finance,144,Statistics,bonus
238,Derivatives Analyst,Finance,497,Analytical Thinking,core
238,Derivatives Analyst,Finance,215,Budgeting,core
238,Derivatives Analyst,Finance,218,Derivatives,core
238,Derivatives Analyst,Finance,199,Financial Modeling,core
238,Derivatives Analyst,Finance,201,Investment Analysis,core
238,Derivatives Analyst,Finance,202,Portfolio Management,core
238,Derivatives Analyst,Finance,203,Risk Management,core
238,Derivatives Analyst,Finance,204,Bloomberg Terminal,secondary
238,Derivatives Analyst,Finance,219,Equity Research,secondary
238,Derivatives Analyst,Finance,220,Fixed Income,secondary
238,Derivatives Analyst,Finance,221,Forex Trading,secondary
238,Derivatives Analyst,Finance,216,Treasury Management,secondary
238,Derivatives Analyst,Finance,222,Actuarial Science,bonus
238,Derivatives Analyst,Finance,145,Probability,bonus
238,Derivatives Analyst,Finance,144,Statistics,bonus
239,Fixed Income Analyst,Finance,497,Analytical Thinking,core
239,Fixed Income Analyst,Finance,215,Budgeting,core
239,Fixed Income Analyst,Finance,218,Derivatives,core
239,Fixed Income Analyst,Finance,199,Financial Modeling,core
239,Fixed Income Analyst,Finance,220,Fixed Income,core
239,Fixed Income Analyst,Finance,202,Portfolio Management,core
239,Fixed Income Analyst,Finance,203,Risk Management,core
239,Fixed Income Analyst,Finance,204,Bloomberg Terminal,secondary
239,Fixed Income Analyst,Finance,219,Equity Research,secondary
239,Fixed Income Analyst,Finance,221,Forex Trading,secondary
239,Fixed Income Analyst,Finance,201,Investment Analysis,secondary
239,Fixed Income Analyst,Finance,216,Treasury Management,secondary
239,Fixed Income Analyst,Finance,222,Actuarial Science,bonus
239,Fixed Income Analyst,Finance,145,Probability,bonus
239,Fixed Income Analyst,Finance,144,Statistics,bonus
240,Cost Accountant,Finance,499,Attention to Detail,core
240,Cost Accountant,Finance,212,Auditing,core
240,Cost Accountant,Finance,215,Budgeting,core
240,Cost Accountant,Finance,214,Financial Reporting,core
240,Cost Accountant,Finance,210,GAAP,core
240,Cost Accountant,Finance,213,GST,core
240,Cost Accountant,Finance,209,IFRS,core
240,Cost Accountant,Finance,137,Excel,secondary
240,Cost Accountant,Finance,205,QuickBooks,secondary
240,Cost Accountant,Finance,206,SAP FICO,secondary
240,Cost Accountant,Finance,207,Tally,secondary
240,Cost Accountant,Finance,208,Zoho Books,secondary
240,Cost Accountant,Finance,199,Financial Modeling,bonus
240,Cost Accountant,Finance,203,Risk Management,bonus
240,Cost Accountant,Finance,200,Valuation,bonus
241,Management Accountant,Finance,499,Attention to Detail,core
241,Management Accountant,Finance,212,Auditing,core
241,Management Accountant,Finance,215,Budgeting,core
241,Management Accountant,Finance,214,Financial Reporting,core
241,Management Accountant,Finance,210,GAAP,core
241,Management Accountant,Finance,213,GST,core
241,Management Accountant,Finance,209,IFRS,core
241,Management Accountant,Finance,137,Excel,secondary
241,Management Accountant,Finance,205,QuickBooks,secondary
241,Management Accountant,Finance,206,SAP FICO,secondary
241,Management Accountant,Finance,207,Tally,secondary
241,Management Accountant,Finance,208,Zoho Books,secondary
241,Management Accountant,Finance,199,Financial Modeling,bonus
241,Management Accountant,Finance,203,Risk Management,bonus
241,Management Accountant,Finance,200,Valuation,bonus
242,Forensic Accountant,Finance,499,Attention to Detail,core
242,Forensic Accountant,Finance,212,Auditing,core
242,Forensic Accountant,Finance,215,Budgeting,core
242,Forensic Accountant,Finance,162,Ethical Hacking,core
242,Forensic Accountant,Finance,214,Financial Reporting,core
242,Forensic Accountant,Finance,210,GAAP,core
242,Forensic Accountant,Finance,209,IFRS,core
242,Forensic Accountant,Finance,376,Contract Law,secondary
242,Forensic Accountant,Finance,205,QuickBooks,secondary
242,Forensic Accountant,Finance,206,SAP FICO,secondary
242,Forensic Accountant,Finance,207,Tally,secondary
242,Forensic Accountant,Finance,208,Zoho Books,secondary
242,Forensic Accountant,Finance,379,Civil Litigation,bonus
242,Forensic Accountant,Finance,392,Data Privacy Law,bonus
242,Forensic Accountant,Finance,382,Labour Law,bonus
243,SAP Finance Consultant,Finance,212,Auditing,core
243,SAP Finance Consultant,Finance,215,Budgeting,core
243,SAP Finance Consultant,Finance,374,Business Analysis,core
243,SAP Finance Consultant,Finance,214,Financial Reporting,core
243,SAP Finance Consultant,Finance,210,GAAP,core
243,SAP Finance Consultant,Finance,365,Project Management,core
243,SAP Finance Consultant,Finance,206,SAP FICO,core
243,SAP Finance Consultant,Finance,137,Excel,secondary
243,SAP Finance Consultant,Finance,205,QuickBooks,secondary
243,SAP Finance Consultant,Finance,80,SQL,secondary
243,SAP Finance Consultant,Finance,207,Tally,secondary
243,SAP Finance Consultant,Finance,208,Zoho Books,secondary
243,SAP Finance Consultant,Finance,199,Financial Modeling,bonus
243,SAP Finance Consultant,Finance,353,SAP HR,bonus
243,SAP Finance Consultant,Finance,200,Valuation,bonus
244,Tally Accountant,Finance,499,Attention to Detail,core
244,Tally Accountant,Finance,212,Auditing,core
244,Tally Accountant,Finance,215,Budgeting,core
244,Tally Accountant,Finance,214,Financial Reporting,core
244,Tally Accountant,Finance,210,GAAP,core
244,Tally Accountant,Finance,213,GST,core
244,Tally Accountant,Finance,207,Tally,core
244,Tally Accountant,Finance,137,Excel,secondary
244,Tally Accountant,Finance,205,QuickBooks,secondary
244,Tally Accountant,Finance,206,SAP FICO,secondary
244,Tally Accountant,Finance,80,SQL,secondary
244,Tally Accountant,Finance,208,Zoho Books,secondary
244,Tally Accountant,Finance,199,Financial Modeling,bonus
244,Tally Accountant,Finance,203,Risk Management,bonus
244,Tally Accountant,Finance,200,Valuation,bonus
245,Bookkeeper,Finance,499,Attention to Detail,core
245,Bookkeeper,Finance,212,Auditing,core
245,Bookkeeper,Finance,215,Budgeting,core
245,Bookkeeper,Finance,137,Excel,core
245,Bookkeeper,Finance,214,Financial Reporting,core
245,Bookkeeper,Finance,210,GAAP,core
245,Bookkeeper,Finance,213,GST,core
245,Bookkeeper,Finance,205,QuickBooks,secondary
245,Bookkeeper,Finance,206,SAP FICO,secondary
245,Bookkeeper,Finance,80,SQL,secondary
245,Bookkeeper,Finance,207,Tally,secondary
245,Bookkeeper,Finance,208,Zoho Books,secondary
245,Bookkeeper,Finance,199,Financial Modeling,bonus
245,Bookkeeper,Finance,203,Risk Management,bonus
245,Bookkeeper,Finance,200,Valuation,bonus
246,Payroll Specialist,Finance,499,Attention to Detail,core
246,Payroll Specialist,Finance,212,Auditing,core
246,Payroll Specialist,Finance,215,Budgeting,core
246,Payroll Specialist,Finance,214,Financial Reporting,core
246,Payroll Specialist,Finance,210,GAAP,core
246,Payroll Specialist,Finance,213,GST,core
246,Payroll Specialist,Finance,351,Payroll,core
246,Payroll Specialist,Finance,205,QuickBooks,secondary
246,Payroll Specialist,Finance,206,SAP FICO,secondary
246,Payroll Specialist,Finance,80,SQL,secondary
246,Payroll Specialist,Finance,207,Tally,secondary
246,Payroll Specialist,Finance,208,Zoho Books,secondary
246,Payroll Specialist,Finance,199,Financial Modeling,bonus
246,Payroll Specialist,Finance,353,SAP HR,bonus
246,Payroll Specialist,Finance,200,Valuation,bonus
247,Budget Analyst,Finance,497,Analytical Thinking,core
247,Budget Analyst,Finance,215,Budgeting,core
247,Budget Analyst,Finance,199,Financial Modeling,core
247,Budget Analyst,Finance,214,Financial Reporting,core
247,Budget Analyst,Finance,210,GAAP,core
247,Budget Analyst,Finance,203,Risk Management,core
247,Budget Analyst,Finance,144,Statistics,core
247,Budget Analyst,Finance,137,Excel,secondary
247,Budget Analyst,Finance,205,QuickBooks,secondary
247,Budget Analyst,Finance,206,SAP FICO,secondary
247,Budget Analyst,Finance,207,Tally,secondary
247,Budget Analyst,Finance,208,Zoho Books,secondary
247,Budget Analyst,Finance,219,Equity Research,bonus
247,Budget Analyst,Finance,221,Forex Trading,bonus
247,Budget Analyst,Finance,202,Portfolio Management,bonus
248,Economic Analyst,Finance,497,Analytical Thinking,core
248,Economic Analyst,Finance,215,Budgeting,core
248,Economic Analyst,Finance,199,Financial Modeling,core
248,Economic Analyst,Finance,214,Financial Reporting,core
248,Economic Analyst,Finance,145,Probability,core
248,Economic Analyst,Finance,496,Research Skills,core
248,Economic Analyst,Finance,144,Statistics,core
248,Economic Analyst,Finance,137,Excel,secondary
248,Economic Analyst,Finance,201,Investment Analysis,secondary
248,Economic Analyst,Finance,127,NumPy,secondary
248,Economic Analyst,Finance,126,Pandas,secondary
248,Economic Analyst,Finance,203,Risk Management,secondary
248,Economic Analyst,Finance,247,Biostatistics,bonus
248,Economic Analyst,Finance,219,Equity Research,bonus
248,Economic Analyst,Finance,220,Fixed Income,bonus
249,Micro Finance Analyst,Finance,215,Budgeting,core
249,Micro Finance Analyst,Finance,483,Communication,core
249,Micro Finance Analyst,Finance,199,Financial Modeling,core
249,Micro Finance Analyst,Finance,214,Financial Reporting,core
249,Micro Finance Analyst,Finance,210,GAAP,core
249,Micro Finance Analyst,Finance,203,Risk Management,core
249,Micro Finance Analyst,Finance,481,Rural Development,core
249,Micro Finance Analyst,Finance,473,Community Development,secondary
249,Micro Finance Analyst,Finance,205,QuickBooks,secondary
249,Micro Finance Analyst,Finance,206,SAP FICO,secondary
249,Micro Finance Analyst,Finance,207,Tally,secondary
249,Micro Finance Analyst,Finance,208,Zoho Books,secondary
249,Micro Finance Analyst,Finance,219,Equity Research,bonus
249,Micro Finance Analyst,Finance,221,Forex Trading,bonus
249,Micro Finance Analyst,Finance,202,Portfolio Management,bonus
250,Wealth Manager,Finance,218,Derivatives,core
250,Wealth Manager,Finance,199,Financial Modeling,core
250,Wealth Manager,Finance,201,Investment Analysis,core
250,Wealth Manager,Finance,484,Leadership,core
250,Wealth Manager,Finance,491,Negotiation,core
250,Wealth Manager,Finance,202,Portfolio Management,core
250,Wealth Manager,Finance,203,Risk Management,core
250,Wealth Manager,Finance,204,Bloomberg Terminal,secondary
250,Wealth Manager,Finance,215,Budgeting,secondary
250,Wealth Manager,Finance,219,Equity Research,secondary
250,Wealth Manager,Finance,221,Forex Trading,secondary
250,Wealth Manager,Finance,216,Treasury Management,secondary
250,Wealth Manager,Finance,217,Credit Analysis,bonus
250,Wealth Manager,Finance,293,HubSpot,bonus
250,Wealth Manager,Finance,200,Valuation,bonus
251,Loan Officer,Finance,215,Budgeting,core
251,Loan Officer,Finance,217,Credit Analysis,core
251,Loan Officer,Finance,199,Financial Modeling,core
251,Loan Officer,Finance,214,Financial Reporting,core
251,Loan Officer,Finance,201,Investment Analysis,core
251,Loan Officer,Finance,491,Negotiation,core
251,Loan Officer,Finance,203,Risk Management,core
251,Loan Officer,Finance,137,Excel,secondary
251,Loan Officer,Finance,205,QuickBooks,secondary
251,Loan Officer,Finance,206,SAP FICO,secondary
251,Loan Officer,Finance,207,Tally,secondary
251,Loan Officer,Finance,208,Zoho Books,secondary
251,Loan Officer,Finance,218,Derivatives,bonus
251,Loan Officer,Finance,221,Forex Trading,bonus
251,Loan Officer,Finance,202,Portfolio Management,bonus
252,Financial Planner,Finance,497,Analytical Thinking,core
252,Financial Planner,Finance,215,Budgeting,core
252,Financial Planner,Finance,199,Financial Modeling,core
252,Financial Planner,Finance,214,Financial Reporting,core
252,Financial Planner,Finance,210,GAAP,core
252,Financial Planner,Finance,202,Portfolio Management,core
252,Financial Planner,Finance,211,Tax Planning,core
252,Financial Planner,Finance,137,Excel,secondary
252,Financial Planner,Finance,205,QuickBooks,secondary
252,Financial Planner,Finance,206,SAP FICO,secondary
252,Financial Planner,Finance,207,Tally,secondary
252,Financial Planner,Finance,208,Zoho Books,secondary
252,Financial Planner,Finance,219,Equity Research,bonus
252,Financial Planner,Finance,221,Forex Trading,bonus
252,Financial Planner,Finance,203,Risk Management,bonus
253,Mergers and Acquisitions Analyst,Finance,497,Analytical Thinking,core
253,Mergers and Acquisitions Analyst,Finance,215,Budgeting,core
253,Mergers and Acquisitions Analyst,Finance,199,Financial Modeling,core
253,Mergers and Acquisitions Analyst,Finance,201,Investment Analysis,core
253,Mergers and Acquisitions Analyst,Finance,390,Mergers and Acquisitions,core
253,Mergers and Acquisitions Analyst,Finance,203,Risk Management,core
253,Mergers and Acquisitions Analyst,Finance,200,Valuation,core
253,Mergers and Acquisitions Analyst,Finance,204,Bloomberg Terminal,secondary
253,Mergers and Acquisitions Analyst,Finance,218,Derivatives,secondary
253,Mergers and Acquisitions Analyst,Finance,219,Equity Research,secondary
253,Mergers and Acquisitions Analyst,Finance,221,Forex Trading,secondary
253,Mergers and Acquisitions Analyst,Finance,216,Treasury Management,secondary
253,Mergers and Acquisitions Analyst,Finance,391,Compliance Management,bonus
253,Mergers and Acquisitions Analyst,Finance,383,Constitutional Law,bonus
253,Mergers and Acquisitions Analyst,Finance,376,Contract Law,bonus
254,Venture Capital Analyst,Finance,497,Analytical Thinking,core
254,Venture Capital Analyst,Finance,215,Budgeting,core
254,Venture Capital Analyst,Finance,199,Financial Modeling,core
254,Venture Capital Analyst,Finance,310,Growth Hacking,core
254,Venture Capital Analyst,Finance,201,Investment Analysis,core
254,Venture Capital Analyst,Finance,203,Risk Management,core
254,Venture Capital Analyst,Finance,200,Valuation,core
254,Venture Capital Analyst,Finance,204,Bloomberg Terminal,secondary
254,Venture Capital Analyst,Finance,218,Derivatives,secondary
254,Venture Capital Analyst,Finance,219,Equity Research,secondary
254,Venture Capital Analyst,Finance,221,Forex Trading,secondary
254,Venture Capital Analyst,Finance,216,Treasury Management,secondary
254,Venture Capital Analyst,Finance,374,Business Analysis,bonus
254,Venture Capital Analyst,Finance,491,Negotiation,bonus
254,Venture Capital Analyst,Finance,307,Product Marketing,bonus
255,Private Equity Analyst,Finance,497,Analytical Thinking,core
255,Private Equity Analyst,Finance,215,Budgeting,core
255,Private Equity Analyst,Finance,218,Derivatives,core
255,Private Equity Analyst,Finance,199,Financial Modeling,core
255,Private Equity Analyst,Finance,201,Investment Analysis,core
255,Private Equity Analyst,Finance,203,Risk Management,core
255,Private Equity Analyst,Finance,200,Valuation,core
255,Private Equity Analyst,Finance,204,Bloomberg Terminal,secondary
255,Private Equity Analyst,Finance,219,Equity Research,secondary
255,Private Equity Analyst,Finance,221,Forex Trading,secondary
255,Private Equity Analyst,Finance,390,Mergers and Acquisitions,secondary
255,Private Equity Analyst,Finance,216,Treasury Management,secondary
255,Private Equity Analyst,Finance,374,Business Analysis,bonus
255,Private Equity Analyst,Finance,491,Negotiation,bonus
255,Private Equity Analyst,Finance,307,Product Marketing,bonus
256,Real Estate Financial Analyst,Finance,497,Analytical Thinking,core
256,Real Estate Financial Analyst,Finance,215,Budgeting,core
256,Real Estate Financial Analyst,Finance,199,Financial Modeling,core
256,Real Estate Financial Analyst,Finance,214,Financial Reporting,core
256,Real Estate Financial Analyst,Finance,201,Investment Analysis,core
256,Real Estate Financial Analyst,Finance,393,Real Estate Law,core
256,Real Estate Financial Analyst,Finance,203,Risk Management,core
256,Real Estate Financial Analyst,Finance,137,Excel,secondary
256,Real Estate Financial Analyst,Finance,205,QuickBooks,secondary
256,Real Estate Financial Analyst,Finance,206,SAP FICO,secondary
256,Real Estate Financial Analyst,Finance,207,Tally,secondary
256,Real Estate Financial Analyst,Finance,208,Zoho Books,secondary
256,Real Estate Financial Analyst,Finance,218,Derivatives,bonus
256,Real Estate Financial Analyst,Finance,221,Forex Trading,bonus
256,Real Estate Financial Analyst,Finance,202,Portfolio Management,bonus
257,Cryptocurrency Analyst,Finance,497,Analytical Thinking,core
257,Cryptocurrency Analyst,Finance,515,DeFi,core
257,Cryptocurrency Analyst,Finance,218,Derivatives,core
257,Cryptocurrency Analyst,Finance,512,Ethereum,core
257,Cryptocurrency Analyst,Finance,199,Financial Modeling,core
257,Cryptocurrency Analyst,Finance,203,Risk Management,core
257,Cryptocurrency Analyst,Finance,511,Solidity,core
257,Cryptocurrency Analyst,Finance,204,Bloomberg Terminal,secondary
257,Cryptocurrency Analyst,Finance,219,Equity Research,secondary
257,Cryptocurrency Analyst,Finance,201,Investment Analysis,secondary
257,Cryptocurrency Analyst,Finance,202,Portfolio Management,secondary
257,Cryptocurrency Analyst,Finance,1,Python,secondary
257,Cryptocurrency Analyst,Finance,221,Forex Trading,bonus
257,Cryptocurrency Analyst,Finance,145,Probability,bonus
257,Cryptocurrency Analyst,Finance,144,Statistics,bonus
258,ESG Analyst,Finance,497,Analytical Thinking,core
258,ESG Analyst,Finance,215,Budgeting,core
258,ESG Analyst,Finance,445,Climate Science,core
258,ESG Analyst,Finance,440,Environmental Impact Assessment,core
258,ESG Analyst,Finance,199,Financial Modeling,core
258,ESG Analyst,Finance,214,Financial Reporting,core
258,ESG Analyst,Finance,203,Risk Management,core
258,ESG Analyst,Finance,137,Excel,secondary
258,ESG Analyst,Finance,205,QuickBooks,secondary
258,ESG Analyst,Finance,206,SAP FICO,secondary
258,ESG Analyst,Finance,207,Tally,secondary
258,ESG Analyst,Finance,208,Zoho Books,secondary
258,ESG Analyst,Finance,219,Equity Research,bonus
258,ESG Analyst,Finance,221,Forex Trading,bonus
258,ESG Analyst,Finance,202,Portfolio Management,bonus
259,Insurance Underwriter,Finance,222,Actuarial Science,core
259,Insurance Underwriter,Finance,499,Attention to Detail,core
259,Insurance Underwriter,Finance,215,Budgeting,core
259,Insurance Underwriter,Finance,199,Financial Modeling,core
259,Insurance Underwriter,Finance,214,Financial Reporting,core
259,Insurance Underwriter,Finance,223,Insurance Underwriting,core
259,Insurance Underwriter,Finance,203,Risk Management,core
259,Insurance Underwriter,Finance,137,Excel,secondary
259,Insurance Underwriter,Finance,205,QuickBooks,secondary
259,Insurance Underwriter,Finance,206,SAP FICO,secondary
259,Insurance Underwriter,Finance,207,Tally,secondary
259,Insurance Underwriter,Finance,208,Zoho Books,secondary
259,Insurance Underwriter,Finance,218,Derivatives,bonus
259,Insurance Underwriter,Finance,221,Forex Trading,bonus
259,Insurance Underwriter,Finance,202,Portfolio Management,bonus
260,Financial Risk Manager,Finance,497,Analytical Thinking,core
260,Financial Risk Manager,Finance,215,Budgeting,core
260,Financial Risk Manager,Finance,218,Derivatives,core
260,Financial Risk Manager,Finance,199,Financial Modeling,core
260,Financial Risk Manager,Finance,214,Financial Reporting,core
260,Financial Risk Manager,Finance,201,Investment Analysis,core
260,Financial Risk Manager,Finance,203,Risk Management,core
260,Financial Risk Manager,Finance,222,Actuarial Science,secondary
260,Financial Risk Manager,Finance,204,Bloomberg Terminal,secondary
260,Financial Risk Manager,Finance,219,Equity Research,secondary
260,Financial Risk Manager,Finance,221,Forex Trading,secondary
260,Financial Risk Manager,Finance,216,Treasury Management,secondary
260,Financial Risk Manager,Finance,247,Biostatistics,bonus
260,Financial Risk Manager,Finance,145,Probability,bonus
260,Financial Risk Manager,Finance,144,Statistics,bonus
261,Trade Finance Analyst,Finance,497,Analytical Thinking,core
261,Trade Finance Analyst,Finance,215,Budgeting,core
261,Trade Finance Analyst,Finance,199,Financial Modeling,core
261,Trade Finance Analyst,Finance,214,Financial Reporting,core
261,Trade Finance Analyst,Finance,384,International Law,core
261,Trade Finance Analyst,Finance,203,Risk Management,core
261,Trade Finance Analyst,Finance,216,Treasury Management,core
261,Trade Finance Analyst,Finance,137,Excel,secondary
261,Trade Finance Analyst,Finance,205,QuickBooks,secondary
261,Trade Finance Analyst,Finance,206,SAP FICO,secondary
261,Trade Finance Analyst,Finance,207,Tally,secondary
261,Trade Finance Analyst,Finance,208,Zoho Books,secondary
261,Trade Finance Analyst,Finance,218,Derivatives,bonus
261,Trade Finance Analyst,Finance,221,Forex Trading,bonus
261,Trade Finance Analyst,Finance,202,Portfolio Management,bonus
262,Pension Fund Manager,Finance,222,Actuarial Science,core
262,Pension Fund Manager,Finance,215,Budgeting,core
262,Pension Fund Manager,Finance,199,Financial Modeling,core
262,Pension Fund Manager,Finance,214,Financial Reporting,core
262,Pension Fund Manager,Finance,484,Leadership,core
262,Pension Fund Manager,Finance,202,Portfolio Management,core
262,Pension Fund Manager,Finance,203,Risk Management,core
262,Pension Fund Manager,Finance,204,Bloomberg Terminal,secondary
262,Pension Fund Manager,Finance,219,Equity Research,secondary
262,Pension Fund Manager,Finance,220,Fixed Income,secondary
262,Pension Fund Manager,Finance,221,Forex Trading,secondary
262,Pension Fund Manager,Finance,216,Treasury Management,secondary
262,Pension Fund Manager,Finance,217,Credit Analysis,bonus
262,Pension Fund Manager,Finance,491,Negotiation,bonus
262,Pension Fund Manager,Finance,200,Valuation,bonus
263,Commodity Trader,Finance,497,Analytical Thinking,core
263,Commodity Trader,Finance,204,Bloomberg Terminal,core
263,Commodity Trader,Finance,215,Budgeting,core
263,Commodity Trader,Finance,218,Derivatives,core
263,Commodity Trader,Finance,199,Financial Modeling,core
263,Commodity Trader,Finance,221,Forex Trading,core
263,Commodity Trader,Finance,203,Risk Management,core
263,Commodity Trader,Finance,219,Equity Research,secondary
263,Commodity Trader,Finance,220,Fixed Income,secondary
263,Commodity Trader,Finance,201,Investment Analysis,secondary
263,Commodity Trader,Finance,202,Portfolio Management,secondary
263,Commodity Trader,Finance,216,Treasury Management,secondary
263,Commodity Trader,Finance,145,Probability,bonus
263,Commodity Trader,Finance,144,Statistics,bonus
264,Hedge Fund Analyst,Finance,497,Analytical Thinking,core
264,Hedge Fund Analyst,Finance,215,Budgeting,core
264,Hedge Fund Analyst,Finance,218,Derivatives,core
264,Hedge Fund Analyst,Finance,199,Financial Modeling,core
264,Hedge Fund Analyst,Finance,201,Investment Analysis,core
264,Hedge Fund Analyst,Finance,202,Portfolio Management,core
264,Hedge Fund Analyst,Finance,203,Risk Management,core
264,Hedge Fund Analyst,Finance,204,Bloomberg Terminal,secondary
264,Hedge Fund Analyst,Finance,219,Equity Research,secondary
264,Hedge Fund Analyst,Finance,220,Fixed Income,secondary
264,Hedge Fund Analyst,Finance,221,Forex Trading,secondary
264,Hedge Fund Analyst,Finance,216,Treasury Management,secondary
264,Hedge Fund Analyst,Finance,217,Credit Analysis,bonus
264,Hedge Fund Analyst,Finance,141,Snowflake,bonus
264,Hedge Fund Analyst,Finance,200,Valuation,bonus
265,Accounting Manager,Finance,212,Auditing,core
265,Accounting Manager,Finance,215,Budgeting,core
265,Accounting Manager,Finance,214,Financial Reporting,core
265,Accounting Manager,Finance,210,GAAP,core
265,Accounting Manager,Finance,213,GST,core
265,Accounting Manager,Finance,484,Leadership,core
265,Accounting Manager,Finance,373,Strategic Planning,core
265,Accounting Manager,Finance,137,Excel,secondary
265,Accounting Manager,Finance,205,QuickBooks,secondary
265,Accounting Manager,Finance,206,SAP FICO,secondary
265,Accounting Manager,Finance,207,Tally,secondary
265,Accounting Manager,Finance,208,Zoho Books,secondary
265,Accounting Manager,Finance,199,Financial Modeling,bonus
265,Accounting Manager,Finance,203,Risk Management,bonus
265,Accounting Manager,Finance,200,Valuation,bonus
266,General Physician,Healthcare,231,Anatomy,core
266,General Physician,Healthcare,499,Attention to Detail,core
266,General Physician,Healthcare,483,Communication,core
266,General Physician,Healthcare,235,Emergency Medicine,core
266,General Physician,Healthcare,226,Patient Care,core
266,General Physician,Healthcare,228,Pharmacology,core
266,General Physician,Healthcare,492,Presentation Skills,core
266,General Physician,Healthcare,239,Cardiology,secondary
266,General Physician,Healthcare,237,Gynecology,secondary
266,General Physician,Healthcare,238,Oncology,secondary
266,General Physician,Healthcare,232,Pathology,secondary
266,General Physician,Healthcare,233,Radiology,secondary
266,General Physician,Healthcare,240,Neurology,bonus
266,General Physician,Healthcare,244,Nutrition,bonus
266,General Physician,Healthcare,241,Psychiatry,bonus
267,Surgeon,Healthcare,231,Anatomy,core
267,Surgeon,Healthcare,499,Attention to Detail,core
267,Surgeon,Healthcare,235,Emergency Medicine,core
267,Surgeon,Healthcare,484,Leadership,core
267,Surgeon,Healthcare,232,Pathology,core
267,Surgeon,Healthcare,226,Patient Care,core
267,Surgeon,Healthcare,234,Surgery,core
267,Surgeon,Healthcare,239,Cardiology,secondary
267,Surgeon,Healthcare,237,Gynecology,secondary
267,Surgeon,Healthcare,240,Neurology,secondary
267,Surgeon,Healthcare,238,Oncology,secondary
267,Surgeon,Healthcare,233,Radiology,secondary
267,Surgeon,Healthcare,252,ICU Care,bonus
267,Surgeon,Healthcare,236,Pediatrics,bonus
267,Surgeon,Healthcare,241,Psychiatry,bonus
268,Cardiologist,Healthcare,231,Anatomy,core
268,Cardiologist,Healthcare,499,Attention to Detail,core
268,Cardiologist,Healthcare,239,Cardiology,core
268,Cardiologist,Healthcare,235,Emergency Medicine,core
268,Cardiologist,Healthcare,226,Patient Care,core
268,Cardiologist,Healthcare,228,Pharmacology,core
268,Cardiologist,Healthcare,234,Surgery,core
268,Cardiologist,Healthcare,237,Gynecology,secondary
268,Cardiologist,Healthcare,240,Neurology,secondary
268,Cardiologist,Healthcare,238,Oncology,secondary
268,Cardiologist,Healthcare,232,Pathology,secondary
268,Cardiologist,Healthcare,233,Radiology,secondary
268,Cardiologist,Healthcare,252,ICU Care,bonus
268,Cardiologist,Healthcare,242,Physiotherapy,bonus
268,Cardiologist,Healthcare,241,Psychiatry,bonus
269,Neurologist,Healthcare,231,Anatomy,core
269,Neurologist,Healthcare,499,Attention to Detail,core
269,Neurologist,Healthcare,235,Emergency Medicine,core
269,Neurologist,Healthcare,240,Neurology,core
269,Neurologist,Healthcare,226,Patient Care,core
269,Neurologist,Healthcare,228,Pharmacology,core
269,Neurologist,Healthcare,234,Surgery,core
269,Neurologist,Healthcare,239,Cardiology,secondary
269,Neurologist,Healthcare,237,Gynecology,secondary
269,Neurologist,Healthcare,238,Oncology,secondary
269,Neurologist,Healthcare,232,Pathology,secondary
269,Neurologist,Healthcare,233,Radiology,secondary
269,Neurologist,Healthcare,252,ICU Care,bonus
269,Neurologist,Healthcare,242,Physiotherapy,bonus
269,Neurologist,Healthcare,241,Psychiatry,bonus
270,Oncologist,Healthcare,231,Anatomy,core
270,Oncologist,Healthcare,499,Attention to Detail,core
270,Oncologist,Healthcare,235,Emergency Medicine,core
270,Oncologist,Healthcare,238,Oncology,core
270,Oncologist,Healthcare,226,Patient Care,core
270,Oncologist,Healthcare,228,Pharmacology,core
270,Oncologist,Healthcare,234,Surgery,core
270,Oncologist,Healthcare,239,Cardiology,secondary
270,Oncologist,Healthcare,237,Gynecology,secondary
270,Oncologist,Healthcare,240,Neurology,secondary
270,Oncologist,Healthcare,232,Pathology,secondary
270,Oncologist,Healthcare,233,Radiology,secondary
270,Oncologist,Healthcare,252,ICU Care,bonus
270,Oncologist,Healthcare,242,Physiotherapy,bonus
270,Oncologist,Healthcare,241,Psychiatry,bonus
271,Pediatrician,Healthcare,231,Anatomy,core
271,Pediatrician,Healthcare,499,Attention to Detail,core
271,Pediatrician,Healthcare,483,Communication,core
271,Pediatrician,Healthcare,235,Emergency Medicine,core
271,Pediatrician,Healthcare,226,Patient Care,core
271,Pediatrician,Healthcare,236,Pediatrics,core
271,Pediatrician,Healthcare,228,Pharmacology,core
271,Pediatrician,Healthcare,239,Cardiology,secondary
271,Pediatrician,Healthcare,237,Gynecology,secondary
271,Pediatrician,Healthcare,238,Oncology,secondary
271,Pediatrician,Healthcare,232,Pathology,secondary
271,Pediatrician,Healthcare,233,Radiology,secondary
271,Pediatrician,Healthcare,240,Neurology,bonus
271,Pediatrician,Healthcare,244,Nutrition,bonus
271,Pediatrician,Healthcare,241,Psychiatry,bonus
272,Gynecologist,Healthcare,231,Anatomy,core
272,Gynecologist,Healthcare,499,Attention to Detail,core
272,Gynecologist,Healthcare,235,Emergency Medicine,core
272,Gynecologist,Healthcare,237,Gynecology,core
272,Gynecologist,Healthcare,226,Patient Care,core
272,Gynecologist,Healthcare,228,Pharmacology,core
272,Gynecologist,Healthcare,234,Surgery,core
272,Gynecologist,Healthcare,239,Cardiology,secondary
272,Gynecologist,Healthcare,238,Oncology,secondary
272,Gynecologist,Healthcare,232,Pathology,secondary
272,Gynecologist,Healthcare,236,Pediatrics,secondary
272,Gynecologist,Healthcare,233,Radiology,secondary
272,Gynecologist,Healthcare,240,Neurology,bonus
272,Gynecologist,Healthcare,242,Physiotherapy,bonus
272,Gynecologist,Healthcare,241,Psychiatry,bonus
273,Psychiatrist,Healthcare,231,Anatomy,core
273,Psychiatrist,Healthcare,483,Communication,core
273,Psychiatrist,Healthcare,477,Counselling,core
273,Psychiatrist,Healthcare,235,Emergency Medicine,core
273,Psychiatrist,Healthcare,226,Patient Care,core
273,Psychiatrist,Healthcare,228,Pharmacology,core
273,Psychiatrist,Healthcare,241,Psychiatry,core
273,Psychiatrist,Healthcare,239,Cardiology,secondary
273,Psychiatrist,Healthcare,237,Gynecology,secondary
273,Psychiatrist,Healthcare,238,Oncology,secondary
273,Psychiatrist,Healthcare,232,Pathology,secondary
273,Psychiatrist,Healthcare,233,Radiology,secondary
273,Psychiatrist,Healthcare,490,Emotional Intelligence,bonus
273,Psychiatrist,Healthcare,240,Neurology,bonus
273,Psychiatrist,Healthcare,242,Physiotherapy,bonus
274,Radiologist,Healthcare,231,Anatomy,core
274,Radiologist,Healthcare,499,Attention to Detail,core
274,Radiologist,Healthcare,235,Emergency Medicine,core
274,Radiologist,Healthcare,226,Patient Care,core
274,Radiologist,Healthcare,228,Pharmacology,core
274,Radiologist,Healthcare,233,Radiology,core
274,Radiologist,Healthcare,234,Surgery,core
274,Radiologist,Healthcare,239,Cardiology,secondary
274,Radiologist,Healthcare,237,Gynecology,secondary
274,Radiologist,Healthcare,240,Neurology,secondary
274,Radiologist,Healthcare,238,Oncology,secondary
274,Radiologist,Healthcare,232,Pathology,secondary
274,Radiologist,Healthcare,252,ICU Care,bonus
274,Radiologist,Healthcare,242,Physiotherapy,bonus
274,Radiologist,Healthcare,241,Psychiatry,bonus
275,Pathologist,Healthcare,231,Anatomy,core
275,Pathologist,Healthcare,499,Attention to Detail,core
275,Pathologist,Healthcare,235,Emergency Medicine,core
275,Pathologist,Healthcare,232,Pathology,core
275,Pathologist,Healthcare,226,Patient Care,core
275,Pathologist,Healthcare,228,Pharmacology,core
275,Pathologist,Healthcare,234,Surgery,core
275,Pathologist,Healthcare,239,Cardiology,secondary
275,Pathologist,Healthcare,237,Gynecology,secondary
275,Pathologist,Healthcare,240,Neurology,secondary
275,Pathologist,Healthcare,238,Oncology,secondary
275,Pathologist,Healthcare,233,Radiology,secondary
275,Pathologist,Healthcare,252,ICU Care,bonus
275,Pathologist,Healthcare,242,Physiotherapy,bonus
275,Pathologist,Healthcare,241,Psychiatry,bonus
276,Dermatologist,Healthcare,231,Anatomy,core
276,Dermatologist,Healthcare,499,Attention to Detail,core
276,Dermatologist,Healthcare,255,Dermatology,core
276,Dermatologist,Healthcare,235,Emergency Medicine,core
276,Dermatologist,Healthcare,226,Patient Care,core
276,Dermatologist,Healthcare,228,Pharmacology,core
276,Dermatologist,Healthcare,234,Surgery,core
276,Dermatologist,Healthcare,239,Cardiology,secondary
276,Dermatologist,Healthcare,237,Gynecology,secondary
276,Dermatologist,Healthcare,238,Oncology,secondary
276,Dermatologist,Healthcare,232,Pathology,secondary
276,Dermatologist,Healthcare,233,Radiology,secondary
276,Dermatologist,Healthcare,240,Neurology,bonus
276,Dermatologist,Healthcare,242,Physiotherapy,bonus
276,Dermatologist,Healthcare,241,Psychiatry,bonus
277,Ophthalmologist,Healthcare,231,Anatomy,core
277,Ophthalmologist,Healthcare,499,Attention to Detail,core
277,Ophthalmologist,Healthcare,235,Emergency Medicine,core
277,Ophthalmologist,Healthcare,254,Ophthalmology,core
277,Ophthalmologist,Healthcare,226,Patient Care,core
277,Ophthalmologist,Healthcare,228,Pharmacology,core
277,Ophthalmologist,Healthcare,234,Surgery,core
277,Ophthalmologist,Healthcare,239,Cardiology,secondary
277,Ophthalmologist,Healthcare,237,Gynecology,secondary
277,Ophthalmologist,Healthcare,238,Oncology,secondary
277,Ophthalmologist,Healthcare,232,Pathology,secondary
277,Ophthalmologist,Healthcare,233,Radiology,secondary
277,Ophthalmologist,Healthcare,240,Neurology,bonus
277,Ophthalmologist,Healthcare,242,Physiotherapy,bonus
277,Ophthalmologist,Healthcare,241,Psychiatry,bonus
278,Dentist,Healthcare,231,Anatomy,core
278,Dentist,Healthcare,499,Attention to Detail,core
278,Dentist,Healthcare,253,Dental,core
278,Dentist,Healthcare,235,Emergency Medicine,core
278,Dentist,Healthcare,226,Patient Care,core
278,Dentist,Healthcare,228,Pharmacology,core
278,Dentist,Healthcare,234,Surgery,core
278,Dentist,Healthcare,239,Cardiology,secondary
278,Dentist,Healthcare,237,Gynecology,secondary
278,Dentist,Healthcare,238,Oncology,secondary
278,Dentist,Healthcare,232,Pathology,secondary
278,Dentist,Healthcare,233,Radiology,secondary
278,Dentist,Healthcare,240,Neurology,bonus
278,Dentist,Healthcare,242,Physiotherapy,bonus
278,Dentist,Healthcare,241,Psychiatry,bonus
279,Physiotherapist,Healthcare,231,Anatomy,core
279,Physiotherapist,Healthcare,461,Athletic Training,core
279,Physiotherapist,Healthcare,483,Communication,core
279,Physiotherapist,Healthcare,235,Emergency Medicine,core
279,Physiotherapist,Healthcare,466,Fitness Assessment,core
279,Physiotherapist,Healthcare,226,Patient Care,core
279,Physiotherapist,Healthcare,242,Physiotherapy,core
279,Physiotherapist,Healthcare,239,Cardiology,secondary
279,Physiotherapist,Healthcare,237,Gynecology,secondary
279,Physiotherapist,Healthcare,238,Oncology,secondary
279,Physiotherapist,Healthcare,232,Pathology,secondary
279,Physiotherapist,Healthcare,233,Radiology,secondary
279,Physiotherapist,Healthcare,240,Neurology,bonus
279,Physiotherapist,Healthcare,241,Psychiatry,bonus
279,Physiotherapist,Healthcare,463,Sports Nutrition,bonus
280,Occupational Therapist,Healthcare,231,Anatomy,core
280,Occupational Therapist,Healthcare,483,Communication,core
280,Occupational Therapist,Healthcare,477,Counselling,core
280,Occupational Therapist,Healthcare,235,Emergency Medicine,core
280,Occupational Therapist,Healthcare,243,Occupational Therapy,core
280,Occupational Therapist,Healthcare,226,Patient Care,core
280,Occupational Therapist,Healthcare,242,Physiotherapy,core
280,Occupational Therapist,Healthcare,239,Cardiology,secondary
280,Occupational Therapist,Healthcare,237,Gynecology,secondary
280,Occupational Therapist,Healthcare,238,Oncology,secondary
280,Occupational Therapist,Healthcare,232,Pathology,secondary
280,Occupational Therapist,Healthcare,233,Radiology,secondary
280,Occupational Therapist,Healthcare,490,Emotional Intelligence,bonus
280,Occupational Therapist,Healthcare,240,Neurology,bonus
280,Occupational Therapist,Healthcare,241,Psychiatry,bonus
281,Nutritionist,Healthcare,231,Anatomy,core
281,Nutritionist,Healthcare,499,Attention to Detail,core
281,Nutritionist,Healthcare,483,Communication,core
281,Nutritionist,Healthcare,235,Emergency Medicine,core
281,Nutritionist,Healthcare,244,Nutrition,core
281,Nutritionist,Healthcare,226,Patient Care,core
281,Nutritionist,Healthcare,463,Sports Nutrition,core
281,Nutritionist,Healthcare,239,Cardiology,secondary
281,Nutritionist,Healthcare,237,Gynecology,secondary
281,Nutritionist,Healthcare,238,Oncology,secondary
281,Nutritionist,Healthcare,232,Pathology,secondary
281,Nutritionist,Healthcare,233,Radiology,secondary
281,Nutritionist,Healthcare,240,Neurology,bonus
281,Nutritionist,Healthcare,241,Psychiatry,bonus
281,Nutritionist,Healthcare,245,Public Health,bonus
282,Pharmacist,Healthcare,231,Anatomy,core
282,Pharmacist,Healthcare,499,Attention to Detail,core
282,Pharmacist,Healthcare,483,Communication,core
282,Pharmacist,Healthcare,230,Electronic Health Records,core
282,Pharmacist,Healthcare,235,Emergency Medicine,core
282,Pharmacist,Healthcare,226,Patient Care,core
282,Pharmacist,Healthcare,228,Pharmacology,core
282,Pharmacist,Healthcare,239,Cardiology,secondary
282,Pharmacist,Healthcare,237,Gynecology,secondary
282,Pharmacist,Healthcare,238,Oncology,secondary
282,Pharmacist,Healthcare,232,Pathology,secondary
282,Pharmacist,Healthcare,233,Radiology,secondary
282,Pharmacist,Healthcare,249,FDA Regulations,bonus
282,Pharmacist,Healthcare,240,Neurology,bonus
282,Pharmacist,Healthcare,241,Psychiatry,bonus
283,Nurse,Healthcare,231,Anatomy,core
283,Nurse,Healthcare,483,Communication,core
283,Nurse,Healthcare,230,Electronic Health Records,core
283,Nurse,Healthcare,235,Emergency Medicine,core
283,Nurse,Healthcare,251,Nursing,core
283,Nurse,Healthcare,226,Patient Care,core
283,Nurse,Healthcare,485,Teamwork,core
283,Nurse,Healthcare,237,Gynecology,secondary
283,Nurse,Healthcare,252,ICU Care,secondary
283,Nurse,Healthcare,238,Oncology,secondary
283,Nurse,Healthcare,232,Pathology,secondary
283,Nurse,Healthcare,233,Radiology,secondary
283,Nurse,Healthcare,499,Attention to Detail,bonus
283,Nurse,Healthcare,240,Neurology,bonus
283,Nurse,Healthcare,241,Psychiatry,bonus
284,ICU Nurse,Healthcare,231,Anatomy,core
284,ICU Nurse,Healthcare,499,Attention to Detail,core
284,ICU Nurse,Healthcare,230,Electronic Health Records,core
284,ICU Nurse,Healthcare,235,Emergency Medicine,core
284,ICU Nurse,Healthcare,252,ICU Care,core
284,ICU Nurse,Healthcare,251,Nursing,core
284,ICU Nurse,Healthcare,226,Patient Care,core
284,ICU Nurse,Healthcare,237,Gynecology,secondary
284,ICU Nurse,Healthcare,240,Neurology,secondary
284,ICU Nurse,Healthcare,238,Oncology,secondary
284,ICU Nurse,Healthcare,232,Pathology,secondary
284,ICU Nurse,Healthcare,233,Radiology,secondary
284,ICU Nurse,Healthcare,484,Leadership,bonus
284,ICU Nurse,Healthcare,242,Physiotherapy,bonus
284,ICU Nurse,Healthcare,241,Psychiatry,bonus
285,Emergency Medicine Doctor,Healthcare,231,Anatomy,core
285,Emergency Medicine Doctor,Healthcare,499,Attention to Detail,core
285,Emergency Medicine Doctor,Healthcare,235,Emergency Medicine,core
285,Emergency Medicine Doctor,Healthcare,252,ICU Care,core
285,Emergency Medicine Doctor,Healthcare,226,Patient Care,core
285,Emergency Medicine Doctor,Healthcare,228,Pharmacology,core
285,Emergency Medicine Doctor,Healthcare,234,Surgery,core
285,Emergency Medicine Doctor,Healthcare,239,Cardiology,secondary
285,Emergency Medicine Doctor,Healthcare,237,Gynecology,secondary
285,Emergency Medicine Doctor,Healthcare,238,Oncology,secondary
285,Emergency Medicine Doctor,Healthcare,232,Pathology,secondary
285,Emergency Medicine Doctor,Healthcare,233,Radiology,secondary
285,Emergency Medicine Doctor,Healthcare,484,Leadership,bonus
285,Emergency Medicine Doctor,Healthcare,240,Neurology,bonus
285,Emergency Medicine Doctor,Healthcare,241,Psychiatry,bonus
286,Clinical Research Coordinator,Healthcare,499,Attention to Detail,core
286,Clinical Research Coordinator,Healthcare,227,Clinical Research,core
286,Clinical Research Coordinator,Healthcare,246,Epidemiology,core
286,Clinical Research Coordinator,Healthcare,249,FDA Regulations,core
286,Clinical Research Coordinator,Healthcare,250,GCP Guidelines,core
286,Clinical Research Coordinator,Healthcare,248,Medical Writing,core
286,Clinical Research Coordinator,Healthcare,245,Public Health,core
286,Clinical Research Coordinator,Healthcare,231,Anatomy,secondary
286,Clinical Research Coordinator,Healthcare,247,Biostatistics,secondary
286,Clinical Research Coordinator,Healthcare,230,Electronic Health Records,secondary
286,Clinical Research Coordinator,Healthcare,232,Pathology,secondary
286,Clinical Research Coordinator,Healthcare,233,Radiology,secondary
286,Clinical Research Coordinator,Healthcare,240,Neurology,bonus
286,Clinical Research Coordinator,Healthcare,241,Psychiatry,bonus
286,Clinical Research Coordinator,Healthcare,1,Python,bonus
287,Medical Writer,Healthcare,231,Anatomy,core
287,Medical Writer,Healthcare,483,Communication,core
287,Medical Writer,Healthcare,246,Epidemiology,core
287,Medical Writer,Healthcare,248,Medical Writing,core
287,Medical Writer,Healthcare,226,Patient Care,core
287,Medical Writer,Healthcare,492,Presentation Skills,core
287,Medical Writer,Healthcare,245,Public Health,core
287,Medical Writer,Healthcare,239,Cardiology,secondary
287,Medical Writer,Healthcare,237,Gynecology,secondary
287,Medical Writer,Healthcare,238,Oncology,secondary
287,Medical Writer,Healthcare,232,Pathology,secondary
287,Medical Writer,Healthcare,233,Radiology,secondary
287,Medical Writer,Healthcare,240,Neurology,bonus
287,Medical Writer,Healthcare,241,Psychiatry,bonus
287,Medical Writer,Healthcare,413,Technical Writing,bonus
288,Hospital Administrator,Healthcare,274,Academic Administration,core
288,Hospital Administrator,Healthcare,230,Electronic Health Records,core
288,Hospital Administrator,Healthcare,484,Leadership,core
288,Hospital Administrator,Healthcare,226,Patient Care,core
288,Hospital Administrator,Healthcare,365,Project Management,core
288,Hospital Administrator,Healthcare,275,School Management,core
288,Hospital Administrator,Healthcare,373,Strategic Planning,core
288,Hospital Administrator,Healthcare,231,Anatomy,secondary
288,Hospital Administrator,Healthcare,237,Gynecology,secondary
288,Hospital Administrator,Healthcare,238,Oncology,secondary
288,Hospital Administrator,Healthcare,232,Pathology,secondary
288,Hospital Administrator,Healthcare,233,Radiology,secondary
288,Hospital Administrator,Healthcare,240,Neurology,bonus
288,Hospital Administrator,Healthcare,241,Psychiatry,bonus
288,Hospital Administrator,Healthcare,206,SAP FICO,bonus
289,Healthcare Data Analyst,Healthcare,247,Biostatistics,core
289,Healthcare Data Analyst,Healthcare,230,Electronic Health Records,core
289,Healthcare Data Analyst,Healthcare,229,Medical Coding,core
289,Healthcare Data Analyst,Healthcare,127,NumPy,core
289,Healthcare Data Analyst,Healthcare,126,Pandas,core
289,Healthcare Data Analyst,Healthcare,1,Python,core
289,Healthcare Data Analyst,Healthcare,144,Statistics,core
289,Healthcare Data Analyst,Healthcare,246,Epidemiology,secondary
289,Healthcare Data Analyst,Healthcare,134,Power BI,secondary
289,Healthcare Data Analyst,Healthcare,245,Public Health,secondary
289,Healthcare Data Analyst,Healthcare,80,SQL,secondary
289,Healthcare Data Analyst,Healthcare,133,Tableau,secondary
289,Healthcare Data Analyst,Healthcare,137,Excel,bonus
289,Healthcare Data Analyst,Healthcare,248,Medical Writing,bonus
289,Healthcare Data Analyst,Healthcare,103,Scikit-learn,bonus
290,Public Health Officer,Healthcare,247,Biostatistics,core
290,Public Health Officer,Healthcare,483,Communication,core
290,Public Health Officer,Healthcare,473,Community Development,core
290,Public Health Officer,Healthcare,246,Epidemiology,core
290,Public Health Officer,Healthcare,244,Nutrition,core
290,Public Health Officer,Healthcare,449,Public Administration,core
290,Public Health Officer,Healthcare,245,Public Health,core
290,Public Health Officer,Healthcare,231,Anatomy,secondary
290,Public Health Officer,Healthcare,237,Gynecology,secondary
290,Public Health Officer,Healthcare,238,Oncology,secondary
290,Public Health Officer,Healthcare,232,Pathology,secondary
290,Public Health Officer,Healthcare,233,Radiology,secondary
290,Public Health Officer,Healthcare,440,Environmental Impact Assessment,bonus
290,Public Health Officer,Healthcare,240,Neurology,bonus
290,Public Health Officer,Healthcare,241,Psychiatry,bonus
291,Epidemiologist,Healthcare,247,Biostatistics,core
291,Epidemiologist,Healthcare,483,Communication,core
291,Epidemiologist,Healthcare,246,Epidemiology,core
291,Epidemiologist,Healthcare,145,Probability,core
291,Epidemiologist,Healthcare,245,Public Health,core
291,Epidemiologist,Healthcare,496,Research Skills,core
291,Epidemiologist,Healthcare,144,Statistics,core
291,Epidemiologist,Healthcare,231,Anatomy,secondary
291,Epidemiologist,Healthcare,237,Gynecology,secondary
291,Epidemiologist,Healthcare,238,Oncology,secondary
291,Epidemiologist,Healthcare,232,Pathology,secondary
291,Epidemiologist,Healthcare,233,Radiology,secondary
291,Epidemiologist,Healthcare,240,Neurology,bonus
291,Epidemiologist,Healthcare,241,Psychiatry,bonus
291,Epidemiologist,Healthcare,1,Python,bonus
292,Biostatistician,Healthcare,247,Biostatistics,core
292,Biostatistician,Healthcare,246,Epidemiology,core
292,Biostatistician,Healthcare,145,Probability,core
292,Biostatistician,Healthcare,245,Public Health,core
292,Biostatistician,Healthcare,1,Python,core
292,Biostatistician,Healthcare,496,Research Skills,core
292,Biostatistician,Healthcare,144,Statistics,core
292,Biostatistician,Healthcare,231,Anatomy,secondary
292,Biostatistician,Healthcare,127,NumPy,secondary
292,Biostatistician,Healthcare,126,Pandas,secondary
292,Biostatistician,Healthcare,232,Pathology,secondary
292,Biostatistician,Healthcare,15,R,secondary
292,Biostatistician,Healthcare,237,Gynecology,bonus
292,Biostatistician,Healthcare,238,Oncology,bonus
292,Biostatistician,Healthcare,233,Radiology,bonus
293,Ayurvedic Doctor,Healthcare,231,Anatomy,core
293,Ayurvedic Doctor,Healthcare,499,Attention to Detail,core
293,Ayurvedic Doctor,Healthcare,256,Ayurveda,core
293,Ayurvedic Doctor,Healthcare,483,Communication,core
293,Ayurvedic Doctor,Healthcare,235,Emergency Medicine,core
293,Ayurvedic Doctor,Healthcare,244,Nutrition,core
293,Ayurvedic Doctor,Healthcare,226,Patient Care,core
293,Ayurvedic Doctor,Healthcare,239,Cardiology,secondary
293,Ayurvedic Doctor,Healthcare,237,Gynecology,secondary
293,Ayurvedic Doctor,Healthcare,238,Oncology,secondary
293,Ayurvedic Doctor,Healthcare,232,Pathology,secondary
293,Ayurvedic Doctor,Healthcare,233,Radiology,secondary
293,Ayurvedic Doctor,Healthcare,240,Neurology,bonus
293,Ayurvedic Doctor,Healthcare,242,Physiotherapy,bonus
293,Ayurvedic Doctor,Healthcare,241,Psychiatry,bonus
294,Homeopathic Doctor,Healthcare,231,Anatomy,core
294,Homeopathic Doctor,Healthcare,499,Attention to Detail,core
294,Homeopathic Doctor,Healthcare,483,Communication,core
294,Homeopathic Doctor,Healthcare,235,Emergency Medicine,core
294,Homeopathic Doctor,Healthcare,257,Homeopathy,core
294,Homeopathic Doctor,Healthcare,226,Patient Care,core
294,Homeopathic Doctor,Healthcare,228,Pharmacology,core
294,Homeopathic Doctor,Healthcare,239,Cardiology,secondary
294,Homeopathic Doctor,Healthcare,237,Gynecology,secondary
294,Homeopathic Doctor,Healthcare,238,Oncology,secondary
294,Homeopathic Doctor,Healthcare,232,Pathology,secondary
294,Homeopathic Doctor,Healthcare,233,Radiology,secondary
294,Homeopathic Doctor,Healthcare,240,Neurology,bonus
294,Homeopathic Doctor,Healthcare,242,Physiotherapy,bonus
294,Homeopathic Doctor,Healthcare,241,Psychiatry,bonus
295,Paramedic,Healthcare,231,Anatomy,core
295,Paramedic,Healthcare,483,Communication,core
295,Paramedic,Healthcare,235,Emergency Medicine,core
295,Paramedic,Healthcare,252,ICU Care,core
295,Paramedic,Healthcare,226,Patient Care,core
295,Paramedic,Healthcare,228,Pharmacology,core
295,Paramedic,Healthcare,485,Teamwork,core
295,Paramedic,Healthcare,239,Cardiology,secondary
295,Paramedic,Healthcare,237,Gynecology,secondary
295,Paramedic,Healthcare,238,Oncology,secondary
295,Paramedic,Healthcare,232,Pathology,secondary
295,Paramedic,Healthcare,233,Radiology,secondary
295,Paramedic,Healthcare,499,Attention to Detail,bonus
295,Paramedic,Healthcare,240,Neurology,bonus
295,Paramedic,Healthcare,241,Psychiatry,bonus
296,Medical Lab Technician,Healthcare,231,Anatomy,core
296,Medical Lab Technician,Healthcare,499,Attention to Detail,core
296,Medical Lab Technician,Healthcare,230,Electronic Health Records,core
296,Medical Lab Technician,Healthcare,232,Pathology,core
296,Medical Lab Technician,Healthcare,226,Patient Care,core
296,Medical Lab Technician,Healthcare,228,Pharmacology,core
296,Medical Lab Technician,Healthcare,496,Research Skills,core
296,Medical Lab Technician,Healthcare,239,Cardiology,secondary
296,Medical Lab Technician,Healthcare,237,Gynecology,secondary
296,Medical Lab Technician,Healthcare,240,Neurology,secondary
296,Medical Lab Technician,Healthcare,238,Oncology,secondary
296,Medical Lab Technician,Healthcare,233,Radiology,secondary
296,Medical Lab Technician,Healthcare,252,ICU Care,bonus
296,Medical Lab Technician,Healthcare,242,Physiotherapy,bonus
296,Medical Lab Technician,Healthcare,241,Psychiatry,bonus
297,Radiographer,Healthcare,231,Anatomy,core
297,Radiographer,Healthcare,499,Attention to Detail,core
297,Radiographer,Healthcare,230,Electronic Health Records,core
297,Radiographer,Healthcare,226,Patient Care,core
297,Radiographer,Healthcare,228,Pharmacology,core
297,Radiographer,Healthcare,233,Radiology,core
297,Radiographer,Healthcare,234,Surgery,core
297,Radiographer,Healthcare,239,Cardiology,secondary
297,Radiographer,Healthcare,237,Gynecology,secondary
297,Radiographer,Healthcare,240,Neurology,secondary
297,Radiographer,Healthcare,238,Oncology,secondary
297,Radiographer,Healthcare,232,Pathology,secondary
297,Radiographer,Healthcare,252,ICU Care,bonus
297,Radiographer,Healthcare,242,Physiotherapy,bonus
297,Radiographer,Healthcare,241,Psychiatry,bonus
298,Clinical Psychologist,Healthcare,231,Anatomy,core
298,Clinical Psychologist,Healthcare,483,Communication,core
298,Clinical Psychologist,Healthcare,477,Counselling,core
298,Clinical Psychologist,Healthcare,235,Emergency Medicine,core
298,Clinical Psychologist,Healthcare,226,Patient Care,core
298,Clinical Psychologist,Healthcare,228,Pharmacology,core
298,Clinical Psychologist,Healthcare,241,Psychiatry,core
298,Clinical Psychologist,Healthcare,239,Cardiology,secondary
298,Clinical Psychologist,Healthcare,237,Gynecology,secondary
298,Clinical Psychologist,Healthcare,238,Oncology,secondary
298,Clinical Psychologist,Healthcare,232,Pathology,secondary
298,Clinical Psychologist,Healthcare,233,Radiology,secondary
298,Clinical Psychologist,Healthcare,490,Emotional Intelligence,bonus
298,Clinical Psychologist,Healthcare,240,Neurology,bonus
298,Clinical Psychologist,Healthcare,242,Physiotherapy,bonus
299,Speech Therapist,Healthcare,231,Anatomy,core
299,Speech Therapist,Healthcare,19,Bash,core
299,Speech Therapist,Healthcare,483,Communication,core
299,Speech Therapist,Healthcare,477,Counselling,core
299,Speech Therapist,Healthcare,235,Emergency Medicine,core
299,Speech Therapist,Healthcare,226,Patient Care,core
299,Speech Therapist,Healthcare,242,Physiotherapy,core
299,Speech Therapist,Healthcare,239,Cardiology,secondary
299,Speech Therapist,Healthcare,237,Gynecology,secondary
299,Speech Therapist,Healthcare,238,Oncology,secondary
299,Speech Therapist,Healthcare,232,Pathology,secondary
299,Speech Therapist,Healthcare,233,Radiology,secondary
299,Speech Therapist,Healthcare,490,Emotional Intelligence,bonus
299,Speech Therapist,Healthcare,240,Neurology,bonus
299,Speech Therapist,Healthcare,241,Psychiatry,bonus
300,Orthopaedic Surgeon,Healthcare,231,Anatomy,core
300,Orthopaedic Surgeon,Healthcare,499,Attention to Detail,core
300,Orthopaedic Surgeon,Healthcare,235,Emergency Medicine,core
300,Orthopaedic Surgeon,Healthcare,226,Patient Care,core
300,Orthopaedic Surgeon,Healthcare,228,Pharmacology,core
300,Orthopaedic Surgeon,Healthcare,323,Structural Analysis,core
300,Orthopaedic Surgeon,Healthcare,234,Surgery,core
300,Orthopaedic Surgeon,Healthcare,239,Cardiology,secondary
300,Orthopaedic Surgeon,Healthcare,237,Gynecology,secondary
300,Orthopaedic Surgeon,Healthcare,238,Oncology,secondary
300,Orthopaedic Surgeon,Healthcare,232,Pathology,secondary
300,Orthopaedic Surgeon,Healthcare,233,Radiology,secondary
300,Orthopaedic Surgeon,Healthcare,240,Neurology,bonus
300,Orthopaedic Surgeon,Healthcare,242,Physiotherapy,bonus
300,Orthopaedic Surgeon,Healthcare,241,Psychiatry,bonus
301,Plastic Surgeon,Healthcare,231,Anatomy,core
301,Plastic Surgeon,Healthcare,499,Attention to Detail,core
301,Plastic Surgeon,Healthcare,235,Emergency Medicine,core
301,Plastic Surgeon,Healthcare,484,Leadership,core
301,Plastic Surgeon,Healthcare,226,Patient Care,core
301,Plastic Surgeon,Healthcare,228,Pharmacology,core
301,Plastic Surgeon,Healthcare,234,Surgery,core
301,Plastic Surgeon,Healthcare,239,Cardiology,secondary
301,Plastic Surgeon,Healthcare,237,Gynecology,secondary
301,Plastic Surgeon,Healthcare,238,Oncology,secondary
301,Plastic Surgeon,Healthcare,232,Pathology,secondary
301,Plastic Surgeon,Healthcare,233,Radiology,secondary
301,Plastic Surgeon,Healthcare,240,Neurology,bonus
301,Plastic Surgeon,Healthcare,242,Physiotherapy,bonus
301,Plastic Surgeon,Healthcare,241,Psychiatry,bonus
302,Anaesthesiologist,Healthcare,231,Anatomy,core
302,Anaesthesiologist,Healthcare,499,Attention to Detail,core
302,Anaesthesiologist,Healthcare,252,ICU Care,core
302,Anaesthesiologist,Healthcare,484,Leadership,core
302,Anaesthesiologist,Healthcare,226,Patient Care,core
302,Anaesthesiologist,Healthcare,228,Pharmacology,core
302,Anaesthesiologist,Healthcare,234,Surgery,core
302,Anaesthesiologist,Healthcare,239,Cardiology,secondary
302,Anaesthesiologist,Healthcare,237,Gynecology,secondary
302,Anaesthesiologist,Healthcare,238,Oncology,secondary
302,Anaesthesiologist,Healthcare,232,Pathology,secondary
302,Anaesthesiologist,Healthcare,233,Radiology,secondary
302,Anaesthesiologist,Healthcare,240,Neurology,bonus
302,Anaesthesiologist,Healthcare,242,Physiotherapy,bonus
302,Anaesthesiologist,Healthcare,241,Psychiatry,bonus
303,ENT Specialist,Healthcare,231,Anatomy,core
303,ENT Specialist,Healthcare,499,Attention to Detail,core
303,ENT Specialist,Healthcare,235,Emergency Medicine,core
303,ENT Specialist,Healthcare,484,Leadership,core
303,ENT Specialist,Healthcare,226,Patient Care,core
303,ENT Specialist,Healthcare,228,Pharmacology,core
303,ENT Specialist,Healthcare,234,Surgery,core
303,ENT Specialist,Healthcare,239,Cardiology,secondary
303,ENT Specialist,Healthcare,237,Gynecology,secondary
303,ENT Specialist,Healthcare,238,Oncology,secondary
303,ENT Specialist,Healthcare,232,Pathology,secondary
303,ENT Specialist,Healthcare,233,Radiology,secondary
303,ENT Specialist,Healthcare,240,Neurology,bonus
303,ENT Specialist,Healthcare,242,Physiotherapy,bonus
303,ENT Specialist,Healthcare,241,Psychiatry,bonus
304,Diabetologist,Healthcare,231,Anatomy,core
304,Diabetologist,Healthcare,499,Attention to Detail,core
304,Diabetologist,Healthcare,235,Emergency Medicine,core
304,Diabetologist,Healthcare,484,Leadership,core
304,Diabetologist,Healthcare,244,Nutrition,core
304,Diabetologist,Healthcare,226,Patient Care,core
304,Diabetologist,Healthcare,228,Pharmacology,core
304,Diabetologist,Healthcare,239,Cardiology,secondary
304,Diabetologist,Healthcare,237,Gynecology,secondary
304,Diabetologist,Healthcare,238,Oncology,secondary
304,Diabetologist,Healthcare,232,Pathology,secondary
304,Diabetologist,Healthcare,233,Radiology,secondary
304,Diabetologist,Healthcare,240,Neurology,bonus
304,Diabetologist,Healthcare,242,Physiotherapy,bonus
304,Diabetologist,Healthcare,241,Psychiatry,bonus
305,Rheumatologist,Healthcare,231,Anatomy,core
305,Rheumatologist,Healthcare,499,Attention to Detail,core
305,Rheumatologist,Healthcare,235,Emergency Medicine,core
305,Rheumatologist,Healthcare,484,Leadership,core
305,Rheumatologist,Healthcare,226,Patient Care,core
305,Rheumatologist,Healthcare,228,Pharmacology,core
305,Rheumatologist,Healthcare,234,Surgery,core
305,Rheumatologist,Healthcare,239,Cardiology,secondary
305,Rheumatologist,Healthcare,237,Gynecology,secondary
305,Rheumatologist,Healthcare,238,Oncology,secondary
305,Rheumatologist,Healthcare,232,Pathology,secondary
305,Rheumatologist,Healthcare,233,Radiology,secondary
305,Rheumatologist,Healthcare,240,Neurology,bonus
305,Rheumatologist,Healthcare,242,Physiotherapy,bonus
305,Rheumatologist,Healthcare,241,Psychiatry,bonus
306,Gastroenterologist,Healthcare,231,Anatomy,core
306,Gastroenterologist,Healthcare,499,Attention to Detail,core
306,Gastroenterologist,Healthcare,235,Emergency Medicine,core
306,Gastroenterologist,Healthcare,484,Leadership,core
306,Gastroenterologist,Healthcare,226,Patient Care,core
306,Gastroenterologist,Healthcare,228,Pharmacology,core
306,Gastroenterologist,Healthcare,234,Surgery,core
306,Gastroenterologist,Healthcare,239,Cardiology,secondary
306,Gastroenterologist,Healthcare,237,Gynecology,secondary
306,Gastroenterologist,Healthcare,238,Oncology,secondary
306,Gastroenterologist,Healthcare,232,Pathology,secondary
306,Gastroenterologist,Healthcare,233,Radiology,secondary
306,Gastroenterologist,Healthcare,240,Neurology,bonus
306,Gastroenterologist,Healthcare,242,Physiotherapy,bonus
306,Gastroenterologist,Healthcare,241,Psychiatry,bonus
307,Nephrologist,Healthcare,231,Anatomy,core
307,Nephrologist,Healthcare,499,Attention to Detail,core
307,Nephrologist,Healthcare,235,Emergency Medicine,core
307,Nephrologist,Healthcare,484,Leadership,core
307,Nephrologist,Healthcare,226,Patient Care,core
307,Nephrologist,Healthcare,228,Pharmacology,core
307,Nephrologist,Healthcare,234,Surgery,core
307,Nephrologist,Healthcare,239,Cardiology,secondary
307,Nephrologist,Healthcare,237,Gynecology,secondary
307,Nephrologist,Healthcare,238,Oncology,secondary
307,Nephrologist,Healthcare,232,Pathology,secondary
307,Nephrologist,Healthcare,233,Radiology,secondary
307,Nephrologist,Healthcare,240,Neurology,bonus
307,Nephrologist,Healthcare,242,Physiotherapy,bonus
307,Nephrologist,Healthcare,241,Psychiatry,bonus
308,Endocrinologist,Healthcare,231,Anatomy,core
308,Endocrinologist,Healthcare,499,Attention to Detail,core
308,Endocrinologist,Healthcare,235,Emergency Medicine,core
308,Endocrinologist,Healthcare,484,Leadership,core
308,Endocrinologist,Healthcare,226,Patient Care,core
308,Endocrinologist,Healthcare,228,Pharmacology,core
308,Endocrinologist,Healthcare,234,Surgery,core
308,Endocrinologist,Healthcare,239,Cardiology,secondary
308,Endocrinologist,Healthcare,237,Gynecology,secondary
308,Endocrinologist,Healthcare,238,Oncology,secondary
308,Endocrinologist,Healthcare,232,Pathology,secondary
308,Endocrinologist,Healthcare,233,Radiology,secondary
308,Endocrinologist,Healthcare,240,Neurology,bonus
308,Endocrinologist,Healthcare,242,Physiotherapy,bonus
308,Endocrinologist,Healthcare,241,Psychiatry,bonus
309,Haematologist,Healthcare,231,Anatomy,core
309,Haematologist,Healthcare,499,Attention to Detail,core
309,Haematologist,Healthcare,235,Emergency Medicine,core
309,Haematologist,Healthcare,232,Pathology,core
309,Haematologist,Healthcare,226,Patient Care,core
309,Haematologist,Healthcare,228,Pharmacology,core
309,Haematologist,Healthcare,234,Surgery,core
309,Haematologist,Healthcare,239,Cardiology,secondary
309,Haematologist,Healthcare,237,Gynecology,secondary
309,Haematologist,Healthcare,240,Neurology,secondary
309,Haematologist,Healthcare,238,Oncology,secondary
309,Haematologist,Healthcare,233,Radiology,secondary
309,Haematologist,Healthcare,252,ICU Care,bonus
309,Haematologist,Healthcare,242,Physiotherapy,bonus
309,Haematologist,Healthcare,241,Psychiatry,bonus
310,Immunologist,Healthcare,231,Anatomy,core
310,Immunologist,Healthcare,499,Attention to Detail,core
310,Immunologist,Healthcare,235,Emergency Medicine,core
310,Immunologist,Healthcare,232,Pathology,core
310,Immunologist,Healthcare,226,Patient Care,core
310,Immunologist,Healthcare,228,Pharmacology,core
310,Immunologist,Healthcare,234,Surgery,core
310,Immunologist,Healthcare,239,Cardiology,secondary
310,Immunologist,Healthcare,237,Gynecology,secondary
310,Immunologist,Healthcare,240,Neurology,secondary
310,Immunologist,Healthcare,238,Oncology,secondary
310,Immunologist,Healthcare,233,Radiology,secondary
310,Immunologist,Healthcare,252,ICU Care,bonus
310,Immunologist,Healthcare,242,Physiotherapy,bonus
310,Immunologist,Healthcare,241,Psychiatry,bonus
311,Virologist,Healthcare,231,Anatomy,core
311,Virologist,Healthcare,499,Attention to Detail,core
311,Virologist,Healthcare,235,Emergency Medicine,core
311,Virologist,Healthcare,246,Epidemiology,core
311,Virologist,Healthcare,232,Pathology,core
311,Virologist,Healthcare,226,Patient Care,core
311,Virologist,Healthcare,234,Surgery,core
311,Virologist,Healthcare,239,Cardiology,secondary
311,Virologist,Healthcare,237,Gynecology,secondary
311,Virologist,Healthcare,240,Neurology,secondary
311,Virologist,Healthcare,238,Oncology,secondary
311,Virologist,Healthcare,233,Radiology,secondary
311,Virologist,Healthcare,247,Biostatistics,bonus
311,Virologist,Healthcare,242,Physiotherapy,bonus
311,Virologist,Healthcare,241,Psychiatry,bonus
312,Microbiologist,Healthcare,231,Anatomy,core
312,Microbiologist,Healthcare,499,Attention to Detail,core
312,Microbiologist,Healthcare,235,Emergency Medicine,core
312,Microbiologist,Healthcare,246,Epidemiology,core
312,Microbiologist,Healthcare,232,Pathology,core
312,Microbiologist,Healthcare,226,Patient Care,core
312,Microbiologist,Healthcare,234,Surgery,core
312,Microbiologist,Healthcare,239,Cardiology,secondary
312,Microbiologist,Healthcare,237,Gynecology,secondary
312,Microbiologist,Healthcare,240,Neurology,secondary
312,Microbiologist,Healthcare,238,Oncology,secondary
312,Microbiologist,Healthcare,233,Radiology,secondary
312,Microbiologist,Healthcare,247,Biostatistics,bonus
312,Microbiologist,Healthcare,242,Physiotherapy,bonus
312,Microbiologist,Healthcare,241,Psychiatry,bonus
313,Medical Device Sales Rep,Healthcare,231,Anatomy,core
313,Medical Device Sales Rep,Healthcare,483,Communication,core
313,Medical Device Sales Rep,Healthcare,491,Negotiation,core
313,Medical Device Sales Rep,Healthcare,226,Patient Care,core
313,Medical Device Sales Rep,Healthcare,228,Pharmacology,core
313,Medical Device Sales Rep,Healthcare,307,Product Marketing,core
313,Medical Device Sales Rep,Healthcare,294,Salesforce,core
313,Medical Device Sales Rep,Healthcare,239,Cardiology,secondary
313,Medical Device Sales Rep,Healthcare,237,Gynecology,secondary
313,Medical Device Sales Rep,Healthcare,238,Oncology,secondary
313,Medical Device Sales Rep,Healthcare,232,Pathology,secondary
313,Medical Device Sales Rep,Healthcare,233,Radiology,secondary
313,Medical Device Sales Rep,Healthcare,292,Email Marketing,bonus
313,Medical Device Sales Rep,Healthcare,240,Neurology,bonus
313,Medical Device Sales Rep,Healthcare,241,Psychiatry,bonus
314,Health Insurance Analyst,Healthcare,231,Anatomy,core
314,Health Insurance Analyst,Healthcare,499,Attention to Detail,core
314,Health Insurance Analyst,Healthcare,215,Budgeting,core
314,Health Insurance Analyst,Healthcare,230,Electronic Health Records,core
314,Health Insurance Analyst,Healthcare,223,Insurance Underwriting,core
314,Health Insurance Analyst,Healthcare,226,Patient Care,core
314,Health Insurance Analyst,Healthcare,203,Risk Management,core
314,Health Insurance Analyst,Healthcare,137,Excel,secondary
314,Health Insurance Analyst,Healthcare,205,QuickBooks,secondary
314,Health Insurance Analyst,Healthcare,206,SAP FICO,secondary
314,Health Insurance Analyst,Healthcare,207,Tally,secondary
314,Health Insurance Analyst,Healthcare,208,Zoho Books,secondary
314,Health Insurance Analyst,Healthcare,218,Derivatives,bonus
314,Health Insurance Analyst,Healthcare,221,Forex Trading,bonus
314,Health Insurance Analyst,Healthcare,202,Portfolio Management,bonus
315,Telemedicine Doctor,Healthcare,231,Anatomy,core
315,Telemedicine Doctor,Healthcare,483,Communication,core
315,Telemedicine Doctor,Healthcare,235,Emergency Medicine,core
315,Telemedicine Doctor,Healthcare,263,Online Teaching,core
315,Telemedicine Doctor,Healthcare,226,Patient Care,core
315,Telemedicine Doctor,Healthcare,228,Pharmacology,core
315,Telemedicine Doctor,Healthcare,266,Zoom Teaching,core
315,Telemedicine Doctor,Healthcare,239,Cardiology,secondary
315,Telemedicine Doctor,Healthcare,237,Gynecology,secondary
315,Telemedicine Doctor,Healthcare,238,Oncology,secondary
315,Telemedicine Doctor,Healthcare,232,Pathology,secondary
315,Telemedicine Doctor,Healthcare,233,Radiology,secondary
315,Telemedicine Doctor,Healthcare,230,Electronic Health Records,bonus
315,Telemedicine Doctor,Healthcare,240,Neurology,bonus
315,Telemedicine Doctor,Healthcare,241,Psychiatry,bonus
316,Medical Transcriptionist,Healthcare,231,Anatomy,core
316,Medical Transcriptionist,Healthcare,499,Attention to Detail,core
316,Medical Transcriptionist,Healthcare,483,Communication,core
316,Medical Transcriptionist,Healthcare,230,Electronic Health Records,core
316,Medical Transcriptionist,Healthcare,229,Medical Coding,core
316,Medical Transcriptionist,Healthcare,414,Proofreading,core
316,Medical Transcriptionist,Healthcare,413,Technical Writing,core
316,Medical Transcriptionist,Healthcare,239,Cardiology,secondary
316,Medical Transcriptionist,Healthcare,237,Gynecology,secondary
316,Medical Transcriptionist,Healthcare,238,Oncology,secondary
316,Medical Transcriptionist,Healthcare,232,Pathology,secondary
316,Medical Transcriptionist,Healthcare,233,Radiology,secondary
316,Medical Transcriptionist,Healthcare,240,Neurology,bonus
316,Medical Transcriptionist,Healthcare,242,Physiotherapy,bonus
316,Medical Transcriptionist,Healthcare,241,Psychiatry,bonus
317,Veterinarian,Healthcare,231,Anatomy,core
317,Veterinarian,Healthcare,499,Attention to Detail,core
317,Veterinarian,Healthcare,483,Communication,core
317,Veterinarian,Healthcare,235,Emergency Medicine,core
317,Veterinarian,Healthcare,244,Nutrition,core
317,Veterinarian,Healthcare,226,Patient Care,core
317,Veterinarian,Healthcare,228,Pharmacology,core
317,Veterinarian,Healthcare,239,Cardiology,secondary
317,Veterinarian,Healthcare,237,Gynecology,secondary
317,Veterinarian,Healthcare,238,Oncology,secondary
317,Veterinarian,Healthcare,232,Pathology,secondary
317,Veterinarian,Healthcare,233,Radiology,secondary
317,Veterinarian,Healthcare,240,Neurology,bonus
317,Veterinarian,Healthcare,241,Psychiatry,bonus
317,Veterinarian,Healthcare,444,Wildlife Management,bonus
318,Dental Surgeon,Healthcare,231,Anatomy,core
318,Dental Surgeon,Healthcare,499,Attention to Detail,core
318,Dental Surgeon,Healthcare,253,Dental,core
318,Dental Surgeon,Healthcare,235,Emergency Medicine,core
318,Dental Surgeon,Healthcare,226,Patient Care,core
318,Dental Surgeon,Healthcare,228,Pharmacology,core
318,Dental Surgeon,Healthcare,234,Surgery,core
318,Dental Surgeon,Healthcare,239,Cardiology,secondary
318,Dental Surgeon,Healthcare,237,Gynecology,secondary
318,Dental Surgeon,Healthcare,238,Oncology,secondary
318,Dental Surgeon,Healthcare,232,Pathology,secondary
318,Dental Surgeon,Healthcare,233,Radiology,secondary
318,Dental Surgeon,Healthcare,240,Neurology,bonus
318,Dental Surgeon,Healthcare,242,Physiotherapy,bonus
318,Dental Surgeon,Healthcare,241,Psychiatry,bonus
319,Genetic Counsellor,Healthcare,231,Anatomy,core
319,Genetic Counsellor,Healthcare,483,Communication,core
319,Genetic Counsellor,Healthcare,477,Counselling,core
319,Genetic Counsellor,Healthcare,235,Emergency Medicine,core
319,Genetic Counsellor,Healthcare,226,Patient Care,core
319,Genetic Counsellor,Healthcare,228,Pharmacology,core
319,Genetic Counsellor,Healthcare,496,Research Skills,core
319,Genetic Counsellor,Healthcare,239,Cardiology,secondary
319,Genetic Counsellor,Healthcare,237,Gynecology,secondary
319,Genetic Counsellor,Healthcare,238,Oncology,secondary
319,Genetic Counsellor,Healthcare,232,Pathology,secondary
319,Genetic Counsellor,Healthcare,233,Radiology,secondary
319,Genetic Counsellor,Healthcare,247,Biostatistics,bonus
319,Genetic Counsellor,Healthcare,240,Neurology,bonus
319,Genetic Counsellor,Healthcare,241,Psychiatry,bonus
320,Biomedical Engineer,Healthcare,231,Anatomy,core
320,Biomedical Engineer,Healthcare,499,Attention to Detail,core
320,Biomedical Engineer,Healthcare,319,Circuit Design,core
320,Biomedical Engineer,Healthcare,321,Embedded Systems,core
320,Biomedical Engineer,Healthcare,226,Patient Care,core
320,Biomedical Engineer,Healthcare,228,Pharmacology,core
320,Biomedical Engineer,Healthcare,341,Process Engineering,core
320,Biomedical Engineer,Healthcare,239,Cardiology,secondary
320,Biomedical Engineer,Healthcare,237,Gynecology,secondary
320,Biomedical Engineer,Healthcare,238,Oncology,secondary
320,Biomedical Engineer,Healthcare,232,Pathology,secondary
320,Biomedical Engineer,Healthcare,233,Radiology,secondary
320,Biomedical Engineer,Healthcare,240,Neurology,bonus
320,Biomedical Engineer,Healthcare,241,Psychiatry,bonus
320,Biomedical Engineer,Healthcare,1,Python,bonus
321,Digital Marketing Manager,Marketing,291,Content Marketing,core
321,Digital Marketing Manager,Marketing,785,Digital Marketing,core
321,Digital Marketing Manager,Marketing,292,Email Marketing,core
321,Digital Marketing Manager,Marketing,288,Google Ads,core
321,Digital Marketing Manager,Marketing,786,Google Analytics,core
321,Digital Marketing Manager,Marketing,286,SEO,core
321,Digital Marketing Manager,Marketing,296,Social Media Management,core
321,Digital Marketing Manager,Marketing,150,A/B Testing,secondary
321,Digital Marketing Manager,Marketing,784,Analytics,secondary
321,Digital Marketing Manager,Marketing,301,Copywriting,secondary
321,Digital Marketing Manager,Marketing,289,Facebook Ads,secondary
321,Digital Marketing Manager,Marketing,293,HubSpot,secondary
321,Digital Marketing Manager,Marketing,306,CRM,bonus
321,Digital Marketing Manager,Marketing,297,Influencer Marketing,bonus
321,Digital Marketing Manager,Marketing,787,Marketing Automation,bonus
322,SEO Specialist,Marketing,291,Content Marketing,core
322,SEO Specialist,Marketing,786,Google Analytics,core
322,SEO Specialist,Marketing,792,Google Search Console,core
322,SEO Specialist,Marketing,789,Keyword Research,core
322,SEO Specialist,Marketing,791,Link Building,core
322,SEO Specialist,Marketing,790,On-Page SEO,core
322,SEO Specialist,Marketing,286,SEO,core
322,SEO Specialist,Marketing,795,Backlink Analysis,secondary
322,SEO Specialist,Marketing,301,Copywriting,secondary
322,SEO Specialist,Marketing,296,Social Media Management,secondary
322,SEO Specialist,Marketing,793,Technical SEO,secondary
322,SEO Specialist,Marketing,794,WordPress,secondary
322,SEO Specialist,Marketing,797,Ahrefs,bonus
322,SEO Specialist,Marketing,1,Python,bonus
322,SEO Specialist,Marketing,796,Screaming Frog,bonus
322,SEO Specialist,Marketing,798,SEMrush,bonus
323,SEM Specialist,Marketing,483,Communication,core
323,SEM Specialist,Marketing,291,Content Marketing,core
323,SEM Specialist,Marketing,301,Copywriting,core
323,SEM Specialist,Marketing,289,Facebook Ads,core
323,SEM Specialist,Marketing,288,Google Ads,core
323,SEM Specialist,Marketing,6,JavaScript,core
323,SEM Specialist,Marketing,287,SEM,core
323,SEM Specialist,Marketing,292,Email Marketing,secondary
323,SEM Specialist,Marketing,293,HubSpot,secondary
323,SEM Specialist,Marketing,290,Instagram Marketing,secondary
323,SEM Specialist,Marketing,294,Salesforce,secondary
323,SEM Specialist,Marketing,286,SEO,secondary
323,SEM Specialist,Marketing,295,Mailchimp,bonus
323,SEM Specialist,Marketing,304,Performance Marketing,bonus
323,SEM Specialist,Marketing,296,Social Media Management,bonus
324,Social Media Manager,Marketing,483,Communication,core
324,Social Media Manager,Marketing,291,Content Marketing,core
324,Social Media Manager,Marketing,301,Copywriting,core
324,Social Media Manager,Marketing,289,Facebook Ads,core
324,Social Media Manager,Marketing,290,Instagram Marketing,core
324,Social Media Manager,Marketing,405,Social Media Content,core
324,Social Media Manager,Marketing,296,Social Media Management,core
324,Social Media Manager,Marketing,288,Google Ads,secondary
324,Social Media Manager,Marketing,293,HubSpot,secondary
324,Social Media Manager,Marketing,295,Mailchimp,secondary
324,Social Media Manager,Marketing,287,SEM,secondary
324,Social Media Manager,Marketing,286,SEO,secondary
324,Social Media Manager,Marketing,297,Influencer Marketing,bonus
324,Social Media Manager,Marketing,294,Salesforce,bonus
324,Social Media Manager,Marketing,308,Video Marketing,bonus
325,Content Writer,Marketing,412,Blogging,core
325,Content Writer,Marketing,483,Communication,core
325,Content Writer,Marketing,291,Content Marketing,core
325,Content Writer,Marketing,301,Copywriting,core
325,Content Writer,Marketing,498,Creativity,core
325,Content Writer,Marketing,492,Presentation Skills,core
325,Content Writer,Marketing,414,Proofreading,core
325,Content Writer,Marketing,289,Facebook Ads,secondary
325,Content Writer,Marketing,288,Google Ads,secondary
325,Content Writer,Marketing,290,Instagram Marketing,secondary
325,Content Writer,Marketing,287,SEM,secondary
325,Content Writer,Marketing,286,SEO,secondary
325,Content Writer,Marketing,292,Email Marketing,bonus
325,Content Writer,Marketing,293,HubSpot,bonus
325,Content Writer,Marketing,296,Social Media Management,bonus
326,Copywriter,Marketing,412,Blogging,core
326,Copywriter,Marketing,483,Communication,core
326,Copywriter,Marketing,291,Content Marketing,core
326,Copywriter,Marketing,301,Copywriting,core
326,Copywriter,Marketing,498,Creativity,core
326,Copywriter,Marketing,492,Presentation Skills,core
326,Copywriter,Marketing,414,Proofreading,core
326,Copywriter,Marketing,289,Facebook Ads,secondary
326,Copywriter,Marketing,288,Google Ads,secondary
326,Copywriter,Marketing,290,Instagram Marketing,secondary
326,Copywriter,Marketing,287,SEM,secondary
326,Copywriter,Marketing,286,SEO,secondary
326,Copywriter,Marketing,292,Email Marketing,bonus
326,Copywriter,Marketing,293,HubSpot,bonus
326,Copywriter,Marketing,296,Social Media Management,bonus
327,Email Marketing Specialist,Marketing,483,Communication,core
327,Email Marketing Specialist,Marketing,291,Content Marketing,core
327,Email Marketing Specialist,Marketing,301,Copywriting,core
327,Email Marketing Specialist,Marketing,306,CRM,core
327,Email Marketing Specialist,Marketing,292,Email Marketing,core
327,Email Marketing Specialist,Marketing,295,Mailchimp,core
327,Email Marketing Specialist,Marketing,492,Presentation Skills,core
327,Email Marketing Specialist,Marketing,289,Facebook Ads,secondary
327,Email Marketing Specialist,Marketing,288,Google Ads,secondary
327,Email Marketing Specialist,Marketing,290,Instagram Marketing,secondary
327,Email Marketing Specialist,Marketing,287,SEM,secondary
327,Email Marketing Specialist,Marketing,286,SEO,secondary
327,Email Marketing Specialist,Marketing,293,HubSpot,bonus
327,Email Marketing Specialist,Marketing,294,Salesforce,bonus
327,Email Marketing Specialist,Marketing,296,Social Media Management,bonus
328,Performance Marketing Manager,Marketing,483,Communication,core
328,Performance Marketing Manager,Marketing,291,Content Marketing,core
328,Performance Marketing Manager,Marketing,306,CRM,core
328,Performance Marketing Manager,Marketing,289,Facebook Ads,core
328,Performance Marketing Manager,Marketing,288,Google Ads,core
328,Performance Marketing Manager,Marketing,304,Performance Marketing,core
328,Performance Marketing Manager,Marketing,287,SEM,core
328,Performance Marketing Manager,Marketing,292,Email Marketing,secondary
328,Performance Marketing Manager,Marketing,293,HubSpot,secondary
328,Performance Marketing Manager,Marketing,290,Instagram Marketing,secondary
328,Performance Marketing Manager,Marketing,294,Salesforce,secondary
328,Performance Marketing Manager,Marketing,286,SEO,secondary
328,Performance Marketing Manager,Marketing,310,Growth Hacking,bonus
328,Performance Marketing Manager,Marketing,295,Mailchimp,bonus
328,Performance Marketing Manager,Marketing,296,Social Media Management,bonus
329,Brand Manager,Marketing,298,Brand Management,core
329,Brand Manager,Marketing,300,Consumer Behavior,core
329,Brand Manager,Marketing,297,Influencer Marketing,core
329,Brand Manager,Marketing,484,Leadership,core
329,Brand Manager,Marketing,299,Market Research,core
329,Brand Manager,Marketing,302,PR and Communications,core
329,Brand Manager,Marketing,191,UI Design,core
329,Brand Manager,Marketing,289,Facebook Ads,secondary
329,Brand Manager,Marketing,288,Google Ads,secondary
329,Brand Manager,Marketing,290,Instagram Marketing,secondary
329,Brand Manager,Marketing,287,SEM,secondary
329,Brand Manager,Marketing,286,SEO,secondary
329,Brand Manager,Marketing,292,Email Marketing,bonus
329,Brand Manager,Marketing,293,HubSpot,bonus
329,Brand Manager,Marketing,296,Social Media Management,bonus
330,Market Research Analyst,Marketing,150,A/B Testing,core
330,Market Research Analyst,Marketing,497,Analytical Thinking,core
330,Market Research Analyst,Marketing,483,Communication,core
330,Market Research Analyst,Marketing,300,Consumer Behavior,core
330,Market Research Analyst,Marketing,299,Market Research,core
330,Market Research Analyst,Marketing,492,Presentation Skills,core
330,Market Research Analyst,Marketing,144,Statistics,core
330,Market Research Analyst,Marketing,127,NumPy,secondary
330,Market Research Analyst,Marketing,126,Pandas,secondary
330,Market Research Analyst,Marketing,134,Power BI,secondary
330,Market Research Analyst,Marketing,296,Social Media Management,secondary
330,Market Research Analyst,Marketing,133,Tableau,secondary
330,Market Research Analyst,Marketing,288,Google Ads,bonus
330,Market Research Analyst,Marketing,287,SEM,bonus
330,Market Research Analyst,Marketing,286,SEO,bonus
331,Product Marketing Manager,Marketing,298,Brand Management,core
331,Product Marketing Manager,Marketing,300,Consumer Behavior,core
331,Product Marketing Manager,Marketing,484,Leadership,core
331,Product Marketing Manager,Marketing,299,Market Research,core
331,Product Marketing Manager,Marketing,302,PR and Communications,core
331,Product Marketing Manager,Marketing,307,Product Marketing,core
331,Product Marketing Manager,Marketing,373,Strategic Planning,core
331,Product Marketing Manager,Marketing,289,Facebook Ads,secondary
331,Product Marketing Manager,Marketing,288,Google Ads,secondary
331,Product Marketing Manager,Marketing,290,Instagram Marketing,secondary
331,Product Marketing Manager,Marketing,287,SEM,secondary
331,Product Marketing Manager,Marketing,286,SEO,secondary
331,Product Marketing Manager,Marketing,292,Email Marketing,bonus
331,Product Marketing Manager,Marketing,293,HubSpot,bonus
331,Product Marketing Manager,Marketing,294,Salesforce,bonus
332,Growth Hacker,Marketing,289,Facebook Ads,core
332,Growth Hacker,Marketing,288,Google Ads,core
332,Growth Hacker,Marketing,310,Growth Hacking,core
332,Growth Hacker,Marketing,290,Instagram Marketing,core
332,Growth Hacker,Marketing,304,Performance Marketing,core
332,Growth Hacker,Marketing,287,SEM,core
332,Growth Hacker,Marketing,286,SEO,core
332,Growth Hacker,Marketing,291,Content Marketing,secondary
332,Growth Hacker,Marketing,292,Email Marketing,secondary
332,Growth Hacker,Marketing,293,HubSpot,secondary
332,Growth Hacker,Marketing,294,Salesforce,secondary
332,Growth Hacker,Marketing,296,Social Media Management,secondary
332,Growth Hacker,Marketing,306,CRM,bonus
332,Growth Hacker,Marketing,297,Influencer Marketing,bonus
332,Growth Hacker,Marketing,295,Mailchimp,bonus
333,Affiliate Marketing Manager,Marketing,305,Affiliate Marketing,core
333,Affiliate Marketing Manager,Marketing,289,Facebook Ads,core
333,Affiliate Marketing Manager,Marketing,288,Google Ads,core
333,Affiliate Marketing Manager,Marketing,290,Instagram Marketing,core
333,Affiliate Marketing Manager,Marketing,304,Performance Marketing,core
333,Affiliate Marketing Manager,Marketing,287,SEM,core
333,Affiliate Marketing Manager,Marketing,286,SEO,core
333,Affiliate Marketing Manager,Marketing,291,Content Marketing,secondary
333,Affiliate Marketing Manager,Marketing,292,Email Marketing,secondary
333,Affiliate Marketing Manager,Marketing,293,HubSpot,secondary
333,Affiliate Marketing Manager,Marketing,294,Salesforce,secondary
333,Affiliate Marketing Manager,Marketing,296,Social Media Management,secondary
333,Affiliate Marketing Manager,Marketing,306,CRM,bonus
333,Affiliate Marketing Manager,Marketing,297,Influencer Marketing,bonus
333,Affiliate Marketing Manager,Marketing,295,Mailchimp,bonus
334,Influencer Marketing Manager,Marketing,483,Communication,core
334,Influencer Marketing Manager,Marketing,291,Content Marketing,core
334,Influencer Marketing Manager,Marketing,301,Copywriting,core
334,Influencer Marketing Manager,Marketing,289,Facebook Ads,core
334,Influencer Marketing Manager,Marketing,297,Influencer Marketing,core
334,Influencer Marketing Manager,Marketing,290,Instagram Marketing,core
334,Influencer Marketing Manager,Marketing,296,Social Media Management,core
334,Influencer Marketing Manager,Marketing,288,Google Ads,secondary
334,Influencer Marketing Manager,Marketing,293,HubSpot,secondary
334,Influencer Marketing Manager,Marketing,295,Mailchimp,secondary
334,Influencer Marketing Manager,Marketing,287,SEM,secondary
334,Influencer Marketing Manager,Marketing,286,SEO,secondary
334,Influencer Marketing Manager,Marketing,302,PR and Communications,bonus
334,Influencer Marketing Manager,Marketing,294,Salesforce,bonus
334,Influencer Marketing Manager,Marketing,308,Video Marketing,bonus
335,PR Specialist,Marketing,483,Communication,core
335,PR Specialist,Marketing,301,Copywriting,core
335,PR Specialist,Marketing,407,Interviewing,core
335,PR Specialist,Marketing,302,PR and Communications,core
335,PR Specialist,Marketing,492,Presentation Skills,core
335,PR Specialist,Marketing,406,Public Relations,core
335,PR Specialist,Marketing,289,Facebook Ads,secondary
335,PR Specialist,Marketing,288,Google Ads,secondary
335,PR Specialist,Marketing,290,Instagram Marketing,secondary
335,PR Specialist,Marketing,287,SEM,secondary
335,PR Specialist,Marketing,286,SEO,secondary
335,PR Specialist,Marketing,292,Email Marketing,bonus
335,PR Specialist,Marketing,293,HubSpot,bonus
335,PR Specialist,Marketing,296,Social Media Management,bonus
336,Event Manager,Marketing,483,Communication,core
336,Event Manager,Marketing,303,Event Marketing,core
336,Event Manager,Marketing,421,Event Planning,core
336,Event Manager,Marketing,484,Leadership,core
336,Event Manager,Marketing,492,Presentation Skills,core
336,Event Manager,Marketing,365,Project Management,core
336,Event Manager,Marketing,373,Strategic Planning,core
336,Event Manager,Marketing,289,Facebook Ads,secondary
336,Event Manager,Marketing,288,Google Ads,secondary
336,Event Manager,Marketing,290,Instagram Marketing,secondary
336,Event Manager,Marketing,287,SEM,secondary
336,Event Manager,Marketing,286,SEO,secondary
336,Event Manager,Marketing,292,Email Marketing,bonus
336,Event Manager,Marketing,293,HubSpot,bonus
336,Event Manager,Marketing,296,Social Media Management,bonus
337,Sales Executive,Marketing,483,Communication,core
337,Sales Executive,Marketing,306,CRM,core
337,Sales Executive,Marketing,491,Negotiation,core
337,Sales Executive,Marketing,492,Presentation Skills,core
337,Sales Executive,Marketing,294,Salesforce,core
337,Sales Executive,Marketing,485,Teamwork,core
337,Sales Executive,Marketing,488,Time Management,core
337,Sales Executive,Marketing,289,Facebook Ads,secondary
337,Sales Executive,Marketing,288,Google Ads,secondary
337,Sales Executive,Marketing,290,Instagram Marketing,secondary
337,Sales Executive,Marketing,287,SEM,secondary
337,Sales Executive,Marketing,286,SEO,secondary
337,Sales Executive,Marketing,292,Email Marketing,bonus
337,Sales Executive,Marketing,293,HubSpot,bonus
337,Sales Executive,Marketing,296,Social Media Management,bonus
338,Sales Manager,Marketing,483,Communication,core
338,Sales Manager,Marketing,306,CRM,core
338,Sales Manager,Marketing,484,Leadership,core
338,Sales Manager,Marketing,491,Negotiation,core
338,Sales Manager,Marketing,492,Presentation Skills,core
338,Sales Manager,Marketing,294,Salesforce,core
338,Sales Manager,Marketing,373,Strategic Planning,core
338,Sales Manager,Marketing,289,Facebook Ads,secondary
338,Sales Manager,Marketing,288,Google Ads,secondary
338,Sales Manager,Marketing,290,Instagram Marketing,secondary
338,Sales Manager,Marketing,287,SEM,secondary
338,Sales Manager,Marketing,286,SEO,secondary
338,Sales Manager,Marketing,292,Email Marketing,bonus
338,Sales Manager,Marketing,293,HubSpot,bonus
338,Sales Manager,Marketing,296,Social Media Management,bonus
339,Business Development Manager,Marketing,374,Business Analysis,core
339,Business Development Manager,Marketing,483,Communication,core
339,Business Development Manager,Marketing,310,Growth Hacking,core
339,Business Development Manager,Marketing,484,Leadership,core
339,Business Development Manager,Marketing,491,Negotiation,core
339,Business Development Manager,Marketing,492,Presentation Skills,core
339,Business Development Manager,Marketing,373,Strategic Planning,core
339,Business Development Manager,Marketing,289,Facebook Ads,secondary
339,Business Development Manager,Marketing,288,Google Ads,secondary
339,Business Development Manager,Marketing,290,Instagram Marketing,secondary
339,Business Development Manager,Marketing,287,SEM,secondary
339,Business Development Manager,Marketing,286,SEO,secondary
339,Business Development Manager,Marketing,292,Email Marketing,bonus
339,Business Development Manager,Marketing,293,HubSpot,bonus
339,Business Development Manager,Marketing,296,Social Media Management,bonus
340,Account Manager,Marketing,483,Communication,core
340,Account Manager,Marketing,306,CRM,core
340,Account Manager,Marketing,491,Negotiation,core
340,Account Manager,Marketing,492,Presentation Skills,core
340,Account Manager,Marketing,294,Salesforce,core
340,Account Manager,Marketing,373,Strategic Planning,core
340,Account Manager,Marketing,485,Teamwork,core
340,Account Manager,Marketing,289,Facebook Ads,secondary
340,Account Manager,Marketing,288,Google Ads,secondary
340,Account Manager,Marketing,290,Instagram Marketing,secondary
340,Account Manager,Marketing,287,SEM,secondary
340,Account Manager,Marketing,286,SEO,secondary
340,Account Manager,Marketing,292,Email Marketing,bonus
340,Account Manager,Marketing,293,HubSpot,bonus
340,Account Manager,Marketing,296,Social Media Management,bonus
341,CRM Manager,Marketing,483,Communication,core
341,CRM Manager,Marketing,306,CRM,core
341,CRM Manager,Marketing,293,HubSpot,core
341,CRM Manager,Marketing,492,Presentation Skills,core
341,CRM Manager,Marketing,294,Salesforce,core
341,CRM Manager,Marketing,373,Strategic Planning,core
341,CRM Manager,Marketing,289,Facebook Ads,secondary
341,CRM Manager,Marketing,288,Google Ads,secondary
341,CRM Manager,Marketing,290,Instagram Marketing,secondary
341,CRM Manager,Marketing,287,SEM,secondary
341,CRM Manager,Marketing,286,SEO,secondary
341,CRM Manager,Marketing,292,Email Marketing,bonus
341,CRM Manager,Marketing,295,Mailchimp,bonus
341,CRM Manager,Marketing,296,Social Media Management,bonus
342,E-Commerce Manager,Marketing,291,Content Marketing,core
342,E-Commerce Manager,Marketing,306,CRM,core
342,E-Commerce Manager,Marketing,289,Facebook Ads,core
342,E-Commerce Manager,Marketing,288,Google Ads,core
342,E-Commerce Manager,Marketing,290,Instagram Marketing,core
342,E-Commerce Manager,Marketing,287,SEM,core
342,E-Commerce Manager,Marketing,286,SEO,core
342,E-Commerce Manager,Marketing,292,Email Marketing,secondary
342,E-Commerce Manager,Marketing,293,HubSpot,secondary
342,E-Commerce Manager,Marketing,295,Mailchimp,secondary
342,E-Commerce Manager,Marketing,294,Salesforce,secondary
342,E-Commerce Manager,Marketing,296,Social Media Management,secondary
342,E-Commerce Manager,Marketing,298,Brand Management,bonus
342,E-Commerce Manager,Marketing,297,Influencer Marketing,bonus
342,E-Commerce Manager,Marketing,304,Performance Marketing,bonus
343,Marketing Analyst,Marketing,150,A/B Testing,core
343,Marketing Analyst,Marketing,497,Analytical Thinking,core
343,Marketing Analyst,Marketing,300,Consumer Behavior,core
343,Marketing Analyst,Marketing,299,Market Research,core
343,Marketing Analyst,Marketing,287,SEM,core
343,Marketing Analyst,Marketing,286,SEO,core
343,Marketing Analyst,Marketing,144,Statistics,core
343,Marketing Analyst,Marketing,288,Google Ads,secondary
343,Marketing Analyst,Marketing,127,NumPy,secondary
343,Marketing Analyst,Marketing,126,Pandas,secondary
343,Marketing Analyst,Marketing,134,Power BI,secondary
343,Marketing Analyst,Marketing,133,Tableau,secondary
343,Marketing Analyst,Marketing,291,Content Marketing,bonus
343,Marketing Analyst,Marketing,289,Facebook Ads,bonus
343,Marketing Analyst,Marketing,290,Instagram Marketing,bonus
344,Video Marketer,Marketing,483,Communication,core
344,Video Marketer,Marketing,291,Content Marketing,core
344,Video Marketer,Marketing,301,Copywriting,core
344,Video Marketer,Marketing,498,Creativity,core
344,Video Marketer,Marketing,180,Premiere Pro,core
344,Video Marketer,Marketing,296,Social Media Management,core
344,Video Marketer,Marketing,308,Video Marketing,core
344,Video Marketer,Marketing,289,Facebook Ads,secondary
344,Video Marketer,Marketing,288,Google Ads,secondary
344,Video Marketer,Marketing,290,Instagram Marketing,secondary
344,Video Marketer,Marketing,287,SEM,secondary
344,Video Marketer,Marketing,286,SEO,secondary
344,Video Marketer,Marketing,179,After Effects,bonus
344,Video Marketer,Marketing,292,Email Marketing,bonus
344,Video Marketer,Marketing,293,HubSpot,bonus
345,Podcast Host,Marketing,483,Communication,core
345,Podcast Host,Marketing,291,Content Marketing,core
345,Podcast Host,Marketing,301,Copywriting,core
345,Podcast Host,Marketing,309,Podcast Marketing,core
345,Podcast Host,Marketing,403,Podcasting,core
345,Podcast Host,Marketing,492,Presentation Skills,core
345,Podcast Host,Marketing,296,Social Media Management,core
345,Podcast Host,Marketing,289,Facebook Ads,secondary
345,Podcast Host,Marketing,288,Google Ads,secondary
345,Podcast Host,Marketing,290,Instagram Marketing,secondary
345,Podcast Host,Marketing,287,SEM,secondary
345,Podcast Host,Marketing,286,SEO,secondary
345,Podcast Host,Marketing,292,Email Marketing,bonus
345,Podcast Host,Marketing,293,HubSpot,bonus
345,Podcast Host,Marketing,416,Studio Recording,bonus
346,Community Manager,Marketing,483,Communication,core
346,Community Manager,Marketing,473,Community Development,core
346,Community Manager,Marketing,291,Content Marketing,core
346,Community Manager,Marketing,301,Copywriting,core
346,Community Manager,Marketing,492,Presentation Skills,core
346,Community Manager,Marketing,296,Social Media Management,core
346,Community Manager,Marketing,485,Teamwork,core
346,Community Manager,Marketing,289,Facebook Ads,secondary
346,Community Manager,Marketing,288,Google Ads,secondary
346,Community Manager,Marketing,290,Instagram Marketing,secondary
346,Community Manager,Marketing,287,SEM,secondary
346,Community Manager,Marketing,286,SEO,secondary
346,Community Manager,Marketing,292,Email Marketing,bonus
346,Community Manager,Marketing,293,HubSpot,bonus
346,Community Manager,Marketing,294,Salesforce,bonus
347,Marketing Automation Specialist,Marketing,291,Content Marketing,core
347,Marketing Automation Specialist,Marketing,306,CRM,core
347,Marketing Automation Specialist,Marketing,292,Email Marketing,core
347,Marketing Automation Specialist,Marketing,293,HubSpot,core
347,Marketing Automation Specialist,Marketing,295,Mailchimp,core
347,Marketing Automation Specialist,Marketing,304,Performance Marketing,core
347,Marketing Automation Specialist,Marketing,294,Salesforce,core
347,Marketing Automation Specialist,Marketing,289,Facebook Ads,secondary
347,Marketing Automation Specialist,Marketing,288,Google Ads,secondary
347,Marketing Automation Specialist,Marketing,290,Instagram Marketing,secondary
347,Marketing Automation Specialist,Marketing,287,SEM,secondary
347,Marketing Automation Specialist,Marketing,286,SEO,secondary
347,Marketing Automation Specialist,Marketing,310,Growth Hacking,bonus
347,Marketing Automation Specialist,Marketing,297,Influencer Marketing,bonus
347,Marketing Automation Specialist,Marketing,296,Social Media Management,bonus
348,Retail Marketing Manager,Marketing,298,Brand Management,core
348,Retail Marketing Manager,Marketing,300,Consumer Behavior,core
348,Retail Marketing Manager,Marketing,291,Content Marketing,core
348,Retail Marketing Manager,Marketing,303,Event Marketing,core
348,Retail Marketing Manager,Marketing,484,Leadership,core
348,Retail Marketing Manager,Marketing,299,Market Research,core
348,Retail Marketing Manager,Marketing,373,Strategic Planning,core
348,Retail Marketing Manager,Marketing,289,Facebook Ads,secondary
348,Retail Marketing Manager,Marketing,288,Google Ads,secondary
348,Retail Marketing Manager,Marketing,290,Instagram Marketing,secondary
348,Retail Marketing Manager,Marketing,287,SEM,secondary
348,Retail Marketing Manager,Marketing,286,SEO,secondary
348,Retail Marketing Manager,Marketing,292,Email Marketing,bonus
348,Retail Marketing Manager,Marketing,293,HubSpot,bonus
348,Retail Marketing Manager,Marketing,296,Social Media Management,bonus
349,B2B Marketing Manager,Marketing,298,Brand Management,core
349,B2B Marketing Manager,Marketing,300,Consumer Behavior,core
349,B2B Marketing Manager,Marketing,291,Content Marketing,core
349,B2B Marketing Manager,Marketing,484,Leadership,core
349,B2B Marketing Manager,Marketing,299,Market Research,core
349,B2B Marketing Manager,Marketing,302,PR and Communications,core
349,B2B Marketing Manager,Marketing,373,Strategic Planning,core
349,B2B Marketing Manager,Marketing,289,Facebook Ads,secondary
349,B2B Marketing Manager,Marketing,288,Google Ads,secondary
349,B2B Marketing Manager,Marketing,290,Instagram Marketing,secondary
349,B2B Marketing Manager,Marketing,287,SEM,secondary
349,B2B Marketing Manager,Marketing,286,SEO,secondary
349,B2B Marketing Manager,Marketing,292,Email Marketing,bonus
349,B2B Marketing Manager,Marketing,293,HubSpot,bonus
349,B2B Marketing Manager,Marketing,294,Salesforce,bonus
350,CMO,Marketing,298,Brand Management,core
350,CMO,Marketing,300,Consumer Behavior,core
350,CMO,Marketing,494,Decision Making,core
350,CMO,Marketing,484,Leadership,core
350,CMO,Marketing,299,Market Research,core
350,CMO,Marketing,302,PR and Communications,core
350,CMO,Marketing,373,Strategic Planning,core
350,CMO,Marketing,289,Facebook Ads,secondary
350,CMO,Marketing,288,Google Ads,secondary
350,CMO,Marketing,290,Instagram Marketing,secondary
350,CMO,Marketing,287,SEM,secondary
350,CMO,Marketing,286,SEO,secondary
350,CMO,Marketing,292,Email Marketing,bonus
350,CMO,Marketing,293,HubSpot,bonus
350,CMO,Marketing,296,Social Media Management,bonus
351,Media Buyer,Marketing,499,Attention to Detail,core
351,Media Buyer,Marketing,483,Communication,core
351,Media Buyer,Marketing,291,Content Marketing,core
351,Media Buyer,Marketing,289,Facebook Ads,core
351,Media Buyer,Marketing,288,Google Ads,core
351,Media Buyer,Marketing,304,Performance Marketing,core
351,Media Buyer,Marketing,287,SEM,core
351,Media Buyer,Marketing,292,Email Marketing,secondary
351,Media Buyer,Marketing,293,HubSpot,secondary
351,Media Buyer,Marketing,290,Instagram Marketing,secondary
351,Media Buyer,Marketing,294,Salesforce,secondary
351,Media Buyer,Marketing,286,SEO,secondary
351,Media Buyer,Marketing,297,Influencer Marketing,bonus
351,Media Buyer,Marketing,295,Mailchimp,bonus
351,Media Buyer,Marketing,296,Social Media Management,bonus
352,Trade Marketing Manager,Marketing,298,Brand Management,core
352,Trade Marketing Manager,Marketing,300,Consumer Behavior,core
352,Trade Marketing Manager,Marketing,291,Content Marketing,core
352,Trade Marketing Manager,Marketing,303,Event Marketing,core
352,Trade Marketing Manager,Marketing,484,Leadership,core
352,Trade Marketing Manager,Marketing,299,Market Research,core
352,Trade Marketing Manager,Marketing,373,Strategic Planning,core
352,Trade Marketing Manager,Marketing,289,Facebook Ads,secondary
352,Trade Marketing Manager,Marketing,288,Google Ads,secondary
352,Trade Marketing Manager,Marketing,290,Instagram Marketing,secondary
352,Trade Marketing Manager,Marketing,287,SEM,secondary
352,Trade Marketing Manager,Marketing,286,SEO,secondary
352,Trade Marketing Manager,Marketing,292,Email Marketing,bonus
352,Trade Marketing Manager,Marketing,293,HubSpot,bonus
352,Trade Marketing Manager,Marketing,296,Social Media Management,bonus
353,Sponsorship Manager,Marketing,298,Brand Management,core
353,Sponsorship Manager,Marketing,300,Consumer Behavior,core
353,Sponsorship Manager,Marketing,303,Event Marketing,core
353,Sponsorship Manager,Marketing,484,Leadership,core
353,Sponsorship Manager,Marketing,299,Market Research,core
353,Sponsorship Manager,Marketing,491,Negotiation,core
353,Sponsorship Manager,Marketing,302,PR and Communications,core
353,Sponsorship Manager,Marketing,289,Facebook Ads,secondary
353,Sponsorship Manager,Marketing,288,Google Ads,secondary
353,Sponsorship Manager,Marketing,290,Instagram Marketing,secondary
353,Sponsorship Manager,Marketing,287,SEM,secondary
353,Sponsorship Manager,Marketing,286,SEO,secondary
353,Sponsorship Manager,Marketing,292,Email Marketing,bonus
353,Sponsorship Manager,Marketing,293,HubSpot,bonus
353,Sponsorship Manager,Marketing,296,Social Media Management,bonus
354,Customer Success Manager,Marketing,483,Communication,core
354,Customer Success Manager,Marketing,306,CRM,core
354,Customer Success Manager,Marketing,424,Customer Service,core
354,Customer Success Manager,Marketing,492,Presentation Skills,core
354,Customer Success Manager,Marketing,294,Salesforce,core
354,Customer Success Manager,Marketing,373,Strategic Planning,core
354,Customer Success Manager,Marketing,485,Teamwork,core
354,Customer Success Manager,Marketing,289,Facebook Ads,secondary
354,Customer Success Manager,Marketing,288,Google Ads,secondary
354,Customer Success Manager,Marketing,290,Instagram Marketing,secondary
354,Customer Success Manager,Marketing,287,SEM,secondary
354,Customer Success Manager,Marketing,286,SEO,secondary
354,Customer Success Manager,Marketing,292,Email Marketing,bonus
354,Customer Success Manager,Marketing,293,HubSpot,bonus
354,Customer Success Manager,Marketing,296,Social Media Management,bonus
355,Inside Sales Representative,Marketing,483,Communication,core
355,Inside Sales Representative,Marketing,306,CRM,core
355,Inside Sales Representative,Marketing,491,Negotiation,core
355,Inside Sales Representative,Marketing,492,Presentation Skills,core
355,Inside Sales Representative,Marketing,294,Salesforce,core
355,Inside Sales Representative,Marketing,485,Teamwork,core
355,Inside Sales Representative,Marketing,488,Time Management,core
355,Inside Sales Representative,Marketing,289,Facebook Ads,secondary
355,Inside Sales Representative,Marketing,288,Google Ads,secondary
355,Inside Sales Representative,Marketing,290,Instagram Marketing,secondary
355,Inside Sales Representative,Marketing,287,SEM,secondary
355,Inside Sales Representative,Marketing,286,SEO,secondary
355,Inside Sales Representative,Marketing,292,Email Marketing,bonus
355,Inside Sales Representative,Marketing,293,HubSpot,bonus
355,Inside Sales Representative,Marketing,296,Social Media Management,bonus
356,Channel Sales Manager,Marketing,483,Communication,core
356,Channel Sales Manager,Marketing,306,CRM,core
356,Channel Sales Manager,Marketing,484,Leadership,core
356,Channel Sales Manager,Marketing,491,Negotiation,core
356,Channel Sales Manager,Marketing,492,Presentation Skills,core
356,Channel Sales Manager,Marketing,294,Salesforce,core
356,Channel Sales Manager,Marketing,373,Strategic Planning,core
356,Channel Sales Manager,Marketing,289,Facebook Ads,secondary
356,Channel Sales Manager,Marketing,288,Google Ads,secondary
356,Channel Sales Manager,Marketing,290,Instagram Marketing,secondary
356,Channel Sales Manager,Marketing,287,SEM,secondary
356,Channel Sales Manager,Marketing,286,SEO,secondary
356,Channel Sales Manager,Marketing,292,Email Marketing,bonus
356,Channel Sales Manager,Marketing,293,HubSpot,bonus
356,Channel Sales Manager,Marketing,296,Social Media Management,bonus
357,Key Account Manager,Marketing,483,Communication,core
357,Key Account Manager,Marketing,306,CRM,core
357,Key Account Manager,Marketing,491,Negotiation,core
357,Key Account Manager,Marketing,492,Presentation Skills,core
357,Key Account Manager,Marketing,294,Salesforce,core
357,Key Account Manager,Marketing,373,Strategic Planning,core
357,Key Account Manager,Marketing,485,Teamwork,core
357,Key Account Manager,Marketing,289,Facebook Ads,secondary
357,Key Account Manager,Marketing,288,Google Ads,secondary
357,Key Account Manager,Marketing,290,Instagram Marketing,secondary
357,Key Account Manager,Marketing,287,SEM,secondary
357,Key Account Manager,Marketing,286,SEO,secondary
357,Key Account Manager,Marketing,292,Email Marketing,bonus
357,Key Account Manager,Marketing,293,HubSpot,bonus
357,Key Account Manager,Marketing,296,Social Media Management,bonus
358,Sales Operations Analyst,Marketing,497,Analytical Thinking,core
358,Sales Operations Analyst,Marketing,483,Communication,core
358,Sales Operations Analyst,Marketing,306,CRM,core
358,Sales Operations Analyst,Marketing,127,NumPy,core
358,Sales Operations Analyst,Marketing,126,Pandas,core
358,Sales Operations Analyst,Marketing,294,Salesforce,core
358,Sales Operations Analyst,Marketing,144,Statistics,core
358,Sales Operations Analyst,Marketing,293,HubSpot,secondary
358,Sales Operations Analyst,Marketing,134,Power BI,secondary
358,Sales Operations Analyst,Marketing,80,SQL,secondary
358,Sales Operations Analyst,Marketing,133,Tableau,secondary
358,Sales Operations Analyst,Marketing,288,Google Ads,bonus
358,Sales Operations Analyst,Marketing,287,SEM,bonus
358,Sales Operations Analyst,Marketing,286,SEO,bonus
359,Retail Sales Associate,Marketing,483,Communication,core
359,Retail Sales Associate,Marketing,306,CRM,core
359,Retail Sales Associate,Marketing,424,Customer Service,core
359,Retail Sales Associate,Marketing,492,Presentation Skills,core
359,Retail Sales Associate,Marketing,294,Salesforce,core
359,Retail Sales Associate,Marketing,485,Teamwork,core
359,Retail Sales Associate,Marketing,488,Time Management,core
359,Retail Sales Associate,Marketing,289,Facebook Ads,secondary
359,Retail Sales Associate,Marketing,288,Google Ads,secondary
359,Retail Sales Associate,Marketing,290,Instagram Marketing,secondary
359,Retail Sales Associate,Marketing,287,SEM,secondary
359,Retail Sales Associate,Marketing,286,SEO,secondary
359,Retail Sales Associate,Marketing,292,Email Marketing,bonus
359,Retail Sales Associate,Marketing,293,HubSpot,bonus
359,Retail Sales Associate,Marketing,296,Social Media Management,bonus
360,Pre-Sales Consultant,Marketing,374,Business Analysis,core
360,Pre-Sales Consultant,Marketing,483,Communication,core
360,Pre-Sales Consultant,Marketing,306,CRM,core
360,Pre-Sales Consultant,Marketing,491,Negotiation,core
360,Pre-Sales Consultant,Marketing,492,Presentation Skills,core
360,Pre-Sales Consultant,Marketing,294,Salesforce,core
360,Pre-Sales Consultant,Marketing,485,Teamwork,core
360,Pre-Sales Consultant,Marketing,289,Facebook Ads,secondary
360,Pre-Sales Consultant,Marketing,288,Google Ads,secondary
360,Pre-Sales Consultant,Marketing,290,Instagram Marketing,secondary
360,Pre-Sales Consultant,Marketing,287,SEM,secondary
360,Pre-Sales Consultant,Marketing,286,SEO,secondary
360,Pre-Sales Consultant,Marketing,292,Email Marketing,bonus
360,Pre-Sales Consultant,Marketing,293,HubSpot,bonus
360,Pre-Sales Consultant,Marketing,296,Social Media Management,bonus
361,Marketing Coordinator,Marketing,483,Communication,core
361,Marketing Coordinator,Marketing,291,Content Marketing,core
361,Marketing Coordinator,Marketing,288,Google Ads,core
361,Marketing Coordinator,Marketing,287,SEM,core
361,Marketing Coordinator,Marketing,286,SEO,core
361,Marketing Coordinator,Marketing,296,Social Media Management,core
361,Marketing Coordinator,Marketing,488,Time Management,core
361,Marketing Coordinator,Marketing,292,Email Marketing,secondary
361,Marketing Coordinator,Marketing,289,Facebook Ads,secondary
361,Marketing Coordinator,Marketing,293,HubSpot,secondary
361,Marketing Coordinator,Marketing,290,Instagram Marketing,secondary
361,Marketing Coordinator,Marketing,294,Salesforce,secondary
361,Marketing Coordinator,Marketing,306,CRM,bonus
361,Marketing Coordinator,Marketing,297,Influencer Marketing,bonus
361,Marketing Coordinator,Marketing,295,Mailchimp,bonus
362,Digital Advertising Specialist,Marketing,499,Attention to Detail,core
362,Digital Advertising Specialist,Marketing,483,Communication,core
362,Digital Advertising Specialist,Marketing,291,Content Marketing,core
362,Digital Advertising Specialist,Marketing,289,Facebook Ads,core
362,Digital Advertising Specialist,Marketing,288,Google Ads,core
362,Digital Advertising Specialist,Marketing,304,Performance Marketing,core
362,Digital Advertising Specialist,Marketing,287,SEM,core
362,Digital Advertising Specialist,Marketing,292,Email Marketing,secondary
362,Digital Advertising Specialist,Marketing,293,HubSpot,secondary
362,Digital Advertising Specialist,Marketing,290,Instagram Marketing,secondary
362,Digital Advertising Specialist,Marketing,294,Salesforce,secondary
362,Digital Advertising Specialist,Marketing,286,SEO,secondary
362,Digital Advertising Specialist,Marketing,297,Influencer Marketing,bonus
362,Digital Advertising Specialist,Marketing,295,Mailchimp,bonus
362,Digital Advertising Specialist,Marketing,296,Social Media Management,bonus
363,Public Affairs Manager,Marketing,483,Communication,core
363,Public Affairs Manager,Marketing,451,Government Relations,core
363,Public Affairs Manager,Marketing,484,Leadership,core
363,Public Affairs Manager,Marketing,491,Negotiation,core
363,Public Affairs Manager,Marketing,302,PR and Communications,core
363,Public Affairs Manager,Marketing,449,Public Administration,core
363,Public Affairs Manager,Marketing,406,Public Relations,core
363,Public Affairs Manager,Marketing,289,Facebook Ads,secondary
363,Public Affairs Manager,Marketing,288,Google Ads,secondary
363,Public Affairs Manager,Marketing,290,Instagram Marketing,secondary
363,Public Affairs Manager,Marketing,287,SEM,secondary
363,Public Affairs Manager,Marketing,286,SEO,secondary
363,Public Affairs Manager,Marketing,292,Email Marketing,bonus
363,Public Affairs Manager,Marketing,293,HubSpot,bonus
363,Public Affairs Manager,Marketing,296,Social Media Management,bonus
364,Loyalty Program Manager,Marketing,483,Communication,core
364,Loyalty Program Manager,Marketing,291,Content Marketing,core
364,Loyalty Program Manager,Marketing,306,CRM,core
364,Loyalty Program Manager,Marketing,484,Leadership,core
364,Loyalty Program Manager,Marketing,299,Market Research,core
364,Loyalty Program Manager,Marketing,294,Salesforce,core
364,Loyalty Program Manager,Marketing,289,Facebook Ads,secondary
364,Loyalty Program Manager,Marketing,288,Google Ads,secondary
364,Loyalty Program Manager,Marketing,290,Instagram Marketing,secondary
364,Loyalty Program Manager,Marketing,287,SEM,secondary
364,Loyalty Program Manager,Marketing,286,SEO,secondary
364,Loyalty Program Manager,Marketing,292,Email Marketing,bonus
364,Loyalty Program Manager,Marketing,293,HubSpot,bonus
364,Loyalty Program Manager,Marketing,296,Social Media Management,bonus
365,Telemarketing Executive,Marketing,483,Communication,core
365,Telemarketing Executive,Marketing,306,CRM,core
365,Telemarketing Executive,Marketing,491,Negotiation,core
365,Telemarketing Executive,Marketing,492,Presentation Skills,core
365,Telemarketing Executive,Marketing,294,Salesforce,core
365,Telemarketing Executive,Marketing,485,Teamwork,core
365,Telemarketing Executive,Marketing,488,Time Management,core
365,Telemarketing Executive,Marketing,289,Facebook Ads,secondary
365,Telemarketing Executive,Marketing,288,Google Ads,secondary
365,Telemarketing Executive,Marketing,290,Instagram Marketing,secondary
365,Telemarketing Executive,Marketing,287,SEM,secondary
365,Telemarketing Executive,Marketing,286,SEO,secondary
365,Telemarketing Executive,Marketing,292,Email Marketing,bonus
365,Telemarketing Executive,Marketing,293,HubSpot,bonus
365,Telemarketing Executive,Marketing,296,Social Media Management,bonus
366,Civil Engineer,Engineering,316,Civil 3D,core
366,Civil Engineer,Engineering,326,Construction Management,core
366,Civil Engineer,Engineering,324,Geotechnical Engineering,core
366,Civil Engineer,Engineering,315,Revit,core
366,Civil Engineer,Engineering,323,Structural Analysis,core
366,Civil Engineer,Engineering,325,Surveying,core
366,Civil Engineer,Engineering,313,ANSYS,secondary
366,Civil Engineer,Engineering,184,AutoCAD,secondary
366,Civil Engineer,Engineering,345,Fluid Mechanics,secondary
366,Civil Engineer,Engineering,327,Quantity Surveying,secondary
366,Civil Engineer,Engineering,344,Thermodynamics,secondary
366,Civil Engineer,Engineering,438,GIS Mapping,bonus
366,Civil Engineer,Engineering,439,Remote Sensing,bonus
366,Civil Engineer,Engineering,456,Urban Planning,bonus
367,Structural Engineer,Engineering,313,ANSYS,core
367,Structural Engineer,Engineering,316,Civil 3D,core
367,Structural Engineer,Engineering,326,Construction Management,core
367,Structural Engineer,Engineering,315,Revit,core
367,Structural Engineer,Engineering,323,Structural Analysis,core
367,Structural Engineer,Engineering,344,Thermodynamics,core
367,Structural Engineer,Engineering,184,AutoCAD,secondary
367,Structural Engineer,Engineering,314,CATIA,secondary
367,Structural Engineer,Engineering,324,Geotechnical Engineering,secondary
367,Structural Engineer,Engineering,327,Quantity Surveying,secondary
367,Structural Engineer,Engineering,325,Surveying,secondary
367,Structural Engineer,Engineering,438,GIS Mapping,bonus
367,Structural Engineer,Engineering,337,Quality Control,bonus
367,Structural Engineer,Engineering,439,Remote Sensing,bonus
368,Geotechnical Engineer,Engineering,316,Civil 3D,core
368,Geotechnical Engineer,Engineering,326,Construction Management,core
368,Geotechnical Engineer,Engineering,324,Geotechnical Engineering,core
368,Geotechnical Engineer,Engineering,315,Revit,core
368,Geotechnical Engineer,Engineering,323,Structural Analysis,core
368,Geotechnical Engineer,Engineering,344,Thermodynamics,core
368,Geotechnical Engineer,Engineering,313,ANSYS,secondary
368,Geotechnical Engineer,Engineering,184,AutoCAD,secondary
368,Geotechnical Engineer,Engineering,314,CATIA,secondary
368,Geotechnical Engineer,Engineering,327,Quantity Surveying,secondary
368,Geotechnical Engineer,Engineering,325,Surveying,secondary
368,Geotechnical Engineer,Engineering,438,GIS Mapping,bonus
368,Geotechnical Engineer,Engineering,337,Quality Control,bonus
368,Geotechnical Engineer,Engineering,439,Remote Sensing,bonus
369,Transportation Engineer,Engineering,316,Civil 3D,core
369,Transportation Engineer,Engineering,326,Construction Management,core
369,Transportation Engineer,Engineering,323,Structural Analysis,core
369,Transportation Engineer,Engineering,325,Surveying,core
369,Transportation Engineer,Engineering,344,Thermodynamics,core
369,Transportation Engineer,Engineering,313,ANSYS,secondary
369,Transportation Engineer,Engineering,184,AutoCAD,secondary
369,Transportation Engineer,Engineering,314,CATIA,secondary
369,Transportation Engineer,Engineering,324,Geotechnical Engineering,secondary
369,Transportation Engineer,Engineering,327,Quantity Surveying,secondary
369,Transportation Engineer,Engineering,438,GIS Mapping,bonus
369,Transportation Engineer,Engineering,439,Remote Sensing,bonus
369,Transportation Engineer,Engineering,456,Urban Planning,bonus
370,Environmental Engineer,Engineering,326,Construction Management,core
370,Environmental Engineer,Engineering,440,Environmental Impact Assessment,core
370,Environmental Engineer,Engineering,438,GIS Mapping,core
370,Environmental Engineer,Engineering,344,Thermodynamics,core
370,Environmental Engineer,Engineering,441,Waste Management,core
370,Environmental Engineer,Engineering,442,Water Resource Management,core
370,Environmental Engineer,Engineering,184,AutoCAD,secondary
370,Environmental Engineer,Engineering,324,Geotechnical Engineering,secondary
370,Environmental Engineer,Engineering,327,Quantity Surveying,secondary
370,Environmental Engineer,Engineering,323,Structural Analysis,secondary
370,Environmental Engineer,Engineering,325,Surveying,secondary
370,Environmental Engineer,Engineering,445,Climate Science,bonus
370,Environmental Engineer,Engineering,433,Crop Science,bonus
370,Environmental Engineer,Engineering,434,Soil Science,bonus
371,Water Resources Engineer,Engineering,326,Construction Management,core
371,Water Resources Engineer,Engineering,438,GIS Mapping,core
371,Water Resources Engineer,Engineering,435,Irrigation Management,core
371,Water Resources Engineer,Engineering,323,Structural Analysis,core
371,Water Resources Engineer,Engineering,344,Thermodynamics,core
371,Water Resources Engineer,Engineering,442,Water Resource Management,core
371,Water Resources Engineer,Engineering,313,ANSYS,secondary
371,Water Resources Engineer,Engineering,184,AutoCAD,secondary
371,Water Resources Engineer,Engineering,324,Geotechnical Engineering,secondary
371,Water Resources Engineer,Engineering,327,Quantity Surveying,secondary
371,Water Resources Engineer,Engineering,325,Surveying,secondary
371,Water Resources Engineer,Engineering,433,Crop Science,bonus
371,Water Resources Engineer,Engineering,440,Environmental Impact Assessment,bonus
371,Water Resources Engineer,Engineering,434,Soil Science,bonus
372,Construction Manager,Engineering,326,Construction Management,core
372,Construction Manager,Engineering,484,Leadership,core
372,Construction Manager,Engineering,365,Project Management,core
372,Construction Manager,Engineering,327,Quantity Surveying,core
372,Construction Manager,Engineering,315,Revit,core
372,Construction Manager,Engineering,373,Strategic Planning,core
372,Construction Manager,Engineering,184,AutoCAD,secondary
372,Construction Manager,Engineering,314,CATIA,secondary
372,Construction Manager,Engineering,324,Geotechnical Engineering,secondary
372,Construction Manager,Engineering,323,Structural Analysis,secondary
372,Construction Manager,Engineering,325,Surveying,secondary
372,Construction Manager,Engineering,499,Attention to Detail,bonus
372,Construction Manager,Engineering,337,Quality Control,bonus
372,Construction Manager,Engineering,344,Thermodynamics,bonus
373,Quantity Surveyor,Engineering,499,Attention to Detail,core
373,Quantity Surveyor,Engineering,326,Construction Management,core
373,Quantity Surveyor,Engineering,199,Financial Modeling,core
373,Quantity Surveyor,Engineering,214,Financial Reporting,core
373,Quantity Surveyor,Engineering,327,Quantity Surveying,core
373,Quantity Surveyor,Engineering,315,Revit,core
373,Quantity Surveyor,Engineering,184,AutoCAD,secondary
373,Quantity Surveyor,Engineering,314,CATIA,secondary
373,Quantity Surveyor,Engineering,324,Geotechnical Engineering,secondary
373,Quantity Surveyor,Engineering,323,Structural Analysis,secondary
373,Quantity Surveyor,Engineering,325,Surveying,secondary
373,Quantity Surveyor,Engineering,365,Project Management,bonus
373,Quantity Surveyor,Engineering,337,Quality Control,bonus
373,Quantity Surveyor,Engineering,344,Thermodynamics,bonus
374,Mechanical Engineer,Engineering,313,ANSYS,core
374,Mechanical Engineer,Engineering,314,CATIA,core
374,Mechanical Engineer,Engineering,345,Fluid Mechanics,core
374,Mechanical Engineer,Engineering,312,SolidWorks,core
374,Mechanical Engineer,Engineering,323,Structural Analysis,core
374,Mechanical Engineer,Engineering,344,Thermodynamics,core
374,Mechanical Engineer,Engineering,334,CNC Machining,secondary
374,Mechanical Engineer,Engineering,335,Lean Manufacturing,secondary
374,Mechanical Engineer,Engineering,343,Material Science,secondary
374,Mechanical Engineer,Engineering,322,MATLAB Simulink,secondary
374,Mechanical Engineer,Engineering,337,Quality Control,secondary
374,Mechanical Engineer,Engineering,332,Control Systems,bonus
374,Mechanical Engineer,Engineering,330,Electrical Design,bonus
375,Automotive Engineer,Engineering,313,ANSYS,core
375,Automotive Engineer,Engineering,314,CATIA,core
375,Automotive Engineer,Engineering,345,Fluid Mechanics,core
375,Automotive Engineer,Engineering,312,SolidWorks,core
375,Automotive Engineer,Engineering,323,Structural Analysis,core
375,Automotive Engineer,Engineering,344,Thermodynamics,core
375,Automotive Engineer,Engineering,334,CNC Machining,secondary
375,Automotive Engineer,Engineering,335,Lean Manufacturing,secondary
375,Automotive Engineer,Engineering,343,Material Science,secondary
375,Automotive Engineer,Engineering,322,MATLAB Simulink,secondary
375,Automotive Engineer,Engineering,337,Quality Control,secondary
375,Automotive Engineer,Engineering,332,Control Systems,bonus
375,Automotive Engineer,Engineering,330,Electrical Design,bonus
376,Aerospace Engineer,Engineering,313,ANSYS,core
376,Aerospace Engineer,Engineering,3,C,core
376,Aerospace Engineer,Engineering,4,C++,core
376,Aerospace Engineer,Engineering,345,Fluid Mechanics,core
376,Aerospace Engineer,Engineering,323,Structural Analysis,core
376,Aerospace Engineer,Engineering,344,Thermodynamics,core
376,Aerospace Engineer,Engineering,334,CNC Machining,secondary
376,Aerospace Engineer,Engineering,332,Control Systems,secondary
376,Aerospace Engineer,Engineering,343,Material Science,secondary
376,Aerospace Engineer,Engineering,322,MATLAB Simulink,secondary
376,Aerospace Engineer,Engineering,330,Electrical Design,bonus
376,Aerospace Engineer,Engineering,16,MATLAB,bonus
377,Manufacturing Engineer,Engineering,314,CATIA,core
377,Manufacturing Engineer,Engineering,334,CNC Machining,core
377,Manufacturing Engineer,Engineering,335,Lean Manufacturing,core
377,Manufacturing Engineer,Engineering,337,Quality Control,core
377,Manufacturing Engineer,Engineering,336,Six Sigma,core
377,Manufacturing Engineer,Engineering,312,SolidWorks,core
377,Manufacturing Engineer,Engineering,332,Control Systems,secondary
377,Manufacturing Engineer,Engineering,324,Geotechnical Engineering,secondary
377,Manufacturing Engineer,Engineering,322,MATLAB Simulink,secondary
377,Manufacturing Engineer,Engineering,323,Structural Analysis,secondary
377,Manufacturing Engineer,Engineering,325,Surveying,secondary
377,Manufacturing Engineer,Engineering,313,ANSYS,bonus
377,Manufacturing Engineer,Engineering,330,Electrical Design,bonus
377,Manufacturing Engineer,Engineering,338,NDT Testing,bonus
378,Process Engineer,Engineering,314,CATIA,core
378,Process Engineer,Engineering,342,Chemical Engineering,core
378,Process Engineer,Engineering,345,Fluid Mechanics,core
378,Process Engineer,Engineering,341,Process Engineering,core
378,Process Engineer,Engineering,337,Quality Control,core
378,Process Engineer,Engineering,344,Thermodynamics,core
378,Process Engineer,Engineering,332,Control Systems,secondary
378,Process Engineer,Engineering,324,Geotechnical Engineering,secondary
378,Process Engineer,Engineering,322,MATLAB Simulink,secondary
378,Process Engineer,Engineering,323,Structural Analysis,secondary
378,Process Engineer,Engineering,325,Surveying,secondary
378,Process Engineer,Engineering,313,ANSYS,bonus
378,Process Engineer,Engineering,330,Electrical Design,bonus
378,Process Engineer,Engineering,338,NDT Testing,bonus
379,Chemical Engineer,Engineering,314,CATIA,core
379,Chemical Engineer,Engineering,342,Chemical Engineering,core
379,Chemical Engineer,Engineering,345,Fluid Mechanics,core
379,Chemical Engineer,Engineering,341,Process Engineering,core
379,Chemical Engineer,Engineering,337,Quality Control,core
379,Chemical Engineer,Engineering,344,Thermodynamics,core
379,Chemical Engineer,Engineering,332,Control Systems,secondary
379,Chemical Engineer,Engineering,324,Geotechnical Engineering,secondary
379,Chemical Engineer,Engineering,322,MATLAB Simulink,secondary
379,Chemical Engineer,Engineering,323,Structural Analysis,secondary
379,Chemical Engineer,Engineering,325,Surveying,secondary
379,Chemical Engineer,Engineering,313,ANSYS,bonus
379,Chemical Engineer,Engineering,330,Electrical Design,bonus
379,Chemical Engineer,Engineering,343,Material Science,bonus
380,Petroleum Engineer,Engineering,314,CATIA,core
380,Petroleum Engineer,Engineering,342,Chemical Engineering,core
380,Petroleum Engineer,Engineering,345,Fluid Mechanics,core
380,Petroleum Engineer,Engineering,341,Process Engineering,core
380,Petroleum Engineer,Engineering,337,Quality Control,core
380,Petroleum Engineer,Engineering,344,Thermodynamics,core
380,Petroleum Engineer,Engineering,332,Control Systems,secondary
380,Petroleum Engineer,Engineering,324,Geotechnical Engineering,secondary
380,Petroleum Engineer,Engineering,322,MATLAB Simulink,secondary
380,Petroleum Engineer,Engineering,323,Structural Analysis,secondary
380,Petroleum Engineer,Engineering,325,Surveying,secondary
380,Petroleum Engineer,Engineering,313,ANSYS,bonus
380,Petroleum Engineer,Engineering,330,Electrical Design,bonus
380,Petroleum Engineer,Engineering,343,Material Science,bonus
381,Electrical Engineer,Engineering,314,CATIA,core
381,Electrical Engineer,Engineering,319,Circuit Design,core
381,Electrical Engineer,Engineering,332,Control Systems,core
381,Electrical Engineer,Engineering,330,Electrical Design,core
381,Electrical Engineer,Engineering,320,PCB Design,core
381,Electrical Engineer,Engineering,331,Power Systems,core
381,Electrical Engineer,Engineering,334,CNC Machining,secondary
381,Electrical Engineer,Engineering,324,Geotechnical Engineering,secondary
381,Electrical Engineer,Engineering,322,MATLAB Simulink,secondary
381,Electrical Engineer,Engineering,323,Structural Analysis,secondary
381,Electrical Engineer,Engineering,325,Surveying,secondary
381,Electrical Engineer,Engineering,313,ANSYS,bonus
381,Electrical Engineer,Engineering,317,PLC Programming,bonus
381,Electrical Engineer,Engineering,318,SCADA,bonus
382,Electronics Engineer,Engineering,314,CATIA,core
382,Electronics Engineer,Engineering,319,Circuit Design,core
382,Electronics Engineer,Engineering,332,Control Systems,core
382,Electronics Engineer,Engineering,330,Electrical Design,core
382,Electronics Engineer,Engineering,321,Embedded Systems,core
382,Electronics Engineer,Engineering,320,PCB Design,core
382,Electronics Engineer,Engineering,334,CNC Machining,secondary
382,Electronics Engineer,Engineering,324,Geotechnical Engineering,secondary
382,Electronics Engineer,Engineering,322,MATLAB Simulink,secondary
382,Electronics Engineer,Engineering,323,Structural Analysis,secondary
382,Electronics Engineer,Engineering,325,Surveying,secondary
382,Electronics Engineer,Engineering,313,ANSYS,bonus
382,Electronics Engineer,Engineering,317,PLC Programming,bonus
382,Electronics Engineer,Engineering,318,SCADA,bonus
383,Power Systems Engineer,Engineering,314,CATIA,core
383,Power Systems Engineer,Engineering,319,Circuit Design,core
383,Power Systems Engineer,Engineering,332,Control Systems,core
383,Power Systems Engineer,Engineering,330,Electrical Design,core
383,Power Systems Engineer,Engineering,320,PCB Design,core
383,Power Systems Engineer,Engineering,331,Power Systems,core
383,Power Systems Engineer,Engineering,334,CNC Machining,secondary
383,Power Systems Engineer,Engineering,324,Geotechnical Engineering,secondary
383,Power Systems Engineer,Engineering,322,MATLAB Simulink,secondary
383,Power Systems Engineer,Engineering,323,Structural Analysis,secondary
383,Power Systems Engineer,Engineering,325,Surveying,secondary
383,Power Systems Engineer,Engineering,313,ANSYS,bonus
383,Power Systems Engineer,Engineering,317,PLC Programming,bonus
383,Power Systems Engineer,Engineering,318,SCADA,bonus
384,Instrumentation Engineer,Engineering,314,CATIA,core
384,Instrumentation Engineer,Engineering,319,Circuit Design,core
384,Instrumentation Engineer,Engineering,332,Control Systems,core
384,Instrumentation Engineer,Engineering,330,Electrical Design,core
384,Instrumentation Engineer,Engineering,317,PLC Programming,core
384,Instrumentation Engineer,Engineering,318,SCADA,core
384,Instrumentation Engineer,Engineering,334,CNC Machining,secondary
384,Instrumentation Engineer,Engineering,324,Geotechnical Engineering,secondary
384,Instrumentation Engineer,Engineering,322,MATLAB Simulink,secondary
384,Instrumentation Engineer,Engineering,323,Structural Analysis,secondary
384,Instrumentation Engineer,Engineering,325,Surveying,secondary
384,Instrumentation Engineer,Engineering,313,ANSYS,bonus
384,Instrumentation Engineer,Engineering,321,Embedded Systems,bonus
384,Instrumentation Engineer,Engineering,320,PCB Design,bonus
385,Control Systems Engineer,Engineering,314,CATIA,core
385,Control Systems Engineer,Engineering,319,Circuit Design,core
385,Control Systems Engineer,Engineering,332,Control Systems,core
385,Control Systems Engineer,Engineering,330,Electrical Design,core
385,Control Systems Engineer,Engineering,317,PLC Programming,core
385,Control Systems Engineer,Engineering,318,SCADA,core
385,Control Systems Engineer,Engineering,334,CNC Machining,secondary
385,Control Systems Engineer,Engineering,324,Geotechnical Engineering,secondary
385,Control Systems Engineer,Engineering,322,MATLAB Simulink,secondary
385,Control Systems Engineer,Engineering,323,Structural Analysis,secondary
385,Control Systems Engineer,Engineering,325,Surveying,secondary
385,Control Systems Engineer,Engineering,313,ANSYS,bonus
385,Control Systems Engineer,Engineering,321,Embedded Systems,bonus
385,Control Systems Engineer,Engineering,320,PCB Design,bonus
386,Robotics Engineer,Engineering,314,CATIA,core
386,Robotics Engineer,Engineering,319,Circuit Design,core
386,Robotics Engineer,Engineering,332,Control Systems,core
386,Robotics Engineer,Engineering,321,Embedded Systems,core
386,Robotics Engineer,Engineering,317,PLC Programming,core
386,Robotics Engineer,Engineering,333,Robotics,core
386,Robotics Engineer,Engineering,318,SCADA,core
386,Robotics Engineer,Engineering,334,CNC Machining,secondary
386,Robotics Engineer,Engineering,324,Geotechnical Engineering,secondary
386,Robotics Engineer,Engineering,322,MATLAB Simulink,secondary
386,Robotics Engineer,Engineering,323,Structural Analysis,secondary
386,Robotics Engineer,Engineering,325,Surveying,secondary
386,Robotics Engineer,Engineering,313,ANSYS,bonus
386,Robotics Engineer,Engineering,330,Electrical Design,bonus
386,Robotics Engineer,Engineering,320,PCB Design,bonus
387,PLC Programmer,Engineering,314,CATIA,core
387,PLC Programmer,Engineering,319,Circuit Design,core
387,PLC Programmer,Engineering,332,Control Systems,core
387,PLC Programmer,Engineering,321,Embedded Systems,core
387,PLC Programmer,Engineering,317,PLC Programming,core
387,PLC Programmer,Engineering,318,SCADA,core
387,PLC Programmer,Engineering,334,CNC Machining,secondary
387,PLC Programmer,Engineering,324,Geotechnical Engineering,secondary
387,PLC Programmer,Engineering,322,MATLAB Simulink,secondary
387,PLC Programmer,Engineering,323,Structural Analysis,secondary
387,PLC Programmer,Engineering,325,Surveying,secondary
387,PLC Programmer,Engineering,313,ANSYS,bonus
387,PLC Programmer,Engineering,330,Electrical Design,bonus
387,PLC Programmer,Engineering,320,PCB Design,bonus
388,HVAC Engineer,Engineering,314,CATIA,core
388,HVAC Engineer,Engineering,345,Fluid Mechanics,core
388,HVAC Engineer,Engineering,328,HVAC Design,core
388,HVAC Engineer,Engineering,337,Quality Control,core
388,HVAC Engineer,Engineering,323,Structural Analysis,core
388,HVAC Engineer,Engineering,344,Thermodynamics,core
388,HVAC Engineer,Engineering,334,CNC Machining,secondary
388,HVAC Engineer,Engineering,324,Geotechnical Engineering,secondary
388,HVAC Engineer,Engineering,322,MATLAB Simulink,secondary
388,HVAC Engineer,Engineering,325,Surveying,secondary
388,HVAC Engineer,Engineering,313,ANSYS,bonus
388,HVAC Engineer,Engineering,332,Control Systems,bonus
388,HVAC Engineer,Engineering,330,Electrical Design,bonus
389,MEP Engineer,Engineering,314,CATIA,core
389,MEP Engineer,Engineering,330,Electrical Design,core
389,MEP Engineer,Engineering,328,HVAC Design,core
389,MEP Engineer,Engineering,329,MEP Engineering,core
389,MEP Engineer,Engineering,323,Structural Analysis,core
389,MEP Engineer,Engineering,344,Thermodynamics,core
389,MEP Engineer,Engineering,334,CNC Machining,secondary
389,MEP Engineer,Engineering,324,Geotechnical Engineering,secondary
389,MEP Engineer,Engineering,322,MATLAB Simulink,secondary
389,MEP Engineer,Engineering,325,Surveying,secondary
389,MEP Engineer,Engineering,313,ANSYS,bonus
389,MEP Engineer,Engineering,332,Control Systems,bonus
389,MEP Engineer,Engineering,320,PCB Design,bonus
390,Fire Safety Engineer,Engineering,314,CATIA,core
390,Fire Safety Engineer,Engineering,326,Construction Management,core
390,Fire Safety Engineer,Engineering,345,Fluid Mechanics,core
390,Fire Safety Engineer,Engineering,337,Quality Control,core
390,Fire Safety Engineer,Engineering,323,Structural Analysis,core
390,Fire Safety Engineer,Engineering,344,Thermodynamics,core
390,Fire Safety Engineer,Engineering,334,CNC Machining,secondary
390,Fire Safety Engineer,Engineering,324,Geotechnical Engineering,secondary
390,Fire Safety Engineer,Engineering,322,MATLAB Simulink,secondary
390,Fire Safety Engineer,Engineering,325,Surveying,secondary
390,Fire Safety Engineer,Engineering,313,ANSYS,bonus
390,Fire Safety Engineer,Engineering,332,Control Systems,bonus
390,Fire Safety Engineer,Engineering,330,Electrical Design,bonus
391,Materials Engineer,Engineering,314,CATIA,core
391,Materials Engineer,Engineering,345,Fluid Mechanics,core
391,Materials Engineer,Engineering,343,Material Science,core
391,Materials Engineer,Engineering,337,Quality Control,core
391,Materials Engineer,Engineering,323,Structural Analysis,core
391,Materials Engineer,Engineering,344,Thermodynamics,core
391,Materials Engineer,Engineering,334,CNC Machining,secondary
391,Materials Engineer,Engineering,324,Geotechnical Engineering,secondary
391,Materials Engineer,Engineering,322,MATLAB Simulink,secondary
391,Materials Engineer,Engineering,325,Surveying,secondary
391,Materials Engineer,Engineering,313,ANSYS,bonus
391,Materials Engineer,Engineering,330,Electrical Design,bonus
391,Materials Engineer,Engineering,338,NDT Testing,bonus
392,Welding Engineer,Engineering,314,CATIA,core
392,Welding Engineer,Engineering,345,Fluid Mechanics,core
392,Welding Engineer,Engineering,337,Quality Control,core
392,Welding Engineer,Engineering,323,Structural Analysis,core
392,Welding Engineer,Engineering,344,Thermodynamics,core
392,Welding Engineer,Engineering,339,Welding,core
392,Welding Engineer,Engineering,334,CNC Machining,secondary
392,Welding Engineer,Engineering,324,Geotechnical Engineering,secondary
392,Welding Engineer,Engineering,322,MATLAB Simulink,secondary
392,Welding Engineer,Engineering,325,Surveying,secondary
392,Welding Engineer,Engineering,313,ANSYS,bonus
392,Welding Engineer,Engineering,330,Electrical Design,bonus
392,Welding Engineer,Engineering,338,NDT Testing,bonus
393,CNC Programmer,Engineering,314,CATIA,core
393,CNC Programmer,Engineering,334,CNC Machining,core
393,CNC Programmer,Engineering,345,Fluid Mechanics,core
393,CNC Programmer,Engineering,337,Quality Control,core
393,CNC Programmer,Engineering,323,Structural Analysis,core
393,CNC Programmer,Engineering,344,Thermodynamics,core
393,CNC Programmer,Engineering,332,Control Systems,secondary
393,CNC Programmer,Engineering,324,Geotechnical Engineering,secondary
393,CNC Programmer,Engineering,322,MATLAB Simulink,secondary
393,CNC Programmer,Engineering,325,Surveying,secondary
393,CNC Programmer,Engineering,313,ANSYS,bonus
393,CNC Programmer,Engineering,330,Electrical Design,bonus
393,CNC Programmer,Engineering,338,NDT Testing,bonus
394,Quality Engineer,Engineering,499,Attention to Detail,core
394,Quality Engineer,Engineering,314,CATIA,core
394,Quality Engineer,Engineering,335,Lean Manufacturing,core
394,Quality Engineer,Engineering,337,Quality Control,core
394,Quality Engineer,Engineering,336,Six Sigma,core
394,Quality Engineer,Engineering,323,Structural Analysis,core
394,Quality Engineer,Engineering,334,CNC Machining,secondary
394,Quality Engineer,Engineering,324,Geotechnical Engineering,secondary
394,Quality Engineer,Engineering,322,MATLAB Simulink,secondary
394,Quality Engineer,Engineering,325,Surveying,secondary
394,Quality Engineer,Engineering,313,ANSYS,bonus
394,Quality Engineer,Engineering,330,Electrical Design,bonus
394,Quality Engineer,Engineering,338,NDT Testing,bonus
395,Lean Engineer,Engineering,499,Attention to Detail,core
395,Lean Engineer,Engineering,314,CATIA,core
395,Lean Engineer,Engineering,335,Lean Manufacturing,core
395,Lean Engineer,Engineering,337,Quality Control,core
395,Lean Engineer,Engineering,336,Six Sigma,core
395,Lean Engineer,Engineering,323,Structural Analysis,core
395,Lean Engineer,Engineering,334,CNC Machining,secondary
395,Lean Engineer,Engineering,324,Geotechnical Engineering,secondary
395,Lean Engineer,Engineering,322,MATLAB Simulink,secondary
395,Lean Engineer,Engineering,325,Surveying,secondary
395,Lean Engineer,Engineering,313,ANSYS,bonus
395,Lean Engineer,Engineering,330,Electrical Design,bonus
395,Lean Engineer,Engineering,338,NDT Testing,bonus
396,Six Sigma Black Belt,Engineering,499,Attention to Detail,core
396,Six Sigma Black Belt,Engineering,314,CATIA,core
396,Six Sigma Black Belt,Engineering,335,Lean Manufacturing,core
396,Six Sigma Black Belt,Engineering,337,Quality Control,core
396,Six Sigma Black Belt,Engineering,336,Six Sigma,core
396,Six Sigma Black Belt,Engineering,323,Structural Analysis,core
396,Six Sigma Black Belt,Engineering,334,CNC Machining,secondary
396,Six Sigma Black Belt,Engineering,324,Geotechnical Engineering,secondary
396,Six Sigma Black Belt,Engineering,322,MATLAB Simulink,secondary
396,Six Sigma Black Belt,Engineering,325,Surveying,secondary
396,Six Sigma Black Belt,Engineering,313,ANSYS,bonus
396,Six Sigma Black Belt,Engineering,330,Electrical Design,bonus
396,Six Sigma Black Belt,Engineering,338,NDT Testing,bonus
397,Maintenance Engineer,Engineering,314,CATIA,core
397,Maintenance Engineer,Engineering,345,Fluid Mechanics,core
397,Maintenance Engineer,Engineering,338,NDT Testing,core
397,Maintenance Engineer,Engineering,337,Quality Control,core
397,Maintenance Engineer,Engineering,323,Structural Analysis,core
397,Maintenance Engineer,Engineering,344,Thermodynamics,core
397,Maintenance Engineer,Engineering,334,CNC Machining,secondary
397,Maintenance Engineer,Engineering,324,Geotechnical Engineering,secondary
397,Maintenance Engineer,Engineering,322,MATLAB Simulink,secondary
397,Maintenance Engineer,Engineering,325,Surveying,secondary
397,Maintenance Engineer,Engineering,313,ANSYS,bonus
397,Maintenance Engineer,Engineering,332,Control Systems,bonus
397,Maintenance Engineer,Engineering,330,Electrical Design,bonus
398,NDT Engineer,Engineering,314,CATIA,core
398,NDT Engineer,Engineering,345,Fluid Mechanics,core
398,NDT Engineer,Engineering,338,NDT Testing,core
398,NDT Engineer,Engineering,337,Quality Control,core
398,NDT Engineer,Engineering,323,Structural Analysis,core
398,NDT Engineer,Engineering,344,Thermodynamics,core
398,NDT Engineer,Engineering,334,CNC Machining,secondary
398,NDT Engineer,Engineering,324,Geotechnical Engineering,secondary
398,NDT Engineer,Engineering,322,MATLAB Simulink,secondary
398,NDT Engineer,Engineering,325,Surveying,secondary
398,NDT Engineer,Engineering,313,ANSYS,bonus
398,NDT Engineer,Engineering,332,Control Systems,bonus
398,NDT Engineer,Engineering,330,Electrical Design,bonus
399,Piping Engineer,Engineering,314,CATIA,core
399,Piping Engineer,Engineering,345,Fluid Mechanics,core
399,Piping Engineer,Engineering,340,Piping Design,core
399,Piping Engineer,Engineering,337,Quality Control,core
399,Piping Engineer,Engineering,323,Structural Analysis,core
399,Piping Engineer,Engineering,344,Thermodynamics,core
399,Piping Engineer,Engineering,334,CNC Machining,secondary
399,Piping Engineer,Engineering,324,Geotechnical Engineering,secondary
399,Piping Engineer,Engineering,322,MATLAB Simulink,secondary
399,Piping Engineer,Engineering,325,Surveying,secondary
399,Piping Engineer,Engineering,313,ANSYS,bonus
399,Piping Engineer,Engineering,330,Electrical Design,bonus
399,Piping Engineer,Engineering,338,NDT Testing,bonus
400,Safety Engineer,Engineering,314,CATIA,core
400,Safety Engineer,Engineering,345,Fluid Mechanics,core
400,Safety Engineer,Engineering,338,NDT Testing,core
400,Safety Engineer,Engineering,337,Quality Control,core
400,Safety Engineer,Engineering,323,Structural Analysis,core
400,Safety Engineer,Engineering,344,Thermodynamics,core
400,Safety Engineer,Engineering,334,CNC Machining,secondary
400,Safety Engineer,Engineering,324,Geotechnical Engineering,secondary
400,Safety Engineer,Engineering,322,MATLAB Simulink,secondary
400,Safety Engineer,Engineering,325,Surveying,secondary
400,Safety Engineer,Engineering,313,ANSYS,bonus
400,Safety Engineer,Engineering,332,Control Systems,bonus
400,Safety Engineer,Engineering,330,Electrical Design,bonus
401,Project Engineer,Engineering,366,Agile,core
401,Project Engineer,Engineering,326,Construction Management,core
401,Project Engineer,Engineering,484,Leadership,core
401,Project Engineer,Engineering,365,Project Management,core
401,Project Engineer,Engineering,373,Strategic Planning,core
401,Project Engineer,Engineering,323,Structural Analysis,core
401,Project Engineer,Engineering,334,CNC Machining,secondary
401,Project Engineer,Engineering,324,Geotechnical Engineering,secondary
401,Project Engineer,Engineering,322,MATLAB Simulink,secondary
401,Project Engineer,Engineering,325,Surveying,secondary
401,Project Engineer,Engineering,313,ANSYS,bonus
401,Project Engineer,Engineering,330,Electrical Design,bonus
401,Project Engineer,Engineering,338,NDT Testing,bonus
402,Site Engineer,Engineering,499,Attention to Detail,core
402,Site Engineer,Engineering,314,CATIA,core
402,Site Engineer,Engineering,326,Construction Management,core
402,Site Engineer,Engineering,484,Leadership,core
402,Site Engineer,Engineering,327,Quantity Surveying,core
402,Site Engineer,Engineering,323,Structural Analysis,core
402,Site Engineer,Engineering,334,CNC Machining,secondary
402,Site Engineer,Engineering,324,Geotechnical Engineering,secondary
402,Site Engineer,Engineering,322,MATLAB Simulink,secondary
402,Site Engineer,Engineering,325,Surveying,secondary
402,Site Engineer,Engineering,313,ANSYS,bonus
402,Site Engineer,Engineering,330,Electrical Design,bonus
402,Site Engineer,Engineering,338,NDT Testing,bonus
403,Design Engineer (Mech),Engineering,314,CATIA,core
403,Design Engineer (Mech),Engineering,345,Fluid Mechanics,core
403,Design Engineer (Mech),Engineering,337,Quality Control,core
403,Design Engineer (Mech),Engineering,312,SolidWorks,core
403,Design Engineer (Mech),Engineering,323,Structural Analysis,core
403,Design Engineer (Mech),Engineering,344,Thermodynamics,core
403,Design Engineer (Mech),Engineering,334,CNC Machining,secondary
403,Design Engineer (Mech),Engineering,324,Geotechnical Engineering,secondary
403,Design Engineer (Mech),Engineering,322,MATLAB Simulink,secondary
403,Design Engineer (Mech),Engineering,325,Surveying,secondary
403,Design Engineer (Mech),Engineering,313,ANSYS,bonus
403,Design Engineer (Mech),Engineering,332,Control Systems,bonus
403,Design Engineer (Mech),Engineering,330,Electrical Design,bonus
404,R&D Engineer,Engineering,314,CATIA,core
404,R&D Engineer,Engineering,345,Fluid Mechanics,core
404,R&D Engineer,Engineering,337,Quality Control,core
404,R&D Engineer,Engineering,496,Research Skills,core
404,R&D Engineer,Engineering,323,Structural Analysis,core
404,R&D Engineer,Engineering,344,Thermodynamics,core
404,R&D Engineer,Engineering,334,CNC Machining,secondary
404,R&D Engineer,Engineering,324,Geotechnical Engineering,secondary
404,R&D Engineer,Engineering,322,MATLAB Simulink,secondary
404,R&D Engineer,Engineering,325,Surveying,secondary
404,R&D Engineer,Engineering,313,ANSYS,bonus
404,R&D Engineer,Engineering,332,Control Systems,bonus
404,R&D Engineer,Engineering,330,Electrical Design,bonus
405,Simulation Engineer,Engineering,313,ANSYS,core
405,Simulation Engineer,Engineering,314,CATIA,core
405,Simulation Engineer,Engineering,345,Fluid Mechanics,core
405,Simulation Engineer,Engineering,322,MATLAB Simulink,core
405,Simulation Engineer,Engineering,337,Quality Control,core
405,Simulation Engineer,Engineering,323,Structural Analysis,core
405,Simulation Engineer,Engineering,344,Thermodynamics,core
405,Simulation Engineer,Engineering,334,CNC Machining,secondary
405,Simulation Engineer,Engineering,324,Geotechnical Engineering,secondary
405,Simulation Engineer,Engineering,325,Surveying,secondary
405,Simulation Engineer,Engineering,332,Control Systems,bonus
405,Simulation Engineer,Engineering,330,Electrical Design,bonus
406,Acoustic Engineer,Engineering,314,CATIA,core
406,Acoustic Engineer,Engineering,345,Fluid Mechanics,core
406,Acoustic Engineer,Engineering,338,NDT Testing,core
406,Acoustic Engineer,Engineering,337,Quality Control,core
406,Acoustic Engineer,Engineering,323,Structural Analysis,core
406,Acoustic Engineer,Engineering,344,Thermodynamics,core
406,Acoustic Engineer,Engineering,334,CNC Machining,secondary
406,Acoustic Engineer,Engineering,324,Geotechnical Engineering,secondary
406,Acoustic Engineer,Engineering,322,MATLAB Simulink,secondary
406,Acoustic Engineer,Engineering,325,Surveying,secondary
406,Acoustic Engineer,Engineering,313,ANSYS,bonus
406,Acoustic Engineer,Engineering,332,Control Systems,bonus
406,Acoustic Engineer,Engineering,330,Electrical Design,bonus
407,Mining Engineer,Engineering,314,CATIA,core
407,Mining Engineer,Engineering,345,Fluid Mechanics,core
407,Mining Engineer,Engineering,324,Geotechnical Engineering,core
407,Mining Engineer,Engineering,337,Quality Control,core
407,Mining Engineer,Engineering,323,Structural Analysis,core
407,Mining Engineer,Engineering,344,Thermodynamics,core
407,Mining Engineer,Engineering,334,CNC Machining,secondary
407,Mining Engineer,Engineering,322,MATLAB Simulink,secondary
407,Mining Engineer,Engineering,327,Quantity Surveying,secondary
407,Mining Engineer,Engineering,325,Surveying,secondary
407,Mining Engineer,Engineering,313,ANSYS,bonus
407,Mining Engineer,Engineering,330,Electrical Design,bonus
407,Mining Engineer,Engineering,338,NDT Testing,bonus
408,Marine Engineer,Engineering,314,CATIA,core
408,Marine Engineer,Engineering,332,Control Systems,core
408,Marine Engineer,Engineering,345,Fluid Mechanics,core
408,Marine Engineer,Engineering,337,Quality Control,core
408,Marine Engineer,Engineering,323,Structural Analysis,core
408,Marine Engineer,Engineering,344,Thermodynamics,core
408,Marine Engineer,Engineering,334,CNC Machining,secondary
408,Marine Engineer,Engineering,324,Geotechnical Engineering,secondary
408,Marine Engineer,Engineering,322,MATLAB Simulink,secondary
408,Marine Engineer,Engineering,325,Surveying,secondary
408,Marine Engineer,Engineering,313,ANSYS,bonus
408,Marine Engineer,Engineering,330,Electrical Design,bonus
409,Nuclear Engineer,Engineering,314,CATIA,core
409,Nuclear Engineer,Engineering,345,Fluid Mechanics,core
409,Nuclear Engineer,Engineering,338,NDT Testing,core
409,Nuclear Engineer,Engineering,337,Quality Control,core
409,Nuclear Engineer,Engineering,323,Structural Analysis,core
409,Nuclear Engineer,Engineering,344,Thermodynamics,core
409,Nuclear Engineer,Engineering,334,CNC Machining,secondary
409,Nuclear Engineer,Engineering,324,Geotechnical Engineering,secondary
409,Nuclear Engineer,Engineering,322,MATLAB Simulink,secondary
409,Nuclear Engineer,Engineering,325,Surveying,secondary
409,Nuclear Engineer,Engineering,313,ANSYS,bonus
409,Nuclear Engineer,Engineering,332,Control Systems,bonus
409,Nuclear Engineer,Engineering,330,Electrical Design,bonus
410,Biomedical Devices Engineer,Engineering,314,CATIA,core
410,Biomedical Devices Engineer,Engineering,319,Circuit Design,core
410,Biomedical Devices Engineer,Engineering,321,Embedded Systems,core
410,Biomedical Devices Engineer,Engineering,320,PCB Design,core
410,Biomedical Devices Engineer,Engineering,337,Quality Control,core
410,Biomedical Devices Engineer,Engineering,323,Structural Analysis,core
410,Biomedical Devices Engineer,Engineering,334,CNC Machining,secondary
410,Biomedical Devices Engineer,Engineering,324,Geotechnical Engineering,secondary
410,Biomedical Devices Engineer,Engineering,322,MATLAB Simulink,secondary
410,Biomedical Devices Engineer,Engineering,325,Surveying,secondary
410,Biomedical Devices Engineer,Engineering,313,ANSYS,bonus
410,Biomedical Devices Engineer,Engineering,332,Control Systems,bonus
410,Biomedical Devices Engineer,Engineering,330,Electrical Design,bonus
411,Textile Engineer,Engineering,314,CATIA,core
411,Textile Engineer,Engineering,345,Fluid Mechanics,core
411,Textile Engineer,Engineering,343,Material Science,core
411,Textile Engineer,Engineering,337,Quality Control,core
411,Textile Engineer,Engineering,323,Structural Analysis,core
411,Textile Engineer,Engineering,344,Thermodynamics,core
411,Textile Engineer,Engineering,334,CNC Machining,secondary
411,Textile Engineer,Engineering,324,Geotechnical Engineering,secondary
411,Textile Engineer,Engineering,322,MATLAB Simulink,secondary
411,Textile Engineer,Engineering,325,Surveying,secondary
411,Textile Engineer,Engineering,313,ANSYS,bonus
411,Textile Engineer,Engineering,330,Electrical Design,bonus
411,Textile Engineer,Engineering,338,NDT Testing,bonus
412,Food Technology Engineer,Engineering,314,CATIA,core
412,Food Technology Engineer,Engineering,342,Chemical Engineering,core
412,Food Technology Engineer,Engineering,341,Process Engineering,core
412,Food Technology Engineer,Engineering,337,Quality Control,core
412,Food Technology Engineer,Engineering,323,Structural Analysis,core
412,Food Technology Engineer,Engineering,344,Thermodynamics,core
412,Food Technology Engineer,Engineering,334,CNC Machining,secondary
412,Food Technology Engineer,Engineering,324,Geotechnical Engineering,secondary
412,Food Technology Engineer,Engineering,322,MATLAB Simulink,secondary
412,Food Technology Engineer,Engineering,325,Surveying,secondary
412,Food Technology Engineer,Engineering,313,ANSYS,bonus
412,Food Technology Engineer,Engineering,330,Electrical Design,bonus
412,Food Technology Engineer,Engineering,338,NDT Testing,bonus
413,Plastics Engineer,Engineering,314,CATIA,core
413,Plastics Engineer,Engineering,342,Chemical Engineering,core
413,Plastics Engineer,Engineering,341,Process Engineering,core
413,Plastics Engineer,Engineering,337,Quality Control,core
413,Plastics Engineer,Engineering,323,Structural Analysis,core
413,Plastics Engineer,Engineering,344,Thermodynamics,core
413,Plastics Engineer,Engineering,334,CNC Machining,secondary
413,Plastics Engineer,Engineering,324,Geotechnical Engineering,secondary
413,Plastics Engineer,Engineering,322,MATLAB Simulink,secondary
413,Plastics Engineer,Engineering,325,Surveying,secondary
413,Plastics Engineer,Engineering,313,ANSYS,bonus
413,Plastics Engineer,Engineering,330,Electrical Design,bonus
413,Plastics Engineer,Engineering,343,Material Science,bonus
414,Paper Technology Engineer,Engineering,314,CATIA,core
414,Paper Technology Engineer,Engineering,342,Chemical Engineering,core
414,Paper Technology Engineer,Engineering,341,Process Engineering,core
414,Paper Technology Engineer,Engineering,337,Quality Control,core
414,Paper Technology Engineer,Engineering,323,Structural Analysis,core
414,Paper Technology Engineer,Engineering,344,Thermodynamics,core
414,Paper Technology Engineer,Engineering,334,CNC Machining,secondary
414,Paper Technology Engineer,Engineering,324,Geotechnical Engineering,secondary
414,Paper Technology Engineer,Engineering,322,MATLAB Simulink,secondary
414,Paper Technology Engineer,Engineering,325,Surveying,secondary
414,Paper Technology Engineer,Engineering,313,ANSYS,bonus
414,Paper Technology Engineer,Engineering,330,Electrical Design,bonus
414,Paper Technology Engineer,Engineering,338,NDT Testing,bonus
415,Acoustic Consultant,Engineering,314,CATIA,core
415,Acoustic Consultant,Engineering,345,Fluid Mechanics,core
415,Acoustic Consultant,Engineering,338,NDT Testing,core
415,Acoustic Consultant,Engineering,337,Quality Control,core
415,Acoustic Consultant,Engineering,323,Structural Analysis,core
415,Acoustic Consultant,Engineering,344,Thermodynamics,core
415,Acoustic Consultant,Engineering,334,CNC Machining,secondary
415,Acoustic Consultant,Engineering,324,Geotechnical Engineering,secondary
415,Acoustic Consultant,Engineering,322,MATLAB Simulink,secondary
415,Acoustic Consultant,Engineering,325,Surveying,secondary
415,Acoustic Consultant,Engineering,313,ANSYS,bonus
415,Acoustic Consultant,Engineering,332,Control Systems,bonus
415,Acoustic Consultant,Engineering,330,Electrical Design,bonus
416,HR Manager,HR/Management,483,Communication,core
416,HR Manager,HR/Management,350,Employee Relations,core
416,HR Manager,HR/Management,484,Leadership,core
416,HR Manager,HR/Management,348,Onboarding,core
416,HR Manager,HR/Management,349,Performance Management,core
416,HR Manager,HR/Management,346,Recruitment,core
416,HR Manager,HR/Management,347,Talent Acquisition,core
416,HR Manager,HR/Management,357,Compensation and Benefits,secondary
416,HR Manager,HR/Management,775,HR Policies,secondary
416,HR Manager,HR/Management,776,HRMS,secondary
416,HR Manager,HR/Management,356,Labor Law,secondary
416,HR Manager,HR/Management,351,Payroll,secondary
416,HR Manager,HR/Management,360,Training and Development,secondary
416,HR Manager,HR/Management,358,Diversity and Inclusion,bonus
416,HR Manager,HR/Management,359,Organizational Development,bonus
416,HR Manager,HR/Management,362,Succession Planning,bonus
417,Recruiter,HR/Management,483,Communication,core
417,Recruiter,HR/Management,491,Negotiation,core
417,Recruiter,HR/Management,348,Onboarding,core
417,Recruiter,HR/Management,492,Presentation Skills,core
417,Recruiter,HR/Management,346,Recruitment,core
417,Recruiter,HR/Management,347,Talent Acquisition,core
417,Recruiter,HR/Management,485,Teamwork,core
417,Recruiter,HR/Management,350,Employee Relations,secondary
417,Recruiter,HR/Management,352,HRIS,secondary
417,Recruiter,HR/Management,351,Payroll,secondary
417,Recruiter,HR/Management,349,Performance Management,secondary
417,Recruiter,HR/Management,353,SAP HR,secondary
417,Recruiter,HR/Management,355,BambooHR,bonus
417,Recruiter,HR/Management,358,Diversity and Inclusion,bonus
417,Recruiter,HR/Management,354,Workday,bonus
418,Talent Acquisition Specialist,HR/Management,779,ATS,core
418,Talent Acquisition Specialist,HR/Management,483,Communication,core
418,Talent Acquisition Specialist,HR/Management,407,Interviewing,core
418,Talent Acquisition Specialist,HR/Management,778,LinkedIn Recruiting,core
418,Talent Acquisition Specialist,HR/Management,346,Recruitment,core
418,Talent Acquisition Specialist,HR/Management,777,Sourcing,core
418,Talent Acquisition Specialist,HR/Management,347,Talent Acquisition,core
418,Talent Acquisition Specialist,HR/Management,350,Employee Relations,secondary
418,Talent Acquisition Specialist,HR/Management,780,Employer Branding,secondary
418,Talent Acquisition Specialist,HR/Management,363,HR Analytics,secondary
418,Talent Acquisition Specialist,HR/Management,775,HR Policies,secondary
418,Talent Acquisition Specialist,HR/Management,348,Onboarding,secondary
418,Talent Acquisition Specialist,HR/Management,781,Boolean Search,bonus
418,Talent Acquisition Specialist,HR/Management,782,Campus Recruitment,bonus
418,Talent Acquisition Specialist,HR/Management,358,Diversity and Inclusion,bonus
419,HR Business Partner,HR/Management,361,Change Management,core
419,HR Business Partner,HR/Management,350,Employee Relations,core
419,HR Business Partner,HR/Management,484,Leadership,core
419,HR Business Partner,HR/Management,359,Organizational Development,core
419,HR Business Partner,HR/Management,349,Performance Management,core
419,HR Business Partner,HR/Management,346,Recruitment,core
419,HR Business Partner,HR/Management,347,Talent Acquisition,core
419,HR Business Partner,HR/Management,352,HRIS,secondary
419,HR Business Partner,HR/Management,348,Onboarding,secondary
419,HR Business Partner,HR/Management,351,Payroll,secondary
419,HR Business Partner,HR/Management,353,SAP HR,secondary
419,HR Business Partner,HR/Management,354,Workday,secondary
419,HR Business Partner,HR/Management,355,BambooHR,bonus
419,HR Business Partner,HR/Management,358,Diversity and Inclusion,bonus
419,HR Business Partner,HR/Management,373,Strategic Planning,bonus
420,Compensation and Benefits Analyst,HR/Management,499,Attention to Detail,core
420,Compensation and Benefits Analyst,HR/Management,357,Compensation and Benefits,core
420,Compensation and Benefits Analyst,HR/Management,350,Employee Relations,core
420,Compensation and Benefits Analyst,HR/Management,351,Payroll,core
420,Compensation and Benefits Analyst,HR/Management,349,Performance Management,core
420,Compensation and Benefits Analyst,HR/Management,346,Recruitment,core
420,Compensation and Benefits Analyst,HR/Management,347,Talent Acquisition,core
420,Compensation and Benefits Analyst,HR/Management,355,BambooHR,secondary
420,Compensation and Benefits Analyst,HR/Management,352,HRIS,secondary
420,Compensation and Benefits Analyst,HR/Management,348,Onboarding,secondary
420,Compensation and Benefits Analyst,HR/Management,353,SAP HR,secondary
420,Compensation and Benefits Analyst,HR/Management,354,Workday,secondary
420,Compensation and Benefits Analyst,HR/Management,358,Diversity and Inclusion,bonus
420,Compensation and Benefits Analyst,HR/Management,363,HR Analytics,bonus
420,Compensation and Benefits Analyst,HR/Management,356,Labor Law,bonus
421,Learning and Development Manager,HR/Management,276,Corporate Training,core
421,Learning and Development Manager,HR/Management,484,Leadership,core
421,Learning and Development Manager,HR/Management,348,Onboarding,core
421,Learning and Development Manager,HR/Management,349,Performance Management,core
421,Learning and Development Manager,HR/Management,346,Recruitment,core
421,Learning and Development Manager,HR/Management,347,Talent Acquisition,core
421,Learning and Development Manager,HR/Management,360,Training and Development,core
421,Learning and Development Manager,HR/Management,350,Employee Relations,secondary
421,Learning and Development Manager,HR/Management,352,HRIS,secondary
421,Learning and Development Manager,HR/Management,351,Payroll,secondary
421,Learning and Development Manager,HR/Management,353,SAP HR,secondary
421,Learning and Development Manager,HR/Management,354,Workday,secondary
421,Learning and Development Manager,HR/Management,355,BambooHR,bonus
421,Learning and Development Manager,HR/Management,358,Diversity and Inclusion,bonus
421,Learning and Development Manager,HR/Management,277,Instructional Design,bonus
422,Organisational Development Consultant,HR/Management,361,Change Management,core
422,Organisational Development Consultant,HR/Management,484,Leadership,core
422,Organisational Development Consultant,HR/Management,359,Organizational Development,core
422,Organisational Development Consultant,HR/Management,349,Performance Management,core
422,Organisational Development Consultant,HR/Management,346,Recruitment,core
422,Organisational Development Consultant,HR/Management,362,Succession Planning,core
422,Organisational Development Consultant,HR/Management,347,Talent Acquisition,core
422,Organisational Development Consultant,HR/Management,350,Employee Relations,secondary
422,Organisational Development Consultant,HR/Management,352,HRIS,secondary
422,Organisational Development Consultant,HR/Management,348,Onboarding,secondary
422,Organisational Development Consultant,HR/Management,351,Payroll,secondary
422,Organisational Development Consultant,HR/Management,353,SAP HR,secondary
422,Organisational Development Consultant,HR/Management,355,BambooHR,bonus
422,Organisational Development Consultant,HR/Management,358,Diversity and Inclusion,bonus
422,Organisational Development Consultant,HR/Management,354,Workday,bonus
423,HR Analyst,HR/Management,497,Analytical Thinking,core
423,HR Analyst,HR/Management,363,HR Analytics,core
423,HR Analyst,HR/Management,126,Pandas,core
423,HR Analyst,HR/Management,349,Performance Management,core
423,HR Analyst,HR/Management,346,Recruitment,core
423,HR Analyst,HR/Management,144,Statistics,core
423,HR Analyst,HR/Management,347,Talent Acquisition,core
423,HR Analyst,HR/Management,350,Employee Relations,secondary
423,HR Analyst,HR/Management,352,HRIS,secondary
423,HR Analyst,HR/Management,348,Onboarding,secondary
423,HR Analyst,HR/Management,351,Payroll,secondary
423,HR Analyst,HR/Management,353,SAP HR,secondary
423,HR Analyst,HR/Management,355,BambooHR,bonus
423,HR Analyst,HR/Management,358,Diversity and Inclusion,bonus
423,HR Analyst,HR/Management,354,Workday,bonus
424,Payroll Manager,HR/Management,499,Attention to Detail,core
424,Payroll Manager,HR/Management,350,Employee Relations,core
424,Payroll Manager,HR/Management,351,Payroll,core
424,Payroll Manager,HR/Management,349,Performance Management,core
424,Payroll Manager,HR/Management,346,Recruitment,core
424,Payroll Manager,HR/Management,206,SAP FICO,core
424,Payroll Manager,HR/Management,347,Talent Acquisition,core
424,Payroll Manager,HR/Management,355,BambooHR,secondary
424,Payroll Manager,HR/Management,352,HRIS,secondary
424,Payroll Manager,HR/Management,348,Onboarding,secondary
424,Payroll Manager,HR/Management,353,SAP HR,secondary
424,Payroll Manager,HR/Management,354,Workday,secondary
424,Payroll Manager,HR/Management,358,Diversity and Inclusion,bonus
424,Payroll Manager,HR/Management,363,HR Analytics,bonus
424,Payroll Manager,HR/Management,356,Labor Law,bonus
425,Employee Relations Manager,HR/Management,350,Employee Relations,core
425,Employee Relations Manager,HR/Management,356,Labor Law,core
425,Employee Relations Manager,HR/Management,382,Labour Law,core
425,Employee Relations Manager,HR/Management,484,Leadership,core
425,Employee Relations Manager,HR/Management,349,Performance Management,core
425,Employee Relations Manager,HR/Management,346,Recruitment,core
425,Employee Relations Manager,HR/Management,347,Talent Acquisition,core
425,Employee Relations Manager,HR/Management,352,HRIS,secondary
425,Employee Relations Manager,HR/Management,348,Onboarding,secondary
425,Employee Relations Manager,HR/Management,351,Payroll,secondary
425,Employee Relations Manager,HR/Management,353,SAP HR,secondary
425,Employee Relations Manager,HR/Management,354,Workday,secondary
425,Employee Relations Manager,HR/Management,355,BambooHR,bonus
425,Employee Relations Manager,HR/Management,358,Diversity and Inclusion,bonus
425,Employee Relations Manager,HR/Management,373,Strategic Planning,bonus
426,CHRO,HR/Management,494,Decision Making,core
426,CHRO,HR/Management,350,Employee Relations,core
426,CHRO,HR/Management,484,Leadership,core
426,CHRO,HR/Management,349,Performance Management,core
426,CHRO,HR/Management,346,Recruitment,core
426,CHRO,HR/Management,373,Strategic Planning,core
426,CHRO,HR/Management,347,Talent Acquisition,core
426,CHRO,HR/Management,352,HRIS,secondary
426,CHRO,HR/Management,348,Onboarding,secondary
426,CHRO,HR/Management,351,Payroll,secondary
426,CHRO,HR/Management,353,SAP HR,secondary
426,CHRO,HR/Management,354,Workday,secondary
426,CHRO,HR/Management,355,BambooHR,bonus
426,CHRO,HR/Management,358,Diversity and Inclusion,bonus
426,CHRO,HR/Management,359,Organizational Development,bonus
427,Workforce Planning Analyst,HR/Management,497,Analytical Thinking,core
427,Workforce Planning Analyst,HR/Management,363,HR Analytics,core
427,Workforce Planning Analyst,HR/Management,349,Performance Management,core
427,Workforce Planning Analyst,HR/Management,346,Recruitment,core
427,Workforce Planning Analyst,HR/Management,144,Statistics,core
427,Workforce Planning Analyst,HR/Management,362,Succession Planning,core
427,Workforce Planning Analyst,HR/Management,347,Talent Acquisition,core
427,Workforce Planning Analyst,HR/Management,350,Employee Relations,secondary
427,Workforce Planning Analyst,HR/Management,352,HRIS,secondary
427,Workforce Planning Analyst,HR/Management,348,Onboarding,secondary
427,Workforce Planning Analyst,HR/Management,351,Payroll,secondary
427,Workforce Planning Analyst,HR/Management,353,SAP HR,secondary
427,Workforce Planning Analyst,HR/Management,355,BambooHR,bonus
427,Workforce Planning Analyst,HR/Management,358,Diversity and Inclusion,bonus
427,Workforce Planning Analyst,HR/Management,354,Workday,bonus
428,Diversity and Inclusion Manager,HR/Management,473,Community Development,core
428,Diversity and Inclusion Manager,HR/Management,358,Diversity and Inclusion,core
428,Diversity and Inclusion Manager,HR/Management,350,Employee Relations,core
428,Diversity and Inclusion Manager,HR/Management,484,Leadership,core
428,Diversity and Inclusion Manager,HR/Management,349,Performance Management,core
428,Diversity and Inclusion Manager,HR/Management,346,Recruitment,core
428,Diversity and Inclusion Manager,HR/Management,347,Talent Acquisition,core
428,Diversity and Inclusion Manager,HR/Management,352,HRIS,secondary
428,Diversity and Inclusion Manager,HR/Management,348,Onboarding,secondary
428,Diversity and Inclusion Manager,HR/Management,351,Payroll,secondary
428,Diversity and Inclusion Manager,HR/Management,353,SAP HR,secondary
428,Diversity and Inclusion Manager,HR/Management,354,Workday,secondary
428,Diversity and Inclusion Manager,HR/Management,355,BambooHR,bonus
428,Diversity and Inclusion Manager,HR/Management,359,Organizational Development,bonus
428,Diversity and Inclusion Manager,HR/Management,360,Training and Development,bonus
429,HR Consultant,HR/Management,357,Compensation and Benefits,core
429,HR Consultant,HR/Management,350,Employee Relations,core
429,HR Consultant,HR/Management,356,Labor Law,core
429,HR Consultant,HR/Management,484,Leadership,core
429,HR Consultant,HR/Management,349,Performance Management,core
429,HR Consultant,HR/Management,346,Recruitment,core
429,HR Consultant,HR/Management,347,Talent Acquisition,core
429,HR Consultant,HR/Management,352,HRIS,secondary
429,HR Consultant,HR/Management,348,Onboarding,secondary
429,HR Consultant,HR/Management,351,Payroll,secondary
429,HR Consultant,HR/Management,353,SAP HR,secondary
429,HR Consultant,HR/Management,354,Workday,secondary
429,HR Consultant,HR/Management,355,BambooHR,bonus
429,HR Consultant,HR/Management,358,Diversity and Inclusion,bonus
429,HR Consultant,HR/Management,359,Organizational Development,bonus
430,Change Management Consultant,HR/Management,361,Change Management,core
430,Change Management Consultant,HR/Management,484,Leadership,core
430,Change Management Consultant,HR/Management,359,Organizational Development,core
430,Change Management Consultant,HR/Management,346,Recruitment,core
430,Change Management Consultant,HR/Management,373,Strategic Planning,core
430,Change Management Consultant,HR/Management,362,Succession Planning,core
430,Change Management Consultant,HR/Management,347,Talent Acquisition,core
430,Change Management Consultant,HR/Management,350,Employee Relations,secondary
430,Change Management Consultant,HR/Management,352,HRIS,secondary
430,Change Management Consultant,HR/Management,348,Onboarding,secondary
430,Change Management Consultant,HR/Management,351,Payroll,secondary
430,Change Management Consultant,HR/Management,353,SAP HR,secondary
430,Change Management Consultant,HR/Management,355,BambooHR,bonus
430,Change Management Consultant,HR/Management,358,Diversity and Inclusion,bonus
430,Change Management Consultant,HR/Management,354,Workday,bonus
431,General Manager,HR/Management,366,Agile,core
431,General Manager,HR/Management,374,Business Analysis,core
431,General Manager,HR/Management,494,Decision Making,core
431,General Manager,HR/Management,484,Leadership,core
431,General Manager,HR/Management,365,Project Management,core
431,General Manager,HR/Management,375,Stakeholder Management,core
431,General Manager,HR/Management,373,Strategic Planning,core
431,General Manager,HR/Management,350,Employee Relations,secondary
431,General Manager,HR/Management,351,Payroll,secondary
431,General Manager,HR/Management,349,Performance Management,secondary
431,General Manager,HR/Management,346,Recruitment,secondary
431,General Manager,HR/Management,347,Talent Acquisition,secondary
431,General Manager,HR/Management,355,BambooHR,bonus
431,General Manager,HR/Management,358,Diversity and Inclusion,bonus
431,General Manager,HR/Management,354,Workday,bonus
432,Operations Manager,HR/Management,366,Agile,core
432,Operations Manager,HR/Management,374,Business Analysis,core
432,Operations Manager,HR/Management,484,Leadership,core
432,Operations Manager,HR/Management,335,Lean Manufacturing,core
432,Operations Manager,HR/Management,365,Project Management,core
432,Operations Manager,HR/Management,375,Stakeholder Management,core
432,Operations Manager,HR/Management,373,Strategic Planning,core
432,Operations Manager,HR/Management,350,Employee Relations,secondary
432,Operations Manager,HR/Management,351,Payroll,secondary
432,Operations Manager,HR/Management,349,Performance Management,secondary
432,Operations Manager,HR/Management,346,Recruitment,secondary
432,Operations Manager,HR/Management,347,Talent Acquisition,secondary
432,Operations Manager,HR/Management,355,BambooHR,bonus
432,Operations Manager,HR/Management,358,Diversity and Inclusion,bonus
432,Operations Manager,HR/Management,354,Workday,bonus
433,Project Manager,HR/Management,366,Agile,core
433,Project Manager,HR/Management,371,Confluence,core
433,Project Manager,HR/Management,370,Jira,core
433,Project Manager,HR/Management,484,Leadership,core
433,Project Manager,HR/Management,368,PMP,core
433,Project Manager,HR/Management,365,Project Management,core
433,Project Manager,HR/Management,367,Scrum,core
433,Project Manager,HR/Management,350,Employee Relations,secondary
433,Project Manager,HR/Management,351,Payroll,secondary
433,Project Manager,HR/Management,349,Performance Management,secondary
433,Project Manager,HR/Management,346,Recruitment,secondary
433,Project Manager,HR/Management,347,Talent Acquisition,secondary
433,Project Manager,HR/Management,355,BambooHR,bonus
433,Project Manager,HR/Management,358,Diversity and Inclusion,bonus
433,Project Manager,HR/Management,354,Workday,bonus
434,Program Manager,HR/Management,366,Agile,core
434,Program Manager,HR/Management,371,Confluence,core
434,Program Manager,HR/Management,370,Jira,core
434,Program Manager,HR/Management,484,Leadership,core
434,Program Manager,HR/Management,368,PMP,core
434,Program Manager,HR/Management,365,Project Management,core
434,Program Manager,HR/Management,367,Scrum,core
434,Program Manager,HR/Management,350,Employee Relations,secondary
434,Program Manager,HR/Management,351,Payroll,secondary
434,Program Manager,HR/Management,349,Performance Management,secondary
434,Program Manager,HR/Management,346,Recruitment,secondary
434,Program Manager,HR/Management,347,Talent Acquisition,secondary
434,Program Manager,HR/Management,355,BambooHR,bonus
434,Program Manager,HR/Management,358,Diversity and Inclusion,bonus
434,Program Manager,HR/Management,354,Workday,bonus
435,PMO Analyst,HR/Management,366,Agile,core
435,PMO Analyst,HR/Management,499,Attention to Detail,core
435,PMO Analyst,HR/Management,371,Confluence,core
435,PMO Analyst,HR/Management,370,Jira,core
435,PMO Analyst,HR/Management,368,PMP,core
435,PMO Analyst,HR/Management,365,Project Management,core
435,PMO Analyst,HR/Management,367,Scrum,core
435,PMO Analyst,HR/Management,350,Employee Relations,secondary
435,PMO Analyst,HR/Management,351,Payroll,secondary
435,PMO Analyst,HR/Management,349,Performance Management,secondary
435,PMO Analyst,HR/Management,346,Recruitment,secondary
435,PMO Analyst,HR/Management,347,Talent Acquisition,secondary
435,PMO Analyst,HR/Management,355,BambooHR,bonus
435,PMO Analyst,HR/Management,358,Diversity and Inclusion,bonus
435,PMO Analyst,HR/Management,354,Workday,bonus
436,Business Analyst,HR/Management,366,Agile,core
436,Business Analyst,HR/Management,497,Analytical Thinking,core
436,Business Analyst,HR/Management,374,Business Analysis,core
436,Business Analyst,HR/Management,483,Communication,core
436,Business Analyst,HR/Management,365,Project Management,core
436,Business Analyst,HR/Management,367,Scrum,core
436,Business Analyst,HR/Management,373,Strategic Planning,core
436,Business Analyst,HR/Management,350,Employee Relations,secondary
436,Business Analyst,HR/Management,351,Payroll,secondary
436,Business Analyst,HR/Management,349,Performance Management,secondary
436,Business Analyst,HR/Management,346,Recruitment,secondary
436,Business Analyst,HR/Management,347,Talent Acquisition,secondary
436,Business Analyst,HR/Management,355,BambooHR,bonus
436,Business Analyst,HR/Management,358,Diversity and Inclusion,bonus
436,Business Analyst,HR/Management,354,Workday,bonus
437,Management Consultant,HR/Management,366,Agile,core
437,Management Consultant,HR/Management,374,Business Analysis,core
437,Management Consultant,HR/Management,484,Leadership,core
437,Management Consultant,HR/Management,491,Negotiation,core
437,Management Consultant,HR/Management,365,Project Management,core
437,Management Consultant,HR/Management,367,Scrum,core
437,Management Consultant,HR/Management,373,Strategic Planning,core
437,Management Consultant,HR/Management,350,Employee Relations,secondary
437,Management Consultant,HR/Management,351,Payroll,secondary
437,Management Consultant,HR/Management,349,Performance Management,secondary
437,Management Consultant,HR/Management,346,Recruitment,secondary
437,Management Consultant,HR/Management,347,Talent Acquisition,secondary
437,Management Consultant,HR/Management,355,BambooHR,bonus
437,Management Consultant,HR/Management,358,Diversity and Inclusion,bonus
437,Management Consultant,HR/Management,354,Workday,bonus
438,Strategy Consultant,HR/Management,366,Agile,core
438,Strategy Consultant,HR/Management,374,Business Analysis,core
438,Strategy Consultant,HR/Management,494,Decision Making,core
438,Strategy Consultant,HR/Management,484,Leadership,core
438,Strategy Consultant,HR/Management,365,Project Management,core
438,Strategy Consultant,HR/Management,367,Scrum,core
438,Strategy Consultant,HR/Management,373,Strategic Planning,core
438,Strategy Consultant,HR/Management,350,Employee Relations,secondary
438,Strategy Consultant,HR/Management,351,Payroll,secondary
438,Strategy Consultant,HR/Management,349,Performance Management,secondary
438,Strategy Consultant,HR/Management,346,Recruitment,secondary
438,Strategy Consultant,HR/Management,347,Talent Acquisition,secondary
438,Strategy Consultant,HR/Management,355,BambooHR,bonus
438,Strategy Consultant,HR/Management,358,Diversity and Inclusion,bonus
438,Strategy Consultant,HR/Management,354,Workday,bonus
439,CEO,HR/Management,366,Agile,core
439,CEO,HR/Management,374,Business Analysis,core
439,CEO,HR/Management,494,Decision Making,core
439,CEO,HR/Management,484,Leadership,core
439,CEO,HR/Management,491,Negotiation,core
439,CEO,HR/Management,365,Project Management,core
439,CEO,HR/Management,373,Strategic Planning,core
439,CEO,HR/Management,350,Employee Relations,secondary
439,CEO,HR/Management,351,Payroll,secondary
439,CEO,HR/Management,349,Performance Management,secondary
439,CEO,HR/Management,346,Recruitment,secondary
439,CEO,HR/Management,347,Talent Acquisition,secondary
439,CEO,HR/Management,355,BambooHR,bonus
439,CEO,HR/Management,358,Diversity and Inclusion,bonus
439,CEO,HR/Management,354,Workday,bonus
440,COO,HR/Management,366,Agile,core
440,COO,HR/Management,374,Business Analysis,core
440,COO,HR/Management,484,Leadership,core
440,COO,HR/Management,335,Lean Manufacturing,core
440,COO,HR/Management,491,Negotiation,core
440,COO,HR/Management,365,Project Management,core
440,COO,HR/Management,373,Strategic Planning,core
440,COO,HR/Management,350,Employee Relations,secondary
440,COO,HR/Management,351,Payroll,secondary
440,COO,HR/Management,349,Performance Management,secondary
440,COO,HR/Management,346,Recruitment,secondary
440,COO,HR/Management,347,Talent Acquisition,secondary
440,COO,HR/Management,355,BambooHR,bonus
440,COO,HR/Management,358,Diversity and Inclusion,bonus
440,COO,HR/Management,354,Workday,bonus
441,Supply Chain Manager,HR/Management,366,Agile,core
441,Supply Chain Manager,HR/Management,374,Business Analysis,core
441,Supply Chain Manager,HR/Management,484,Leadership,core
441,Supply Chain Manager,HR/Management,335,Lean Manufacturing,core
441,Supply Chain Manager,HR/Management,365,Project Management,core
441,Supply Chain Manager,HR/Management,336,Six Sigma,core
441,Supply Chain Manager,HR/Management,373,Strategic Planning,core
441,Supply Chain Manager,HR/Management,350,Employee Relations,secondary
441,Supply Chain Manager,HR/Management,351,Payroll,secondary
441,Supply Chain Manager,HR/Management,349,Performance Management,secondary
441,Supply Chain Manager,HR/Management,346,Recruitment,secondary
441,Supply Chain Manager,HR/Management,347,Talent Acquisition,secondary
441,Supply Chain Manager,HR/Management,355,BambooHR,bonus
441,Supply Chain Manager,HR/Management,358,Diversity and Inclusion,bonus
441,Supply Chain Manager,HR/Management,354,Workday,bonus
442,Logistics Manager,HR/Management,366,Agile,core
442,Logistics Manager,HR/Management,374,Business Analysis,core
442,Logistics Manager,HR/Management,484,Leadership,core
442,Logistics Manager,HR/Management,335,Lean Manufacturing,core
442,Logistics Manager,HR/Management,365,Project Management,core
442,Logistics Manager,HR/Management,336,Six Sigma,core
442,Logistics Manager,HR/Management,373,Strategic Planning,core
442,Logistics Manager,HR/Management,350,Employee Relations,secondary
442,Logistics Manager,HR/Management,351,Payroll,secondary
442,Logistics Manager,HR/Management,349,Performance Management,secondary
442,Logistics Manager,HR/Management,346,Recruitment,secondary
442,Logistics Manager,HR/Management,347,Talent Acquisition,secondary
442,Logistics Manager,HR/Management,355,BambooHR,bonus
442,Logistics Manager,HR/Management,358,Diversity and Inclusion,bonus
442,Logistics Manager,HR/Management,354,Workday,bonus
443,Procurement Manager,HR/Management,366,Agile,core
443,Procurement Manager,HR/Management,374,Business Analysis,core
443,Procurement Manager,HR/Management,335,Lean Manufacturing,core
443,Procurement Manager,HR/Management,491,Negotiation,core
443,Procurement Manager,HR/Management,365,Project Management,core
443,Procurement Manager,HR/Management,336,Six Sigma,core
443,Procurement Manager,HR/Management,373,Strategic Planning,core
443,Procurement Manager,HR/Management,350,Employee Relations,secondary
443,Procurement Manager,HR/Management,351,Payroll,secondary
443,Procurement Manager,HR/Management,349,Performance Management,secondary
443,Procurement Manager,HR/Management,346,Recruitment,secondary
443,Procurement Manager,HR/Management,347,Talent Acquisition,secondary
443,Procurement Manager,HR/Management,355,BambooHR,bonus
443,Procurement Manager,HR/Management,358,Diversity and Inclusion,bonus
443,Procurement Manager,HR/Management,354,Workday,bonus
444,Risk Manager,HR/Management,366,Agile,core
444,Risk Manager,HR/Management,499,Attention to Detail,core
444,Risk Manager,HR/Management,374,Business Analysis,core
444,Risk Manager,HR/Management,484,Leadership,core
444,Risk Manager,HR/Management,365,Project Management,core
444,Risk Manager,HR/Management,203,Risk Management,core
444,Risk Manager,HR/Management,373,Strategic Planning,core
444,Risk Manager,HR/Management,350,Employee Relations,secondary
444,Risk Manager,HR/Management,351,Payroll,secondary
444,Risk Manager,HR/Management,349,Performance Management,secondary
444,Risk Manager,HR/Management,346,Recruitment,secondary
444,Risk Manager,HR/Management,347,Talent Acquisition,secondary
444,Risk Manager,HR/Management,355,BambooHR,bonus
444,Risk Manager,HR/Management,358,Diversity and Inclusion,bonus
444,Risk Manager,HR/Management,354,Workday,bonus
445,Compliance Manager,HR/Management,366,Agile,core
445,Compliance Manager,HR/Management,499,Attention to Detail,core
445,Compliance Manager,HR/Management,374,Business Analysis,core
445,Compliance Manager,HR/Management,224,Compliance,core
445,Compliance Manager,HR/Management,225,KYC/AML,core
445,Compliance Manager,HR/Management,365,Project Management,core
445,Compliance Manager,HR/Management,373,Strategic Planning,core
445,Compliance Manager,HR/Management,350,Employee Relations,secondary
445,Compliance Manager,HR/Management,351,Payroll,secondary
445,Compliance Manager,HR/Management,349,Performance Management,secondary
445,Compliance Manager,HR/Management,346,Recruitment,secondary
445,Compliance Manager,HR/Management,347,Talent Acquisition,secondary
445,Compliance Manager,HR/Management,355,BambooHR,bonus
445,Compliance Manager,HR/Management,358,Diversity and Inclusion,bonus
445,Compliance Manager,HR/Management,354,Workday,bonus
446,Quality Manager,HR/Management,499,Attention to Detail,core
446,Quality Manager,HR/Management,374,Business Analysis,core
446,Quality Manager,HR/Management,335,Lean Manufacturing,core
446,Quality Manager,HR/Management,365,Project Management,core
446,Quality Manager,HR/Management,337,Quality Control,core
446,Quality Manager,HR/Management,336,Six Sigma,core
446,Quality Manager,HR/Management,373,Strategic Planning,core
446,Quality Manager,HR/Management,350,Employee Relations,secondary
446,Quality Manager,HR/Management,351,Payroll,secondary
446,Quality Manager,HR/Management,349,Performance Management,secondary
446,Quality Manager,HR/Management,346,Recruitment,secondary
446,Quality Manager,HR/Management,347,Talent Acquisition,secondary
446,Quality Manager,HR/Management,355,BambooHR,bonus
446,Quality Manager,HR/Management,358,Diversity and Inclusion,bonus
446,Quality Manager,HR/Management,354,Workday,bonus
447,Innovation Manager,HR/Management,366,Agile,core
447,Innovation Manager,HR/Management,374,Business Analysis,core
447,Innovation Manager,HR/Management,498,Creativity,core
447,Innovation Manager,HR/Management,484,Leadership,core
447,Innovation Manager,HR/Management,365,Project Management,core
447,Innovation Manager,HR/Management,367,Scrum,core
447,Innovation Manager,HR/Management,373,Strategic Planning,core
447,Innovation Manager,HR/Management,350,Employee Relations,secondary
447,Innovation Manager,HR/Management,351,Payroll,secondary
447,Innovation Manager,HR/Management,349,Performance Management,secondary
447,Innovation Manager,HR/Management,346,Recruitment,secondary
447,Innovation Manager,HR/Management,347,Talent Acquisition,secondary
447,Innovation Manager,HR/Management,355,BambooHR,bonus
447,Innovation Manager,HR/Management,358,Diversity and Inclusion,bonus
447,Innovation Manager,HR/Management,354,Workday,bonus
448,Corporate Affairs Manager,HR/Management,374,Business Analysis,core
448,Corporate Affairs Manager,HR/Management,484,Leadership,core
448,Corporate Affairs Manager,HR/Management,491,Negotiation,core
448,Corporate Affairs Manager,HR/Management,302,PR and Communications,core
448,Corporate Affairs Manager,HR/Management,449,Public Administration,core
448,Corporate Affairs Manager,HR/Management,406,Public Relations,core
448,Corporate Affairs Manager,HR/Management,373,Strategic Planning,core
448,Corporate Affairs Manager,HR/Management,350,Employee Relations,secondary
448,Corporate Affairs Manager,HR/Management,351,Payroll,secondary
448,Corporate Affairs Manager,HR/Management,349,Performance Management,secondary
448,Corporate Affairs Manager,HR/Management,346,Recruitment,secondary
448,Corporate Affairs Manager,HR/Management,347,Talent Acquisition,secondary
448,Corporate Affairs Manager,HR/Management,355,BambooHR,bonus
448,Corporate Affairs Manager,HR/Management,358,Diversity and Inclusion,bonus
448,Corporate Affairs Manager,HR/Management,354,Workday,bonus
449,Customer Experience Manager,HR/Management,374,Business Analysis,core
449,Customer Experience Manager,HR/Management,483,Communication,core
449,Customer Experience Manager,HR/Management,306,CRM,core
449,Customer Experience Manager,HR/Management,424,Customer Service,core
449,Customer Experience Manager,HR/Management,484,Leadership,core
449,Customer Experience Manager,HR/Management,294,Salesforce,core
449,Customer Experience Manager,HR/Management,373,Strategic Planning,core
449,Customer Experience Manager,HR/Management,350,Employee Relations,secondary
449,Customer Experience Manager,HR/Management,351,Payroll,secondary
449,Customer Experience Manager,HR/Management,349,Performance Management,secondary
449,Customer Experience Manager,HR/Management,346,Recruitment,secondary
449,Customer Experience Manager,HR/Management,347,Talent Acquisition,secondary
449,Customer Experience Manager,HR/Management,355,BambooHR,bonus
449,Customer Experience Manager,HR/Management,358,Diversity and Inclusion,bonus
449,Customer Experience Manager,HR/Management,354,Workday,bonus
450,Brand Strategist,HR/Management,298,Brand Management,core
450,Brand Strategist,HR/Management,300,Consumer Behavior,core
450,Brand Strategist,HR/Management,297,Influencer Marketing,core
450,Brand Strategist,HR/Management,484,Leadership,core
450,Brand Strategist,HR/Management,299,Market Research,core
450,Brand Strategist,HR/Management,302,PR and Communications,core
450,Brand Strategist,HR/Management,373,Strategic Planning,core
450,Brand Strategist,HR/Management,350,Employee Relations,secondary
450,Brand Strategist,HR/Management,351,Payroll,secondary
450,Brand Strategist,HR/Management,349,Performance Management,secondary
450,Brand Strategist,HR/Management,346,Recruitment,secondary
450,Brand Strategist,HR/Management,347,Talent Acquisition,secondary
450,Brand Strategist,HR/Management,355,BambooHR,bonus
450,Brand Strategist,HR/Management,358,Diversity and Inclusion,bonus
450,Brand Strategist,HR/Management,354,Workday,bonus
451,Franchise Manager,HR/Management,366,Agile,core
451,Franchise Manager,HR/Management,374,Business Analysis,core
451,Franchise Manager,HR/Management,484,Leadership,core
451,Franchise Manager,HR/Management,491,Negotiation,core
451,Franchise Manager,HR/Management,365,Project Management,core
451,Franchise Manager,HR/Management,367,Scrum,core
451,Franchise Manager,HR/Management,373,Strategic Planning,core
451,Franchise Manager,HR/Management,350,Employee Relations,secondary
451,Franchise Manager,HR/Management,351,Payroll,secondary
451,Franchise Manager,HR/Management,349,Performance Management,secondary
451,Franchise Manager,HR/Management,346,Recruitment,secondary
451,Franchise Manager,HR/Management,347,Talent Acquisition,secondary
451,Franchise Manager,HR/Management,355,BambooHR,bonus
451,Franchise Manager,HR/Management,358,Diversity and Inclusion,bonus
451,Franchise Manager,HR/Management,354,Workday,bonus
452,Sustainability Manager,HR/Management,366,Agile,core
452,Sustainability Manager,HR/Management,374,Business Analysis,core
452,Sustainability Manager,HR/Management,445,Climate Science,core
452,Sustainability Manager,HR/Management,484,Leadership,core
452,Sustainability Manager,HR/Management,365,Project Management,core
452,Sustainability Manager,HR/Management,367,Scrum,core
452,Sustainability Manager,HR/Management,373,Strategic Planning,core
452,Sustainability Manager,HR/Management,350,Employee Relations,secondary
452,Sustainability Manager,HR/Management,351,Payroll,secondary
452,Sustainability Manager,HR/Management,349,Performance Management,secondary
452,Sustainability Manager,HR/Management,346,Recruitment,secondary
452,Sustainability Manager,HR/Management,347,Talent Acquisition,secondary
452,Sustainability Manager,HR/Management,355,BambooHR,bonus
452,Sustainability Manager,HR/Management,358,Diversity and Inclusion,bonus
452,Sustainability Manager,HR/Management,354,Workday,bonus
453,Mergers and Acquisitions Manager,HR/Management,374,Business Analysis,core
453,Mergers and Acquisitions Manager,HR/Management,199,Financial Modeling,core
453,Mergers and Acquisitions Manager,HR/Management,484,Leadership,core
453,Mergers and Acquisitions Manager,HR/Management,390,Mergers and Acquisitions,core
453,Mergers and Acquisitions Manager,HR/Management,491,Negotiation,core
453,Mergers and Acquisitions Manager,HR/Management,203,Risk Management,core
453,Mergers and Acquisitions Manager,HR/Management,373,Strategic Planning,core
453,Mergers and Acquisitions Manager,HR/Management,350,Employee Relations,secondary
453,Mergers and Acquisitions Manager,HR/Management,351,Payroll,secondary
453,Mergers and Acquisitions Manager,HR/Management,349,Performance Management,secondary
453,Mergers and Acquisitions Manager,HR/Management,346,Recruitment,secondary
453,Mergers and Acquisitions Manager,HR/Management,347,Talent Acquisition,secondary
453,Mergers and Acquisitions Manager,HR/Management,355,BambooHR,bonus
453,Mergers and Acquisitions Manager,HR/Management,358,Diversity and Inclusion,bonus
453,Mergers and Acquisitions Manager,HR/Management,354,Workday,bonus
454,Corporate Trainer (Management),HR/Management,276,Corporate Training,core
454,Corporate Trainer (Management),HR/Management,277,Instructional Design,core
454,Corporate Trainer (Management),HR/Management,484,Leadership,core
454,Corporate Trainer (Management),HR/Management,492,Presentation Skills,core
454,Corporate Trainer (Management),HR/Management,346,Recruitment,core
454,Corporate Trainer (Management),HR/Management,347,Talent Acquisition,core
454,Corporate Trainer (Management),HR/Management,360,Training and Development,core
454,Corporate Trainer (Management),HR/Management,350,Employee Relations,secondary
454,Corporate Trainer (Management),HR/Management,352,HRIS,secondary
454,Corporate Trainer (Management),HR/Management,348,Onboarding,secondary
454,Corporate Trainer (Management),HR/Management,351,Payroll,secondary
454,Corporate Trainer (Management),HR/Management,353,SAP HR,secondary
454,Corporate Trainer (Management),HR/Management,355,BambooHR,bonus
454,Corporate Trainer (Management),HR/Management,358,Diversity and Inclusion,bonus
454,Corporate Trainer (Management),HR/Management,354,Workday,bonus
455,Executive Assistant,HR/Management,366,Agile,core
455,Executive Assistant,HR/Management,483,Communication,core
455,Executive Assistant,HR/Management,371,Confluence,core
455,Executive Assistant,HR/Management,370,Jira,core
455,Executive Assistant,HR/Management,484,Leadership,core
455,Executive Assistant,HR/Management,365,Project Management,core
455,Executive Assistant,HR/Management,488,Time Management,core
455,Executive Assistant,HR/Management,350,Employee Relations,secondary
455,Executive Assistant,HR/Management,351,Payroll,secondary
455,Executive Assistant,HR/Management,349,Performance Management,secondary
455,Executive Assistant,HR/Management,346,Recruitment,secondary
455,Executive Assistant,HR/Management,347,Talent Acquisition,secondary
455,Executive Assistant,HR/Management,355,BambooHR,bonus
455,Executive Assistant,HR/Management,358,Diversity and Inclusion,bonus
455,Executive Assistant,HR/Management,354,Workday,bonus
456,Lawyer,Legal,379,Civil Litigation,core
456,Lawyer,Legal,376,Contract Law,core
456,Lawyer,Legal,377,Corporate Law,core
456,Lawyer,Legal,387,Court Procedures,core
456,Lawyer,Legal,378,Criminal Law,core
456,Lawyer,Legal,386,Legal Drafting,core
456,Lawyer,Legal,385,Legal Research,core
456,Lawyer,Legal,383,Constitutional Law,secondary
456,Lawyer,Legal,380,Intellectual Property,secondary
456,Lawyer,Legal,384,International Law,secondary
456,Lawyer,Legal,382,Labour Law,secondary
456,Lawyer,Legal,381,Tax Law,secondary
456,Lawyer,Legal,388,Arbitration,bonus
456,Lawyer,Legal,391,Compliance Management,bonus
456,Lawyer,Legal,389,Mediation,bonus
457,Corporate Lawyer,Legal,379,Civil Litigation,core
457,Corporate Lawyer,Legal,376,Contract Law,core
457,Corporate Lawyer,Legal,377,Corporate Law,core
457,Corporate Lawyer,Legal,387,Court Procedures,core
457,Corporate Lawyer,Legal,386,Legal Drafting,core
457,Corporate Lawyer,Legal,385,Legal Research,core
457,Corporate Lawyer,Legal,390,Mergers and Acquisitions,core
457,Corporate Lawyer,Legal,383,Constitutional Law,secondary
457,Corporate Lawyer,Legal,380,Intellectual Property,secondary
457,Corporate Lawyer,Legal,384,International Law,secondary
457,Corporate Lawyer,Legal,382,Labour Law,secondary
457,Corporate Lawyer,Legal,381,Tax Law,secondary
457,Corporate Lawyer,Legal,388,Arbitration,bonus
457,Corporate Lawyer,Legal,391,Compliance Management,bonus
457,Corporate Lawyer,Legal,389,Mediation,bonus
458,Criminal Defence Lawyer,Legal,379,Civil Litigation,core
458,Criminal Defence Lawyer,Legal,483,Communication,core
458,Criminal Defence Lawyer,Legal,376,Contract Law,core
458,Criminal Defence Lawyer,Legal,387,Court Procedures,core
458,Criminal Defence Lawyer,Legal,378,Criminal Law,core
458,Criminal Defence Lawyer,Legal,386,Legal Drafting,core
458,Criminal Defence Lawyer,Legal,385,Legal Research,core
458,Criminal Defence Lawyer,Legal,383,Constitutional Law,secondary
458,Criminal Defence Lawyer,Legal,380,Intellectual Property,secondary
458,Criminal Defence Lawyer,Legal,384,International Law,secondary
458,Criminal Defence Lawyer,Legal,382,Labour Law,secondary
458,Criminal Defence Lawyer,Legal,381,Tax Law,secondary
458,Criminal Defence Lawyer,Legal,388,Arbitration,bonus
458,Criminal Defence Lawyer,Legal,391,Compliance Management,bonus
458,Criminal Defence Lawyer,Legal,389,Mediation,bonus
459,Civil Litigation Lawyer,Legal,379,Civil Litigation,core
459,Civil Litigation Lawyer,Legal,483,Communication,core
459,Civil Litigation Lawyer,Legal,376,Contract Law,core
459,Civil Litigation Lawyer,Legal,377,Corporate Law,core
459,Civil Litigation Lawyer,Legal,387,Court Procedures,core
459,Civil Litigation Lawyer,Legal,386,Legal Drafting,core
459,Civil Litigation Lawyer,Legal,385,Legal Research,core
459,Civil Litigation Lawyer,Legal,383,Constitutional Law,secondary
459,Civil Litigation Lawyer,Legal,380,Intellectual Property,secondary
459,Civil Litigation Lawyer,Legal,384,International Law,secondary
459,Civil Litigation Lawyer,Legal,382,Labour Law,secondary
459,Civil Litigation Lawyer,Legal,381,Tax Law,secondary
459,Civil Litigation Lawyer,Legal,388,Arbitration,bonus
459,Civil Litigation Lawyer,Legal,391,Compliance Management,bonus
459,Civil Litigation Lawyer,Legal,389,Mediation,bonus
460,Intellectual Property Lawyer,Legal,483,Communication,core
460,Intellectual Property Lawyer,Legal,376,Contract Law,core
460,Intellectual Property Lawyer,Legal,377,Corporate Law,core
460,Intellectual Property Lawyer,Legal,387,Court Procedures,core
460,Intellectual Property Lawyer,Legal,380,Intellectual Property,core
460,Intellectual Property Lawyer,Legal,386,Legal Drafting,core
460,Intellectual Property Lawyer,Legal,385,Legal Research,core
460,Intellectual Property Lawyer,Legal,379,Civil Litigation,secondary
460,Intellectual Property Lawyer,Legal,383,Constitutional Law,secondary
460,Intellectual Property Lawyer,Legal,378,Criminal Law,secondary
460,Intellectual Property Lawyer,Legal,382,Labour Law,secondary
460,Intellectual Property Lawyer,Legal,381,Tax Law,secondary
460,Intellectual Property Lawyer,Legal,388,Arbitration,bonus
460,Intellectual Property Lawyer,Legal,392,Data Privacy Law,bonus
460,Intellectual Property Lawyer,Legal,389,Mediation,bonus
461,Tax Lawyer,Legal,376,Contract Law,core
461,Tax Lawyer,Legal,377,Corporate Law,core
461,Tax Lawyer,Legal,387,Court Procedures,core
461,Tax Lawyer,Legal,386,Legal Drafting,core
461,Tax Lawyer,Legal,385,Legal Research,core
461,Tax Lawyer,Legal,381,Tax Law,core
461,Tax Lawyer,Legal,211,Tax Planning,core
461,Tax Lawyer,Legal,379,Civil Litigation,secondary
461,Tax Lawyer,Legal,383,Constitutional Law,secondary
461,Tax Lawyer,Legal,378,Criminal Law,secondary
461,Tax Lawyer,Legal,380,Intellectual Property,secondary
461,Tax Lawyer,Legal,382,Labour Law,secondary
461,Tax Lawyer,Legal,388,Arbitration,bonus
461,Tax Lawyer,Legal,391,Compliance Management,bonus
461,Tax Lawyer,Legal,389,Mediation,bonus
462,Labour Lawyer,Legal,376,Contract Law,core
462,Labour Lawyer,Legal,377,Corporate Law,core
462,Labour Lawyer,Legal,387,Court Procedures,core
462,Labour Lawyer,Legal,356,Labor Law,core
462,Labour Lawyer,Legal,382,Labour Law,core
462,Labour Lawyer,Legal,386,Legal Drafting,core
462,Labour Lawyer,Legal,385,Legal Research,core
462,Labour Lawyer,Legal,379,Civil Litigation,secondary
462,Labour Lawyer,Legal,383,Constitutional Law,secondary
462,Labour Lawyer,Legal,378,Criminal Law,secondary
462,Labour Lawyer,Legal,380,Intellectual Property,secondary
462,Labour Lawyer,Legal,381,Tax Law,secondary
462,Labour Lawyer,Legal,388,Arbitration,bonus
462,Labour Lawyer,Legal,391,Compliance Management,bonus
462,Labour Lawyer,Legal,389,Mediation,bonus
463,Constitutional Lawyer,Legal,383,Constitutional Law,core
463,Constitutional Lawyer,Legal,376,Contract Law,core
463,Constitutional Lawyer,Legal,377,Corporate Law,core
463,Constitutional Lawyer,Legal,387,Court Procedures,core
463,Constitutional Lawyer,Legal,386,Legal Drafting,core
463,Constitutional Lawyer,Legal,385,Legal Research,core
463,Constitutional Lawyer,Legal,449,Public Administration,core
463,Constitutional Lawyer,Legal,379,Civil Litigation,secondary
463,Constitutional Lawyer,Legal,378,Criminal Law,secondary
463,Constitutional Lawyer,Legal,380,Intellectual Property,secondary
463,Constitutional Lawyer,Legal,382,Labour Law,secondary
463,Constitutional Lawyer,Legal,381,Tax Law,secondary
463,Constitutional Lawyer,Legal,388,Arbitration,bonus
463,Constitutional Lawyer,Legal,391,Compliance Management,bonus
463,Constitutional Lawyer,Legal,389,Mediation,bonus
464,International Lawyer,Legal,483,Communication,core
464,International Lawyer,Legal,376,Contract Law,core
464,International Lawyer,Legal,377,Corporate Law,core
464,International Lawyer,Legal,387,Court Procedures,core
464,International Lawyer,Legal,384,International Law,core
464,International Lawyer,Legal,386,Legal Drafting,core
464,International Lawyer,Legal,385,Legal Research,core
464,International Lawyer,Legal,379,Civil Litigation,secondary
464,International Lawyer,Legal,378,Criminal Law,secondary
464,International Lawyer,Legal,380,Intellectual Property,secondary
464,International Lawyer,Legal,382,Labour Law,secondary
464,International Lawyer,Legal,381,Tax Law,secondary
464,International Lawyer,Legal,388,Arbitration,bonus
464,International Lawyer,Legal,391,Compliance Management,bonus
464,International Lawyer,Legal,389,Mediation,bonus
465,Legal Researcher,Legal,379,Civil Litigation,core
465,Legal Researcher,Legal,376,Contract Law,core
465,Legal Researcher,Legal,377,Corporate Law,core
465,Legal Researcher,Legal,378,Criminal Law,core
465,Legal Researcher,Legal,386,Legal Drafting,core
465,Legal Researcher,Legal,385,Legal Research,core
465,Legal Researcher,Legal,496,Research Skills,core
465,Legal Researcher,Legal,383,Constitutional Law,secondary
465,Legal Researcher,Legal,380,Intellectual Property,secondary
465,Legal Researcher,Legal,384,International Law,secondary
465,Legal Researcher,Legal,382,Labour Law,secondary
465,Legal Researcher,Legal,381,Tax Law,secondary
465,Legal Researcher,Legal,388,Arbitration,bonus
465,Legal Researcher,Legal,391,Compliance Management,bonus
465,Legal Researcher,Legal,389,Mediation,bonus
466,Legal Drafter,Legal,379,Civil Litigation,core
466,Legal Drafter,Legal,483,Communication,core
466,Legal Drafter,Legal,376,Contract Law,core
466,Legal Drafter,Legal,377,Corporate Law,core
466,Legal Drafter,Legal,378,Criminal Law,core
466,Legal Drafter,Legal,386,Legal Drafting,core
466,Legal Drafter,Legal,385,Legal Research,core
466,Legal Drafter,Legal,383,Constitutional Law,secondary
466,Legal Drafter,Legal,380,Intellectual Property,secondary
466,Legal Drafter,Legal,384,International Law,secondary
466,Legal Drafter,Legal,382,Labour Law,secondary
466,Legal Drafter,Legal,381,Tax Law,secondary
466,Legal Drafter,Legal,388,Arbitration,bonus
466,Legal Drafter,Legal,391,Compliance Management,bonus
466,Legal Drafter,Legal,389,Mediation,bonus
467,Arbitrator,Legal,388,Arbitration,core
467,Arbitrator,Legal,379,Civil Litigation,core
467,Arbitrator,Legal,376,Contract Law,core
467,Arbitrator,Legal,377,Corporate Law,core
467,Arbitrator,Legal,378,Criminal Law,core
467,Arbitrator,Legal,386,Legal Drafting,core
467,Arbitrator,Legal,385,Legal Research,core
467,Arbitrator,Legal,383,Constitutional Law,secondary
467,Arbitrator,Legal,380,Intellectual Property,secondary
467,Arbitrator,Legal,384,International Law,secondary
467,Arbitrator,Legal,382,Labour Law,secondary
467,Arbitrator,Legal,381,Tax Law,secondary
467,Arbitrator,Legal,483,Communication,bonus
467,Arbitrator,Legal,391,Compliance Management,bonus
467,Arbitrator,Legal,389,Mediation,bonus
468,Mediator,Legal,379,Civil Litigation,core
468,Mediator,Legal,376,Contract Law,core
468,Mediator,Legal,377,Corporate Law,core
468,Mediator,Legal,378,Criminal Law,core
468,Mediator,Legal,386,Legal Drafting,core
468,Mediator,Legal,385,Legal Research,core
468,Mediator,Legal,389,Mediation,core
468,Mediator,Legal,383,Constitutional Law,secondary
468,Mediator,Legal,380,Intellectual Property,secondary
468,Mediator,Legal,384,International Law,secondary
468,Mediator,Legal,382,Labour Law,secondary
468,Mediator,Legal,381,Tax Law,secondary
468,Mediator,Legal,388,Arbitration,bonus
468,Mediator,Legal,483,Communication,bonus
468,Mediator,Legal,391,Compliance Management,bonus
469,Compliance Lawyer,Legal,224,Compliance,core
469,Compliance Lawyer,Legal,391,Compliance Management,core
469,Compliance Lawyer,Legal,376,Contract Law,core
469,Compliance Lawyer,Legal,377,Corporate Law,core
469,Compliance Lawyer,Legal,225,KYC/AML,core
469,Compliance Lawyer,Legal,386,Legal Drafting,core
469,Compliance Lawyer,Legal,385,Legal Research,core
469,Compliance Lawyer,Legal,379,Civil Litigation,secondary
469,Compliance Lawyer,Legal,378,Criminal Law,secondary
469,Compliance Lawyer,Legal,380,Intellectual Property,secondary
469,Compliance Lawyer,Legal,382,Labour Law,secondary
469,Compliance Lawyer,Legal,381,Tax Law,secondary
469,Compliance Lawyer,Legal,388,Arbitration,bonus
469,Compliance Lawyer,Legal,392,Data Privacy Law,bonus
469,Compliance Lawyer,Legal,389,Mediation,bonus
470,Data Privacy Lawyer,Legal,376,Contract Law,core
470,Data Privacy Lawyer,Legal,377,Corporate Law,core
470,Data Privacy Lawyer,Legal,392,Data Privacy Law,core
470,Data Privacy Lawyer,Legal,171,GDPR Compliance,core
470,Data Privacy Lawyer,Legal,225,KYC/AML,core
470,Data Privacy Lawyer,Legal,386,Legal Drafting,core
470,Data Privacy Lawyer,Legal,385,Legal Research,core
470,Data Privacy Lawyer,Legal,379,Civil Litigation,secondary
470,Data Privacy Lawyer,Legal,378,Criminal Law,secondary
470,Data Privacy Lawyer,Legal,380,Intellectual Property,secondary
470,Data Privacy Lawyer,Legal,382,Labour Law,secondary
470,Data Privacy Lawyer,Legal,381,Tax Law,secondary
470,Data Privacy Lawyer,Legal,388,Arbitration,bonus
470,Data Privacy Lawyer,Legal,391,Compliance Management,bonus
470,Data Privacy Lawyer,Legal,389,Mediation,bonus
471,Real Estate Lawyer,Legal,483,Communication,core
471,Real Estate Lawyer,Legal,376,Contract Law,core
471,Real Estate Lawyer,Legal,377,Corporate Law,core
471,Real Estate Lawyer,Legal,387,Court Procedures,core
471,Real Estate Lawyer,Legal,386,Legal Drafting,core
471,Real Estate Lawyer,Legal,385,Legal Research,core
471,Real Estate Lawyer,Legal,393,Real Estate Law,core
471,Real Estate Lawyer,Legal,379,Civil Litigation,secondary
471,Real Estate Lawyer,Legal,378,Criminal Law,secondary
471,Real Estate Lawyer,Legal,380,Intellectual Property,secondary
471,Real Estate Lawyer,Legal,382,Labour Law,secondary
471,Real Estate Lawyer,Legal,381,Tax Law,secondary
471,Real Estate Lawyer,Legal,388,Arbitration,bonus
471,Real Estate Lawyer,Legal,391,Compliance Management,bonus
471,Real Estate Lawyer,Legal,389,Mediation,bonus
472,Family Lawyer,Legal,376,Contract Law,core
472,Family Lawyer,Legal,377,Corporate Law,core
472,Family Lawyer,Legal,477,Counselling,core
472,Family Lawyer,Legal,387,Court Procedures,core
472,Family Lawyer,Legal,394,Family Law,core
472,Family Lawyer,Legal,386,Legal Drafting,core
472,Family Lawyer,Legal,385,Legal Research,core
472,Family Lawyer,Legal,379,Civil Litigation,secondary
472,Family Lawyer,Legal,378,Criminal Law,secondary
472,Family Lawyer,Legal,380,Intellectual Property,secondary
472,Family Lawyer,Legal,382,Labour Law,secondary
472,Family Lawyer,Legal,381,Tax Law,secondary
472,Family Lawyer,Legal,388,Arbitration,bonus
472,Family Lawyer,Legal,391,Compliance Management,bonus
472,Family Lawyer,Legal,389,Mediation,bonus
473,Immigration Lawyer,Legal,376,Contract Law,core
473,Immigration Lawyer,Legal,377,Corporate Law,core
473,Immigration Lawyer,Legal,387,Court Procedures,core
473,Immigration Lawyer,Legal,395,Immigration Law,core
473,Immigration Lawyer,Legal,384,International Law,core
473,Immigration Lawyer,Legal,386,Legal Drafting,core
473,Immigration Lawyer,Legal,385,Legal Research,core
473,Immigration Lawyer,Legal,379,Civil Litigation,secondary
473,Immigration Lawyer,Legal,378,Criminal Law,secondary
473,Immigration Lawyer,Legal,380,Intellectual Property,secondary
473,Immigration Lawyer,Legal,382,Labour Law,secondary
473,Immigration Lawyer,Legal,381,Tax Law,secondary
473,Immigration Lawyer,Legal,388,Arbitration,bonus
473,Immigration Lawyer,Legal,391,Compliance Management,bonus
473,Immigration Lawyer,Legal,389,Mediation,bonus
474,M&A Lawyer,Legal,376,Contract Law,core
474,M&A Lawyer,Legal,377,Corporate Law,core
474,M&A Lawyer,Legal,387,Court Procedures,core
474,M&A Lawyer,Legal,199,Financial Modeling,core
474,M&A Lawyer,Legal,386,Legal Drafting,core
474,M&A Lawyer,Legal,385,Legal Research,core
474,M&A Lawyer,Legal,390,Mergers and Acquisitions,core
474,M&A Lawyer,Legal,379,Civil Litigation,secondary
474,M&A Lawyer,Legal,378,Criminal Law,secondary
474,M&A Lawyer,Legal,380,Intellectual Property,secondary
474,M&A Lawyer,Legal,382,Labour Law,secondary
474,M&A Lawyer,Legal,381,Tax Law,secondary
474,M&A Lawyer,Legal,388,Arbitration,bonus
474,M&A Lawyer,Legal,391,Compliance Management,bonus
474,M&A Lawyer,Legal,389,Mediation,bonus
475,Legal Aid Lawyer,Legal,379,Civil Litigation,core
475,Legal Aid Lawyer,Legal,473,Community Development,core
475,Legal Aid Lawyer,Legal,376,Contract Law,core
475,Legal Aid Lawyer,Legal,377,Corporate Law,core
475,Legal Aid Lawyer,Legal,378,Criminal Law,core
475,Legal Aid Lawyer,Legal,386,Legal Drafting,core
475,Legal Aid Lawyer,Legal,385,Legal Research,core
475,Legal Aid Lawyer,Legal,383,Constitutional Law,secondary
475,Legal Aid Lawyer,Legal,380,Intellectual Property,secondary
475,Legal Aid Lawyer,Legal,384,International Law,secondary
475,Legal Aid Lawyer,Legal,382,Labour Law,secondary
475,Legal Aid Lawyer,Legal,381,Tax Law,secondary
475,Legal Aid Lawyer,Legal,388,Arbitration,bonus
475,Legal Aid Lawyer,Legal,391,Compliance Management,bonus
475,Legal Aid Lawyer,Legal,389,Mediation,bonus
476,Public Prosecutor,Legal,383,Constitutional Law,core
476,Public Prosecutor,Legal,376,Contract Law,core
476,Public Prosecutor,Legal,377,Corporate Law,core
476,Public Prosecutor,Legal,387,Court Procedures,core
476,Public Prosecutor,Legal,378,Criminal Law,core
476,Public Prosecutor,Legal,386,Legal Drafting,core
476,Public Prosecutor,Legal,385,Legal Research,core
476,Public Prosecutor,Legal,380,Intellectual Property,secondary
476,Public Prosecutor,Legal,384,International Law,secondary
476,Public Prosecutor,Legal,382,Labour Law,secondary
476,Public Prosecutor,Legal,381,Tax Law,secondary
476,Public Prosecutor,Legal,388,Arbitration,bonus
476,Public Prosecutor,Legal,391,Compliance Management,bonus
476,Public Prosecutor,Legal,389,Mediation,bonus
477,Judge (Judiciary),Legal,379,Civil Litigation,core
477,Judge (Judiciary),Legal,383,Constitutional Law,core
477,Judge (Judiciary),Legal,376,Contract Law,core
477,Judge (Judiciary),Legal,377,Corporate Law,core
477,Judge (Judiciary),Legal,387,Court Procedures,core
477,Judge (Judiciary),Legal,378,Criminal Law,core
477,Judge (Judiciary),Legal,385,Legal Research,core
477,Judge (Judiciary),Legal,380,Intellectual Property,secondary
477,Judge (Judiciary),Legal,384,International Law,secondary
477,Judge (Judiciary),Legal,382,Labour Law,secondary
477,Judge (Judiciary),Legal,381,Tax Law,secondary
477,Judge (Judiciary),Legal,388,Arbitration,bonus
477,Judge (Judiciary),Legal,391,Compliance Management,bonus
477,Judge (Judiciary),Legal,389,Mediation,bonus
478,Legal Analyst,Legal,497,Analytical Thinking,core
478,Legal Analyst,Legal,379,Civil Litigation,core
478,Legal Analyst,Legal,376,Contract Law,core
478,Legal Analyst,Legal,377,Corporate Law,core
478,Legal Analyst,Legal,378,Criminal Law,core
478,Legal Analyst,Legal,386,Legal Drafting,core
478,Legal Analyst,Legal,385,Legal Research,core
478,Legal Analyst,Legal,383,Constitutional Law,secondary
478,Legal Analyst,Legal,380,Intellectual Property,secondary
478,Legal Analyst,Legal,384,International Law,secondary
478,Legal Analyst,Legal,382,Labour Law,secondary
478,Legal Analyst,Legal,381,Tax Law,secondary
478,Legal Analyst,Legal,388,Arbitration,bonus
478,Legal Analyst,Legal,391,Compliance Management,bonus
478,Legal Analyst,Legal,389,Mediation,bonus
479,Contract Manager,Legal,499,Attention to Detail,core
479,Contract Manager,Legal,391,Compliance Management,core
479,Contract Manager,Legal,376,Contract Law,core
479,Contract Manager,Legal,387,Court Procedures,core
479,Contract Manager,Legal,386,Legal Drafting,core
479,Contract Manager,Legal,385,Legal Research,core
479,Contract Manager,Legal,365,Project Management,core
479,Contract Manager,Legal,379,Civil Litigation,secondary
479,Contract Manager,Legal,378,Criminal Law,secondary
479,Contract Manager,Legal,380,Intellectual Property,secondary
479,Contract Manager,Legal,382,Labour Law,secondary
479,Contract Manager,Legal,381,Tax Law,secondary
479,Contract Manager,Legal,388,Arbitration,bonus
479,Contract Manager,Legal,389,Mediation,bonus
480,Notary,Legal,499,Attention to Detail,core
480,Notary,Legal,376,Contract Law,core
480,Notary,Legal,377,Corporate Law,core
480,Notary,Legal,387,Court Procedures,core
480,Notary,Legal,386,Legal Drafting,core
480,Notary,Legal,385,Legal Research,core
480,Notary,Legal,379,Civil Litigation,secondary
480,Notary,Legal,378,Criminal Law,secondary
480,Notary,Legal,380,Intellectual Property,secondary
480,Notary,Legal,382,Labour Law,secondary
480,Notary,Legal,381,Tax Law,secondary
480,Notary,Legal,388,Arbitration,bonus
480,Notary,Legal,391,Compliance Management,bonus
480,Notary,Legal,389,Mediation,bonus
481,Legal Secretary,Legal,499,Attention to Detail,core
481,Legal Secretary,Legal,483,Communication,core
481,Legal Secretary,Legal,387,Court Procedures,core
481,Legal Secretary,Legal,386,Legal Drafting,core
481,Legal Secretary,Legal,385,Legal Research,core
481,Legal Secretary,Legal,414,Proofreading,core
481,Legal Secretary,Legal,488,Time Management,core
481,Legal Secretary,Legal,379,Civil Litigation,secondary
481,Legal Secretary,Legal,376,Contract Law,secondary
481,Legal Secretary,Legal,377,Corporate Law,secondary
481,Legal Secretary,Legal,378,Criminal Law,secondary
481,Legal Secretary,Legal,380,Intellectual Property,secondary
481,Legal Secretary,Legal,370,Jira,bonus
481,Legal Secretary,Legal,382,Labour Law,bonus
481,Legal Secretary,Legal,381,Tax Law,bonus
482,Court Reporter,Legal,499,Attention to Detail,core
482,Court Reporter,Legal,483,Communication,core
482,Court Reporter,Legal,387,Court Procedures,core
482,Court Reporter,Legal,386,Legal Drafting,core
482,Court Reporter,Legal,385,Legal Research,core
482,Court Reporter,Legal,414,Proofreading,core
482,Court Reporter,Legal,413,Technical Writing,core
482,Court Reporter,Legal,379,Civil Litigation,secondary
482,Court Reporter,Legal,376,Contract Law,secondary
482,Court Reporter,Legal,377,Corporate Law,secondary
482,Court Reporter,Legal,378,Criminal Law,secondary
482,Court Reporter,Legal,380,Intellectual Property,secondary
482,Court Reporter,Legal,370,Jira,bonus
482,Court Reporter,Legal,382,Labour Law,bonus
482,Court Reporter,Legal,381,Tax Law,bonus
483,Paralegal,Legal,499,Attention to Detail,core
483,Paralegal,Legal,483,Communication,core
483,Paralegal,Legal,376,Contract Law,core
483,Paralegal,Legal,377,Corporate Law,core
483,Paralegal,Legal,387,Court Procedures,core
483,Paralegal,Legal,386,Legal Drafting,core
483,Paralegal,Legal,385,Legal Research,core
483,Paralegal,Legal,379,Civil Litigation,secondary
483,Paralegal,Legal,378,Criminal Law,secondary
483,Paralegal,Legal,380,Intellectual Property,secondary
483,Paralegal,Legal,382,Labour Law,secondary
483,Paralegal,Legal,381,Tax Law,secondary
483,Paralegal,Legal,388,Arbitration,bonus
483,Paralegal,Legal,391,Compliance Management,bonus
483,Paralegal,Legal,389,Mediation,bonus
484,Legal Consultant,Legal,391,Compliance Management,core
484,Legal Consultant,Legal,376,Contract Law,core
484,Legal Consultant,Legal,377,Corporate Law,core
484,Legal Consultant,Legal,484,Leadership,core
484,Legal Consultant,Legal,386,Legal Drafting,core
484,Legal Consultant,Legal,385,Legal Research,core
484,Legal Consultant,Legal,491,Negotiation,core
484,Legal Consultant,Legal,379,Civil Litigation,secondary
484,Legal Consultant,Legal,378,Criminal Law,secondary
484,Legal Consultant,Legal,380,Intellectual Property,secondary
484,Legal Consultant,Legal,382,Labour Law,secondary
484,Legal Consultant,Legal,381,Tax Law,secondary
484,Legal Consultant,Legal,388,Arbitration,bonus
484,Legal Consultant,Legal,392,Data Privacy Law,bonus
484,Legal Consultant,Legal,389,Mediation,bonus
485,General Counsel,Legal,391,Compliance Management,core
485,General Counsel,Legal,376,Contract Law,core
485,General Counsel,Legal,377,Corporate Law,core
485,General Counsel,Legal,387,Court Procedures,core
485,General Counsel,Legal,484,Leadership,core
485,General Counsel,Legal,386,Legal Drafting,core
485,General Counsel,Legal,385,Legal Research,core
485,General Counsel,Legal,379,Civil Litigation,secondary
485,General Counsel,Legal,378,Criminal Law,secondary
485,General Counsel,Legal,380,Intellectual Property,secondary
485,General Counsel,Legal,382,Labour Law,secondary
485,General Counsel,Legal,381,Tax Law,secondary
485,General Counsel,Legal,388,Arbitration,bonus
485,General Counsel,Legal,392,Data Privacy Law,bonus
485,General Counsel,Legal,389,Mediation,bonus
486,Banking Lawyer,Legal,379,Civil Litigation,core
486,Banking Lawyer,Legal,376,Contract Law,core
486,Banking Lawyer,Legal,377,Corporate Law,core
486,Banking Lawyer,Legal,387,Court Procedures,core
486,Banking Lawyer,Legal,217,Credit Analysis,core
486,Banking Lawyer,Legal,386,Legal Drafting,core
486,Banking Lawyer,Legal,385,Legal Research,core
486,Banking Lawyer,Legal,383,Constitutional Law,secondary
486,Banking Lawyer,Legal,378,Criminal Law,secondary
486,Banking Lawyer,Legal,380,Intellectual Property,secondary
486,Banking Lawyer,Legal,382,Labour Law,secondary
486,Banking Lawyer,Legal,381,Tax Law,secondary
486,Banking Lawyer,Legal,388,Arbitration,bonus
486,Banking Lawyer,Legal,391,Compliance Management,bonus
486,Banking Lawyer,Legal,389,Mediation,bonus
487,Environmental Lawyer,Legal,379,Civil Litigation,core
487,Environmental Lawyer,Legal,376,Contract Law,core
487,Environmental Lawyer,Legal,377,Corporate Law,core
487,Environmental Lawyer,Legal,387,Court Procedures,core
487,Environmental Lawyer,Legal,440,Environmental Impact Assessment,core
487,Environmental Lawyer,Legal,386,Legal Drafting,core
487,Environmental Lawyer,Legal,385,Legal Research,core
487,Environmental Lawyer,Legal,383,Constitutional Law,secondary
487,Environmental Lawyer,Legal,378,Criminal Law,secondary
487,Environmental Lawyer,Legal,380,Intellectual Property,secondary
487,Environmental Lawyer,Legal,382,Labour Law,secondary
487,Environmental Lawyer,Legal,381,Tax Law,secondary
487,Environmental Lawyer,Legal,388,Arbitration,bonus
487,Environmental Lawyer,Legal,392,Data Privacy Law,bonus
487,Environmental Lawyer,Legal,389,Mediation,bonus
488,Healthcare Lawyer,Legal,379,Civil Litigation,core
488,Healthcare Lawyer,Legal,376,Contract Law,core
488,Healthcare Lawyer,Legal,377,Corporate Law,core
488,Healthcare Lawyer,Legal,387,Court Procedures,core
488,Healthcare Lawyer,Legal,386,Legal Drafting,core
488,Healthcare Lawyer,Legal,385,Legal Research,core
488,Healthcare Lawyer,Legal,226,Patient Care,core
488,Healthcare Lawyer,Legal,383,Constitutional Law,secondary
488,Healthcare Lawyer,Legal,378,Criminal Law,secondary
488,Healthcare Lawyer,Legal,380,Intellectual Property,secondary
488,Healthcare Lawyer,Legal,382,Labour Law,secondary
488,Healthcare Lawyer,Legal,381,Tax Law,secondary
488,Healthcare Lawyer,Legal,388,Arbitration,bonus
488,Healthcare Lawyer,Legal,392,Data Privacy Law,bonus
488,Healthcare Lawyer,Legal,389,Mediation,bonus
489,Sports Lawyer,Legal,461,Athletic Training,core
489,Sports Lawyer,Legal,379,Civil Litigation,core
489,Sports Lawyer,Legal,376,Contract Law,core
489,Sports Lawyer,Legal,377,Corporate Law,core
489,Sports Lawyer,Legal,387,Court Procedures,core
489,Sports Lawyer,Legal,386,Legal Drafting,core
489,Sports Lawyer,Legal,385,Legal Research,core
489,Sports Lawyer,Legal,383,Constitutional Law,secondary
489,Sports Lawyer,Legal,378,Criminal Law,secondary
489,Sports Lawyer,Legal,380,Intellectual Property,secondary
489,Sports Lawyer,Legal,382,Labour Law,secondary
489,Sports Lawyer,Legal,381,Tax Law,secondary
489,Sports Lawyer,Legal,388,Arbitration,bonus
489,Sports Lawyer,Legal,392,Data Privacy Law,bonus
489,Sports Lawyer,Legal,389,Mediation,bonus
490,Technology Lawyer,Legal,379,Civil Litigation,core
490,Technology Lawyer,Legal,376,Contract Law,core
490,Technology Lawyer,Legal,377,Corporate Law,core
490,Technology Lawyer,Legal,387,Court Procedures,core
490,Technology Lawyer,Legal,392,Data Privacy Law,core
490,Technology Lawyer,Legal,386,Legal Drafting,core
490,Technology Lawyer,Legal,385,Legal Research,core
490,Technology Lawyer,Legal,383,Constitutional Law,secondary
490,Technology Lawyer,Legal,378,Criminal Law,secondary
490,Technology Lawyer,Legal,380,Intellectual Property,secondary
490,Technology Lawyer,Legal,382,Labour Law,secondary
490,Technology Lawyer,Legal,381,Tax Law,secondary
490,Technology Lawyer,Legal,388,Arbitration,bonus
490,Technology Lawyer,Legal,389,Mediation,bonus
491,News Reporter,Media,401,Broadcast Journalism,core
491,News Reporter,Media,483,Communication,core
491,News Reporter,Media,408,Fact Checking,core
491,News Reporter,Media,407,Interviewing,core
491,News Reporter,Media,396,Journalism,core
491,News Reporter,Media,397,News Writing,core
491,News Reporter,Media,492,Presentation Skills,core
491,News Reporter,Media,398,Editing,secondary
491,News Reporter,Media,400,Photography,secondary
491,News Reporter,Media,406,Public Relations,secondary
491,News Reporter,Media,405,Social Media Content,secondary
491,News Reporter,Media,399,Video Production,secondary
491,News Reporter,Media,412,Blogging,bonus
491,News Reporter,Media,410,Digital Media,bonus
491,News Reporter,Media,409,Investigative Journalism,bonus
492,Broadcast Journalist,Media,401,Broadcast Journalism,core
492,Broadcast Journalist,Media,483,Communication,core
492,Broadcast Journalist,Media,408,Fact Checking,core
492,Broadcast Journalist,Media,407,Interviewing,core
492,Broadcast Journalist,Media,396,Journalism,core
492,Broadcast Journalist,Media,397,News Writing,core
492,Broadcast Journalist,Media,492,Presentation Skills,core
492,Broadcast Journalist,Media,398,Editing,secondary
492,Broadcast Journalist,Media,400,Photography,secondary
492,Broadcast Journalist,Media,406,Public Relations,secondary
492,Broadcast Journalist,Media,405,Social Media Content,secondary
492,Broadcast Journalist,Media,399,Video Production,secondary
492,Broadcast Journalist,Media,412,Blogging,bonus
492,Broadcast Journalist,Media,410,Digital Media,bonus
492,Broadcast Journalist,Media,409,Investigative Journalism,bonus
493,Print Journalist,Media,483,Communication,core
493,Print Journalist,Media,408,Fact Checking,core
493,Print Journalist,Media,407,Interviewing,core
493,Print Journalist,Media,396,Journalism,core
493,Print Journalist,Media,397,News Writing,core
493,Print Journalist,Media,492,Presentation Skills,core
493,Print Journalist,Media,414,Proofreading,core
493,Print Journalist,Media,398,Editing,secondary
493,Print Journalist,Media,400,Photography,secondary
493,Print Journalist,Media,406,Public Relations,secondary
493,Print Journalist,Media,405,Social Media Content,secondary
493,Print Journalist,Media,399,Video Production,secondary
493,Print Journalist,Media,412,Blogging,bonus
493,Print Journalist,Media,410,Digital Media,bonus
493,Print Journalist,Media,409,Investigative Journalism,bonus
494,Investigative Journalist,Media,483,Communication,core
494,Investigative Journalist,Media,408,Fact Checking,core
494,Investigative Journalist,Media,407,Interviewing,core
494,Investigative Journalist,Media,409,Investigative Journalism,core
494,Investigative Journalist,Media,396,Journalism,core
494,Investigative Journalist,Media,397,News Writing,core
494,Investigative Journalist,Media,496,Research Skills,core
494,Investigative Journalist,Media,398,Editing,secondary
494,Investigative Journalist,Media,400,Photography,secondary
494,Investigative Journalist,Media,406,Public Relations,secondary
494,Investigative Journalist,Media,405,Social Media Content,secondary
494,Investigative Journalist,Media,399,Video Production,secondary
494,Investigative Journalist,Media,412,Blogging,bonus
494,Investigative Journalist,Media,410,Digital Media,bonus
494,Investigative Journalist,Media,414,Proofreading,bonus
495,Feature Writer,Media,412,Blogging,core
495,Feature Writer,Media,483,Communication,core
495,Feature Writer,Media,408,Fact Checking,core
495,Feature Writer,Media,407,Interviewing,core
495,Feature Writer,Media,396,Journalism,core
495,Feature Writer,Media,397,News Writing,core
495,Feature Writer,Media,492,Presentation Skills,core
495,Feature Writer,Media,398,Editing,secondary
495,Feature Writer,Media,400,Photography,secondary
495,Feature Writer,Media,406,Public Relations,secondary
495,Feature Writer,Media,405,Social Media Content,secondary
495,Feature Writer,Media,399,Video Production,secondary
495,Feature Writer,Media,410,Digital Media,bonus
495,Feature Writer,Media,409,Investigative Journalism,bonus
495,Feature Writer,Media,414,Proofreading,bonus
496,Editor,Media,499,Attention to Detail,core
496,Editor,Media,398,Editing,core
496,Editor,Media,408,Fact Checking,core
496,Editor,Media,407,Interviewing,core
496,Editor,Media,396,Journalism,core
496,Editor,Media,397,News Writing,core
496,Editor,Media,414,Proofreading,core
496,Editor,Media,401,Broadcast Journalism,secondary
496,Editor,Media,400,Photography,secondary
496,Editor,Media,406,Public Relations,secondary
496,Editor,Media,405,Social Media Content,secondary
496,Editor,Media,399,Video Production,secondary
496,Editor,Media,412,Blogging,bonus
496,Editor,Media,410,Digital Media,bonus
496,Editor,Media,409,Investigative Journalism,bonus
497,Sub-Editor,Media,499,Attention to Detail,core
497,Sub-Editor,Media,398,Editing,core
497,Sub-Editor,Media,408,Fact Checking,core
497,Sub-Editor,Media,407,Interviewing,core
497,Sub-Editor,Media,396,Journalism,core
497,Sub-Editor,Media,397,News Writing,core
497,Sub-Editor,Media,414,Proofreading,core
497,Sub-Editor,Media,401,Broadcast Journalism,secondary
497,Sub-Editor,Media,400,Photography,secondary
497,Sub-Editor,Media,406,Public Relations,secondary
497,Sub-Editor,Media,405,Social Media Content,secondary
497,Sub-Editor,Media,399,Video Production,secondary
497,Sub-Editor,Media,412,Blogging,bonus
497,Sub-Editor,Media,410,Digital Media,bonus
497,Sub-Editor,Media,409,Investigative Journalism,bonus
498,Photo Journalist,Media,483,Communication,core
498,Photo Journalist,Media,408,Fact Checking,core
498,Photo Journalist,Media,407,Interviewing,core
498,Photo Journalist,Media,396,Journalism,core
498,Photo Journalist,Media,397,News Writing,core
498,Photo Journalist,Media,400,Photography,core
498,Photo Journalist,Media,492,Presentation Skills,core
498,Photo Journalist,Media,401,Broadcast Journalism,secondary
498,Photo Journalist,Media,398,Editing,secondary
498,Photo Journalist,Media,406,Public Relations,secondary
498,Photo Journalist,Media,405,Social Media Content,secondary
498,Photo Journalist,Media,399,Video Production,secondary
498,Photo Journalist,Media,412,Blogging,bonus
498,Photo Journalist,Media,410,Digital Media,bonus
498,Photo Journalist,Media,409,Investigative Journalism,bonus
499,Video Journalist,Media,415,Adobe Premiere,core
499,Video Journalist,Media,483,Communication,core
499,Video Journalist,Media,407,Interviewing,core
499,Video Journalist,Media,396,Journalism,core
499,Video Journalist,Media,397,News Writing,core
499,Video Journalist,Media,492,Presentation Skills,core
499,Video Journalist,Media,399,Video Production,core
499,Video Journalist,Media,401,Broadcast Journalism,secondary
499,Video Journalist,Media,398,Editing,secondary
499,Video Journalist,Media,400,Photography,secondary
499,Video Journalist,Media,406,Public Relations,secondary
499,Video Journalist,Media,405,Social Media Content,secondary
499,Video Journalist,Media,412,Blogging,bonus
499,Video Journalist,Media,410,Digital Media,bonus
499,Video Journalist,Media,409,Investigative Journalism,bonus
500,Documentary Filmmaker,Media,415,Adobe Premiere,core
500,Documentary Filmmaker,Media,483,Communication,core
500,Documentary Filmmaker,Media,498,Creativity,core
500,Documentary Filmmaker,Media,404,Documentary Making,core
500,Documentary Filmmaker,Media,396,Journalism,core
500,Documentary Filmmaker,Media,397,News Writing,core
500,Documentary Filmmaker,Media,399,Video Production,core
500,Documentary Filmmaker,Media,401,Broadcast Journalism,secondary
500,Documentary Filmmaker,Media,398,Editing,secondary
500,Documentary Filmmaker,Media,400,Photography,secondary
500,Documentary Filmmaker,Media,406,Public Relations,secondary
500,Documentary Filmmaker,Media,405,Social Media Content,secondary
500,Documentary Filmmaker,Media,412,Blogging,bonus
500,Documentary Filmmaker,Media,410,Digital Media,bonus
500,Documentary Filmmaker,Media,409,Investigative Journalism,bonus
501,Scriptwriter,Media,483,Communication,core
501,Scriptwriter,Media,301,Copywriting,core
501,Scriptwriter,Media,498,Creativity,core
501,Scriptwriter,Media,396,Journalism,core
501,Scriptwriter,Media,397,News Writing,core
501,Scriptwriter,Media,492,Presentation Skills,core
501,Scriptwriter,Media,402,Scriptwriting,core
501,Scriptwriter,Media,398,Editing,secondary
501,Scriptwriter,Media,400,Photography,secondary
501,Scriptwriter,Media,406,Public Relations,secondary
501,Scriptwriter,Media,405,Social Media Content,secondary
501,Scriptwriter,Media,399,Video Production,secondary
501,Scriptwriter,Media,412,Blogging,bonus
501,Scriptwriter,Media,410,Digital Media,bonus
501,Scriptwriter,Media,409,Investigative Journalism,bonus
502,Podcast Host (Media),Media,483,Communication,core
502,Podcast Host (Media),Media,301,Copywriting,core
502,Podcast Host (Media),Media,396,Journalism,core
502,Podcast Host (Media),Media,309,Podcast Marketing,core
502,Podcast Host (Media),Media,403,Podcasting,core
502,Podcast Host (Media),Media,492,Presentation Skills,core
502,Podcast Host (Media),Media,416,Studio Recording,core
502,Podcast Host (Media),Media,398,Editing,secondary
502,Podcast Host (Media),Media,400,Photography,secondary
502,Podcast Host (Media),Media,406,Public Relations,secondary
502,Podcast Host (Media),Media,405,Social Media Content,secondary
502,Podcast Host (Media),Media,399,Video Production,secondary
502,Podcast Host (Media),Media,412,Blogging,bonus
502,Podcast Host (Media),Media,410,Digital Media,bonus
502,Podcast Host (Media),Media,409,Investigative Journalism,bonus
503,Social Media Journalist,Media,483,Communication,core
503,Social Media Journalist,Media,407,Interviewing,core
503,Social Media Journalist,Media,396,Journalism,core
503,Social Media Journalist,Media,397,News Writing,core
503,Social Media Journalist,Media,492,Presentation Skills,core
503,Social Media Journalist,Media,405,Social Media Content,core
503,Social Media Journalist,Media,296,Social Media Management,core
503,Social Media Journalist,Media,401,Broadcast Journalism,secondary
503,Social Media Journalist,Media,398,Editing,secondary
503,Social Media Journalist,Media,400,Photography,secondary
503,Social Media Journalist,Media,406,Public Relations,secondary
503,Social Media Journalist,Media,399,Video Production,secondary
503,Social Media Journalist,Media,412,Blogging,bonus
503,Social Media Journalist,Media,410,Digital Media,bonus
503,Social Media Journalist,Media,409,Investigative Journalism,bonus
504,Digital Content Manager,Media,483,Communication,core
504,Digital Content Manager,Media,291,Content Marketing,core
504,Digital Content Manager,Media,411,Content Strategy,core
504,Digital Content Manager,Media,484,Leadership,core
504,Digital Content Manager,Media,397,News Writing,core
504,Digital Content Manager,Media,405,Social Media Content,core
504,Digital Content Manager,Media,296,Social Media Management,core
504,Digital Content Manager,Media,401,Broadcast Journalism,secondary
504,Digital Content Manager,Media,398,Editing,secondary
504,Digital Content Manager,Media,400,Photography,secondary
504,Digital Content Manager,Media,406,Public Relations,secondary
504,Digital Content Manager,Media,399,Video Production,secondary
504,Digital Content Manager,Media,412,Blogging,bonus
504,Digital Content Manager,Media,410,Digital Media,bonus
504,Digital Content Manager,Media,409,Investigative Journalism,bonus
505,News Anchor,Media,401,Broadcast Journalism,core
505,News Anchor,Media,483,Communication,core
505,News Anchor,Media,407,Interviewing,core
505,News Anchor,Media,396,Journalism,core
505,News Anchor,Media,397,News Writing,core
505,News Anchor,Media,492,Presentation Skills,core
505,News Anchor,Media,398,Editing,secondary
505,News Anchor,Media,400,Photography,secondary
505,News Anchor,Media,406,Public Relations,secondary
505,News Anchor,Media,405,Social Media Content,secondary
505,News Anchor,Media,399,Video Production,secondary
505,News Anchor,Media,412,Blogging,bonus
505,News Anchor,Media,410,Digital Media,bonus
505,News Anchor,Media,409,Investigative Journalism,bonus
506,Public Relations Manager,Media,483,Communication,core
506,Public Relations Manager,Media,396,Journalism,core
506,Public Relations Manager,Media,484,Leadership,core
506,Public Relations Manager,Media,491,Negotiation,core
506,Public Relations Manager,Media,397,News Writing,core
506,Public Relations Manager,Media,302,PR and Communications,core
506,Public Relations Manager,Media,406,Public Relations,core
506,Public Relations Manager,Media,401,Broadcast Journalism,secondary
506,Public Relations Manager,Media,398,Editing,secondary
506,Public Relations Manager,Media,400,Photography,secondary
506,Public Relations Manager,Media,405,Social Media Content,secondary
506,Public Relations Manager,Media,399,Video Production,secondary
506,Public Relations Manager,Media,412,Blogging,bonus
506,Public Relations Manager,Media,410,Digital Media,bonus
506,Public Relations Manager,Media,409,Investigative Journalism,bonus
507,Media Planner,Media,499,Attention to Detail,core
507,Media Planner,Media,483,Communication,core
507,Media Planner,Media,411,Content Strategy,core
507,Media Planner,Media,289,Facebook Ads,core
507,Media Planner,Media,288,Google Ads,core
507,Media Planner,Media,304,Performance Marketing,core
507,Media Planner,Media,287,SEM,core
507,Media Planner,Media,401,Broadcast Journalism,secondary
507,Media Planner,Media,398,Editing,secondary
507,Media Planner,Media,400,Photography,secondary
507,Media Planner,Media,405,Social Media Content,secondary
507,Media Planner,Media,399,Video Production,secondary
507,Media Planner,Media,412,Blogging,bonus
507,Media Planner,Media,410,Digital Media,bonus
507,Media Planner,Media,409,Investigative Journalism,bonus
508,Content Strategist,Media,483,Communication,core
508,Content Strategist,Media,291,Content Marketing,core
508,Content Strategist,Media,411,Content Strategy,core
508,Content Strategist,Media,484,Leadership,core
508,Content Strategist,Media,397,News Writing,core
508,Content Strategist,Media,405,Social Media Content,core
508,Content Strategist,Media,296,Social Media Management,core
508,Content Strategist,Media,401,Broadcast Journalism,secondary
508,Content Strategist,Media,398,Editing,secondary
508,Content Strategist,Media,400,Photography,secondary
508,Content Strategist,Media,406,Public Relations,secondary
508,Content Strategist,Media,399,Video Production,secondary
508,Content Strategist,Media,412,Blogging,bonus
508,Content Strategist,Media,410,Digital Media,bonus
508,Content Strategist,Media,409,Investigative Journalism,bonus
509,Blogger,Media,412,Blogging,core
509,Blogger,Media,483,Communication,core
509,Blogger,Media,291,Content Marketing,core
509,Blogger,Media,397,News Writing,core
509,Blogger,Media,492,Presentation Skills,core
509,Blogger,Media,405,Social Media Content,core
509,Blogger,Media,296,Social Media Management,core
509,Blogger,Media,401,Broadcast Journalism,secondary
509,Blogger,Media,398,Editing,secondary
509,Blogger,Media,400,Photography,secondary
509,Blogger,Media,406,Public Relations,secondary
509,Blogger,Media,399,Video Production,secondary
509,Blogger,Media,410,Digital Media,bonus
509,Blogger,Media,409,Investigative Journalism,bonus
509,Blogger,Media,286,SEO,bonus
510,Technical Writer (Media),Media,499,Attention to Detail,core
510,Technical Writer (Media),Media,483,Communication,core
510,Technical Writer (Media),Media,396,Journalism,core
510,Technical Writer (Media),Media,397,News Writing,core
510,Technical Writer (Media),Media,492,Presentation Skills,core
510,Technical Writer (Media),Media,414,Proofreading,core
510,Technical Writer (Media),Media,413,Technical Writing,core
510,Technical Writer (Media),Media,401,Broadcast Journalism,secondary
510,Technical Writer (Media),Media,398,Editing,secondary
510,Technical Writer (Media),Media,400,Photography,secondary
510,Technical Writer (Media),Media,406,Public Relations,secondary
510,Technical Writer (Media),Media,399,Video Production,secondary
510,Technical Writer (Media),Media,412,Blogging,bonus
510,Technical Writer (Media),Media,410,Digital Media,bonus
510,Technical Writer (Media),Media,409,Investigative Journalism,bonus
511,Sports Journalist,Media,461,Athletic Training,core
511,Sports Journalist,Media,483,Communication,core
511,Sports Journalist,Media,408,Fact Checking,core
511,Sports Journalist,Media,407,Interviewing,core
511,Sports Journalist,Media,396,Journalism,core
511,Sports Journalist,Media,397,News Writing,core
511,Sports Journalist,Media,492,Presentation Skills,core
511,Sports Journalist,Media,398,Editing,secondary
511,Sports Journalist,Media,400,Photography,secondary
511,Sports Journalist,Media,406,Public Relations,secondary
511,Sports Journalist,Media,405,Social Media Content,secondary
511,Sports Journalist,Media,399,Video Production,secondary
511,Sports Journalist,Media,412,Blogging,bonus
511,Sports Journalist,Media,410,Digital Media,bonus
511,Sports Journalist,Media,409,Investigative Journalism,bonus
512,Entertainment Journalist,Media,483,Communication,core
512,Entertainment Journalist,Media,408,Fact Checking,core
512,Entertainment Journalist,Media,407,Interviewing,core
512,Entertainment Journalist,Media,396,Journalism,core
512,Entertainment Journalist,Media,397,News Writing,core
512,Entertainment Journalist,Media,492,Presentation Skills,core
512,Entertainment Journalist,Media,296,Social Media Management,core
512,Entertainment Journalist,Media,398,Editing,secondary
512,Entertainment Journalist,Media,400,Photography,secondary
512,Entertainment Journalist,Media,406,Public Relations,secondary
512,Entertainment Journalist,Media,405,Social Media Content,secondary
512,Entertainment Journalist,Media,399,Video Production,secondary
512,Entertainment Journalist,Media,412,Blogging,bonus
512,Entertainment Journalist,Media,410,Digital Media,bonus
512,Entertainment Journalist,Media,409,Investigative Journalism,bonus
513,Political Analyst (Media),Media,483,Communication,core
513,Political Analyst (Media),Media,408,Fact Checking,core
513,Political Analyst (Media),Media,407,Interviewing,core
513,Political Analyst (Media),Media,396,Journalism,core
513,Political Analyst (Media),Media,397,News Writing,core
513,Political Analyst (Media),Media,449,Public Administration,core
513,Political Analyst (Media),Media,496,Research Skills,core
513,Political Analyst (Media),Media,398,Editing,secondary
513,Political Analyst (Media),Media,400,Photography,secondary
513,Political Analyst (Media),Media,406,Public Relations,secondary
513,Political Analyst (Media),Media,405,Social Media Content,secondary
513,Political Analyst (Media),Media,399,Video Production,secondary
513,Political Analyst (Media),Media,412,Blogging,bonus
513,Political Analyst (Media),Media,410,Digital Media,bonus
513,Political Analyst (Media),Media,409,Investigative Journalism,bonus
514,Data Journalist,Media,407,Interviewing,core
514,Data Journalist,Media,396,Journalism,core
514,Data Journalist,Media,397,News Writing,core
514,Data Journalist,Media,127,NumPy,core
514,Data Journalist,Media,126,Pandas,core
514,Data Journalist,Media,1,Python,core
514,Data Journalist,Media,144,Statistics,core
514,Data Journalist,Media,398,Editing,secondary
514,Data Journalist,Media,400,Photography,secondary
514,Data Journalist,Media,406,Public Relations,secondary
514,Data Journalist,Media,405,Social Media Content,secondary
514,Data Journalist,Media,399,Video Production,secondary
514,Data Journalist,Media,410,Digital Media,bonus
514,Data Journalist,Media,409,Investigative Journalism,bonus
514,Data Journalist,Media,133,Tableau,bonus
515,Fact Checker,Media,483,Communication,core
515,Fact Checker,Media,408,Fact Checking,core
515,Fact Checker,Media,407,Interviewing,core
515,Fact Checker,Media,396,Journalism,core
515,Fact Checker,Media,397,News Writing,core
515,Fact Checker,Media,492,Presentation Skills,core
515,Fact Checker,Media,496,Research Skills,core
515,Fact Checker,Media,398,Editing,secondary
515,Fact Checker,Media,400,Photography,secondary
515,Fact Checker,Media,406,Public Relations,secondary
515,Fact Checker,Media,405,Social Media Content,secondary
515,Fact Checker,Media,399,Video Production,secondary
515,Fact Checker,Media,412,Blogging,bonus
515,Fact Checker,Media,410,Digital Media,bonus
515,Fact Checker,Media,409,Investigative Journalism,bonus
516,Foreign Correspondent,Media,483,Communication,core
516,Foreign Correspondent,Media,408,Fact Checking,core
516,Foreign Correspondent,Media,384,International Law,core
516,Foreign Correspondent,Media,407,Interviewing,core
516,Foreign Correspondent,Media,396,Journalism,core
516,Foreign Correspondent,Media,397,News Writing,core
516,Foreign Correspondent,Media,492,Presentation Skills,core
516,Foreign Correspondent,Media,398,Editing,secondary
516,Foreign Correspondent,Media,400,Photography,secondary
516,Foreign Correspondent,Media,406,Public Relations,secondary
516,Foreign Correspondent,Media,405,Social Media Content,secondary
516,Foreign Correspondent,Media,399,Video Production,secondary
516,Foreign Correspondent,Media,412,Blogging,bonus
516,Foreign Correspondent,Media,410,Digital Media,bonus
516,Foreign Correspondent,Media,409,Investigative Journalism,bonus
517,Media Producer,Media,415,Adobe Premiere,core
517,Media Producer,Media,401,Broadcast Journalism,core
517,Media Producer,Media,404,Documentary Making,core
517,Media Producer,Media,396,Journalism,core
517,Media Producer,Media,484,Leadership,core
517,Media Producer,Media,365,Project Management,core
517,Media Producer,Media,399,Video Production,core
517,Media Producer,Media,398,Editing,secondary
517,Media Producer,Media,400,Photography,secondary
517,Media Producer,Media,406,Public Relations,secondary
517,Media Producer,Media,405,Social Media Content,secondary
517,Media Producer,Media,412,Blogging,bonus
517,Media Producer,Media,410,Digital Media,bonus
517,Media Producer,Media,409,Investigative Journalism,bonus
518,Cinematographer,Media,415,Adobe Premiere,core
518,Cinematographer,Media,196,Color Theory,core
518,Cinematographer,Media,498,Creativity,core
518,Cinematographer,Media,396,Journalism,core
518,Cinematographer,Media,400,Photography,core
518,Cinematographer,Media,180,Premiere Pro,core
518,Cinematographer,Media,399,Video Production,core
518,Cinematographer,Media,401,Broadcast Journalism,secondary
518,Cinematographer,Media,398,Editing,secondary
518,Cinematographer,Media,409,Investigative Journalism,secondary
518,Cinematographer,Media,406,Public Relations,secondary
518,Cinematographer,Media,405,Social Media Content,secondary
518,Cinematographer,Media,412,Blogging,bonus
518,Cinematographer,Media,187,DaVinci Resolve,bonus
518,Cinematographer,Media,410,Digital Media,bonus
519,Radio Jockey,Media,483,Communication,core
519,Radio Jockey,Media,301,Copywriting,core
519,Radio Jockey,Media,396,Journalism,core
519,Radio Jockey,Media,403,Podcasting,core
519,Radio Jockey,Media,492,Presentation Skills,core
519,Radio Jockey,Media,405,Social Media Content,core
519,Radio Jockey,Media,416,Studio Recording,core
519,Radio Jockey,Media,401,Broadcast Journalism,secondary
519,Radio Jockey,Media,398,Editing,secondary
519,Radio Jockey,Media,400,Photography,secondary
519,Radio Jockey,Media,406,Public Relations,secondary
519,Radio Jockey,Media,399,Video Production,secondary
519,Radio Jockey,Media,412,Blogging,bonus
519,Radio Jockey,Media,410,Digital Media,bonus
519,Radio Jockey,Media,409,Investigative Journalism,bonus
520,TV Producer,Media,415,Adobe Premiere,core
520,TV Producer,Media,401,Broadcast Journalism,core
520,TV Producer,Media,404,Documentary Making,core
520,TV Producer,Media,396,Journalism,core
520,TV Producer,Media,484,Leadership,core
520,TV Producer,Media,365,Project Management,core
520,TV Producer,Media,399,Video Production,core
520,TV Producer,Media,398,Editing,secondary
520,TV Producer,Media,400,Photography,secondary
520,TV Producer,Media,406,Public Relations,secondary
520,TV Producer,Media,405,Social Media Content,secondary
520,TV Producer,Media,412,Blogging,bonus
520,TV Producer,Media,410,Digital Media,bonus
520,TV Producer,Media,409,Investigative Journalism,bonus
521,Media Sales Executive,Media,483,Communication,core
521,Media Sales Executive,Media,291,Content Marketing,core
521,Media Sales Executive,Media,289,Facebook Ads,core
521,Media Sales Executive,Media,288,Google Ads,core
521,Media Sales Executive,Media,491,Negotiation,core
521,Media Sales Executive,Media,406,Public Relations,core
521,Media Sales Executive,Media,294,Salesforce,core
521,Media Sales Executive,Media,292,Email Marketing,secondary
521,Media Sales Executive,Media,293,HubSpot,secondary
521,Media Sales Executive,Media,290,Instagram Marketing,secondary
521,Media Sales Executive,Media,287,SEM,secondary
521,Media Sales Executive,Media,286,SEO,secondary
521,Media Sales Executive,Media,297,Influencer Marketing,bonus
521,Media Sales Executive,Media,295,Mailchimp,bonus
521,Media Sales Executive,Media,296,Social Media Management,bonus
522,Advertising Copywriter,Media,483,Communication,core
522,Advertising Copywriter,Media,291,Content Marketing,core
522,Advertising Copywriter,Media,301,Copywriting,core
522,Advertising Copywriter,Media,498,Creativity,core
522,Advertising Copywriter,Media,397,News Writing,core
522,Advertising Copywriter,Media,492,Presentation Skills,core
522,Advertising Copywriter,Media,286,SEO,core
522,Advertising Copywriter,Media,292,Email Marketing,secondary
522,Advertising Copywriter,Media,289,Facebook Ads,secondary
522,Advertising Copywriter,Media,288,Google Ads,secondary
522,Advertising Copywriter,Media,290,Instagram Marketing,secondary
522,Advertising Copywriter,Media,287,SEM,secondary
522,Advertising Copywriter,Media,293,HubSpot,bonus
522,Advertising Copywriter,Media,294,Salesforce,bonus
522,Advertising Copywriter,Media,296,Social Media Management,bonus
523,Content Moderator,Media,499,Attention to Detail,core
523,Content Moderator,Media,483,Communication,core
523,Content Moderator,Media,291,Content Marketing,core
523,Content Moderator,Media,408,Fact Checking,core
523,Content Moderator,Media,397,News Writing,core
523,Content Moderator,Media,405,Social Media Content,core
523,Content Moderator,Media,296,Social Media Management,core
523,Content Moderator,Media,289,Facebook Ads,secondary
523,Content Moderator,Media,288,Google Ads,secondary
523,Content Moderator,Media,290,Instagram Marketing,secondary
523,Content Moderator,Media,287,SEM,secondary
523,Content Moderator,Media,286,SEO,secondary
523,Content Moderator,Media,292,Email Marketing,bonus
523,Content Moderator,Media,293,HubSpot,bonus
524,Media Researcher,Media,483,Communication,core
524,Media Researcher,Media,408,Fact Checking,core
524,Media Researcher,Media,407,Interviewing,core
524,Media Researcher,Media,396,Journalism,core
524,Media Researcher,Media,397,News Writing,core
524,Media Researcher,Media,496,Research Skills,core
524,Media Researcher,Media,401,Broadcast Journalism,secondary
524,Media Researcher,Media,398,Editing,secondary
524,Media Researcher,Media,400,Photography,secondary
524,Media Researcher,Media,406,Public Relations,secondary
524,Media Researcher,Media,399,Video Production,secondary
524,Media Researcher,Media,412,Blogging,bonus
524,Media Researcher,Media,410,Digital Media,bonus
524,Media Researcher,Media,409,Investigative Journalism,bonus
525,Video Producer,Media,415,Adobe Premiere,core
525,Video Producer,Media,404,Documentary Making,core
525,Video Producer,Media,396,Journalism,core
525,Video Producer,Media,484,Leadership,core
525,Video Producer,Media,180,Premiere Pro,core
525,Video Producer,Media,365,Project Management,core
525,Video Producer,Media,399,Video Production,core
525,Video Producer,Media,401,Broadcast Journalism,secondary
525,Video Producer,Media,398,Editing,secondary
525,Video Producer,Media,400,Photography,secondary
525,Video Producer,Media,406,Public Relations,secondary
525,Video Producer,Media,405,Social Media Content,secondary
525,Video Producer,Media,412,Blogging,bonus
525,Video Producer,Media,410,Digital Media,bonus
525,Video Producer,Media,409,Investigative Journalism,bonus
526,Hotel Manager,Hospitality,424,Customer Service,core
526,Hotel Manager,Hospitality,419,Food and Beverage,core
526,Hotel Manager,Hospitality,418,Front Office Operations,core
526,Hotel Manager,Hospitality,417,Hotel Management,core
526,Hotel Manager,Hospitality,420,Housekeeping,core
526,Hotel Manager,Hospitality,484,Leadership,core
526,Hotel Manager,Hospitality,425,Revenue Management,core
526,Hotel Manager,Hospitality,427,Culinary Arts,secondary
526,Hotel Manager,Hospitality,421,Event Planning,secondary
526,Hotel Manager,Hospitality,426,Property Management System,secondary
526,Hotel Manager,Hospitality,422,Tourism Management,secondary
526,Hotel Manager,Hospitality,423,Travel Planning,secondary
526,Hotel Manager,Hospitality,428,Bartending,bonus
526,Hotel Manager,Hospitality,429,Catering Management,bonus
526,Hotel Manager,Hospitality,430,Tour Operations,bonus
527,Front Office Manager,Hospitality,483,Communication,core
527,Front Office Manager,Hospitality,424,Customer Service,core
527,Front Office Manager,Hospitality,418,Front Office Operations,core
527,Front Office Manager,Hospitality,417,Hotel Management,core
527,Front Office Manager,Hospitality,426,Property Management System,core
527,Front Office Manager,Hospitality,425,Revenue Management,core
527,Front Office Manager,Hospitality,488,Time Management,core
527,Front Office Manager,Hospitality,421,Event Planning,secondary
527,Front Office Manager,Hospitality,419,Food and Beverage,secondary
527,Front Office Manager,Hospitality,420,Housekeeping,secondary
527,Front Office Manager,Hospitality,422,Tourism Management,secondary
527,Front Office Manager,Hospitality,423,Travel Planning,secondary
527,Front Office Manager,Hospitality,428,Bartending,bonus
527,Front Office Manager,Hospitality,429,Catering Management,bonus
527,Front Office Manager,Hospitality,427,Culinary Arts,bonus
528,Food and Beverage Manager,Hospitality,429,Catering Management,core
528,Food and Beverage Manager,Hospitality,427,Culinary Arts,core
528,Food and Beverage Manager,Hospitality,424,Customer Service,core
528,Food and Beverage Manager,Hospitality,419,Food and Beverage,core
528,Food and Beverage Manager,Hospitality,417,Hotel Management,core
528,Food and Beverage Manager,Hospitality,484,Leadership,core
528,Food and Beverage Manager,Hospitality,425,Revenue Management,core
528,Food and Beverage Manager,Hospitality,421,Event Planning,secondary
528,Food and Beverage Manager,Hospitality,418,Front Office Operations,secondary
528,Food and Beverage Manager,Hospitality,420,Housekeeping,secondary
528,Food and Beverage Manager,Hospitality,422,Tourism Management,secondary
528,Food and Beverage Manager,Hospitality,423,Travel Planning,secondary
528,Food and Beverage Manager,Hospitality,428,Bartending,bonus
528,Food and Beverage Manager,Hospitality,426,Property Management System,bonus
528,Food and Beverage Manager,Hospitality,430,Tour Operations,bonus
529,Executive Chef,Hospitality,499,Attention to Detail,core
529,Executive Chef,Hospitality,429,Catering Management,core
529,Executive Chef,Hospitality,427,Culinary Arts,core
529,Executive Chef,Hospitality,424,Customer Service,core
529,Executive Chef,Hospitality,419,Food and Beverage,core
529,Executive Chef,Hospitality,417,Hotel Management,core
529,Executive Chef,Hospitality,484,Leadership,core
529,Executive Chef,Hospitality,421,Event Planning,secondary
529,Executive Chef,Hospitality,418,Front Office Operations,secondary
529,Executive Chef,Hospitality,420,Housekeeping,secondary
529,Executive Chef,Hospitality,422,Tourism Management,secondary
529,Executive Chef,Hospitality,423,Travel Planning,secondary
529,Executive Chef,Hospitality,428,Bartending,bonus
529,Executive Chef,Hospitality,426,Property Management System,bonus
529,Executive Chef,Hospitality,430,Tour Operations,bonus
530,Sous Chef,Hospitality,499,Attention to Detail,core
530,Sous Chef,Hospitality,429,Catering Management,core
530,Sous Chef,Hospitality,427,Culinary Arts,core
530,Sous Chef,Hospitality,424,Customer Service,core
530,Sous Chef,Hospitality,419,Food and Beverage,core
530,Sous Chef,Hospitality,417,Hotel Management,core
530,Sous Chef,Hospitality,488,Time Management,core
530,Sous Chef,Hospitality,421,Event Planning,secondary
530,Sous Chef,Hospitality,418,Front Office Operations,secondary
530,Sous Chef,Hospitality,420,Housekeeping,secondary
530,Sous Chef,Hospitality,422,Tourism Management,secondary
530,Sous Chef,Hospitality,423,Travel Planning,secondary
530,Sous Chef,Hospitality,428,Bartending,bonus
530,Sous Chef,Hospitality,426,Property Management System,bonus
530,Sous Chef,Hospitality,430,Tour Operations,bonus
531,Pastry Chef,Hospitality,499,Attention to Detail,core
531,Pastry Chef,Hospitality,429,Catering Management,core
531,Pastry Chef,Hospitality,498,Creativity,core
531,Pastry Chef,Hospitality,427,Culinary Arts,core
531,Pastry Chef,Hospitality,424,Customer Service,core
531,Pastry Chef,Hospitality,419,Food and Beverage,core
531,Pastry Chef,Hospitality,417,Hotel Management,core
531,Pastry Chef,Hospitality,421,Event Planning,secondary
531,Pastry Chef,Hospitality,418,Front Office Operations,secondary
531,Pastry Chef,Hospitality,420,Housekeeping,secondary
531,Pastry Chef,Hospitality,422,Tourism Management,secondary
531,Pastry Chef,Hospitality,423,Travel Planning,secondary
531,Pastry Chef,Hospitality,428,Bartending,bonus
531,Pastry Chef,Hospitality,426,Property Management System,bonus
531,Pastry Chef,Hospitality,430,Tour Operations,bonus
532,Bartender,Hospitality,499,Attention to Detail,core
532,Bartender,Hospitality,428,Bartending,core
532,Bartender,Hospitality,483,Communication,core
532,Bartender,Hospitality,424,Customer Service,core
532,Bartender,Hospitality,419,Food and Beverage,core
532,Bartender,Hospitality,417,Hotel Management,core
532,Bartender,Hospitality,488,Time Management,core
532,Bartender,Hospitality,421,Event Planning,secondary
532,Bartender,Hospitality,418,Front Office Operations,secondary
532,Bartender,Hospitality,420,Housekeeping,secondary
532,Bartender,Hospitality,422,Tourism Management,secondary
532,Bartender,Hospitality,423,Travel Planning,secondary
532,Bartender,Hospitality,427,Culinary Arts,bonus
532,Bartender,Hospitality,426,Property Management System,bonus
532,Bartender,Hospitality,430,Tour Operations,bonus
533,Sommelier,Hospitality,499,Attention to Detail,core
533,Sommelier,Hospitality,428,Bartending,core
533,Sommelier,Hospitality,483,Communication,core
533,Sommelier,Hospitality,424,Customer Service,core
533,Sommelier,Hospitality,419,Food and Beverage,core
533,Sommelier,Hospitality,417,Hotel Management,core
533,Sommelier,Hospitality,492,Presentation Skills,core
533,Sommelier,Hospitality,421,Event Planning,secondary
533,Sommelier,Hospitality,418,Front Office Operations,secondary
533,Sommelier,Hospitality,420,Housekeeping,secondary
533,Sommelier,Hospitality,422,Tourism Management,secondary
533,Sommelier,Hospitality,423,Travel Planning,secondary
533,Sommelier,Hospitality,427,Culinary Arts,bonus
533,Sommelier,Hospitality,426,Property Management System,bonus
533,Sommelier,Hospitality,430,Tour Operations,bonus
534,Housekeeping Manager,Hospitality,499,Attention to Detail,core
534,Housekeeping Manager,Hospitality,424,Customer Service,core
534,Housekeeping Manager,Hospitality,418,Front Office Operations,core
534,Housekeeping Manager,Hospitality,417,Hotel Management,core
534,Housekeeping Manager,Hospitality,420,Housekeeping,core
534,Housekeeping Manager,Hospitality,484,Leadership,core
534,Housekeeping Manager,Hospitality,488,Time Management,core
534,Housekeeping Manager,Hospitality,427,Culinary Arts,secondary
534,Housekeeping Manager,Hospitality,421,Event Planning,secondary
534,Housekeeping Manager,Hospitality,419,Food and Beverage,secondary
534,Housekeeping Manager,Hospitality,422,Tourism Management,secondary
534,Housekeeping Manager,Hospitality,423,Travel Planning,secondary
534,Housekeeping Manager,Hospitality,428,Bartending,bonus
534,Housekeeping Manager,Hospitality,426,Property Management System,bonus
534,Housekeeping Manager,Hospitality,430,Tour Operations,bonus
535,Event Coordinator,Hospitality,483,Communication,core
535,Event Coordinator,Hospitality,424,Customer Service,core
535,Event Coordinator,Hospitality,303,Event Marketing,core
535,Event Coordinator,Hospitality,421,Event Planning,core
535,Event Coordinator,Hospitality,417,Hotel Management,core
535,Event Coordinator,Hospitality,365,Project Management,core
535,Event Coordinator,Hospitality,488,Time Management,core
535,Event Coordinator,Hospitality,419,Food and Beverage,secondary
535,Event Coordinator,Hospitality,418,Front Office Operations,secondary
535,Event Coordinator,Hospitality,420,Housekeeping,secondary
535,Event Coordinator,Hospitality,422,Tourism Management,secondary
535,Event Coordinator,Hospitality,423,Travel Planning,secondary
535,Event Coordinator,Hospitality,427,Culinary Arts,bonus
535,Event Coordinator,Hospitality,426,Property Management System,bonus
535,Event Coordinator,Hospitality,430,Tour Operations,bonus
536,Wedding Planner,Hospitality,483,Communication,core
536,Wedding Planner,Hospitality,424,Customer Service,core
536,Wedding Planner,Hospitality,303,Event Marketing,core
536,Wedding Planner,Hospitality,421,Event Planning,core
536,Wedding Planner,Hospitality,417,Hotel Management,core
536,Wedding Planner,Hospitality,365,Project Management,core
536,Wedding Planner,Hospitality,488,Time Management,core
536,Wedding Planner,Hospitality,419,Food and Beverage,secondary
536,Wedding Planner,Hospitality,418,Front Office Operations,secondary
536,Wedding Planner,Hospitality,420,Housekeeping,secondary
536,Wedding Planner,Hospitality,422,Tourism Management,secondary
536,Wedding Planner,Hospitality,423,Travel Planning,secondary
536,Wedding Planner,Hospitality,427,Culinary Arts,bonus
536,Wedding Planner,Hospitality,426,Property Management System,bonus
536,Wedding Planner,Hospitality,430,Tour Operations,bonus
537,Travel Agent,Hospitality,483,Communication,core
537,Travel Agent,Hospitality,424,Customer Service,core
537,Travel Agent,Hospitality,417,Hotel Management,core
537,Travel Agent,Hospitality,491,Negotiation,core
537,Travel Agent,Hospitality,430,Tour Operations,core
537,Travel Agent,Hospitality,422,Tourism Management,core
537,Travel Agent,Hospitality,423,Travel Planning,core
537,Travel Agent,Hospitality,421,Event Planning,secondary
537,Travel Agent,Hospitality,419,Food and Beverage,secondary
537,Travel Agent,Hospitality,418,Front Office Operations,secondary
537,Travel Agent,Hospitality,420,Housekeeping,secondary
537,Travel Agent,Hospitality,432,Cruise Management,bonus
537,Travel Agent,Hospitality,427,Culinary Arts,bonus
537,Travel Agent,Hospitality,426,Property Management System,bonus
538,Tour Guide,Hospitality,483,Communication,core
538,Tour Guide,Hospitality,424,Customer Service,core
538,Tour Guide,Hospitality,417,Hotel Management,core
538,Tour Guide,Hospitality,492,Presentation Skills,core
538,Tour Guide,Hospitality,430,Tour Operations,core
538,Tour Guide,Hospitality,422,Tourism Management,core
538,Tour Guide,Hospitality,423,Travel Planning,core
538,Tour Guide,Hospitality,421,Event Planning,secondary
538,Tour Guide,Hospitality,419,Food and Beverage,secondary
538,Tour Guide,Hospitality,418,Front Office Operations,secondary
538,Tour Guide,Hospitality,420,Housekeeping,secondary
538,Tour Guide,Hospitality,432,Cruise Management,bonus
538,Tour Guide,Hospitality,427,Culinary Arts,bonus
538,Tour Guide,Hospitality,426,Property Management System,bonus
539,Tourism Manager,Hospitality,424,Customer Service,core
539,Tourism Manager,Hospitality,417,Hotel Management,core
539,Tourism Manager,Hospitality,484,Leadership,core
539,Tourism Manager,Hospitality,373,Strategic Planning,core
539,Tourism Manager,Hospitality,430,Tour Operations,core
539,Tourism Manager,Hospitality,422,Tourism Management,core
539,Tourism Manager,Hospitality,423,Travel Planning,core
539,Tourism Manager,Hospitality,421,Event Planning,secondary
539,Tourism Manager,Hospitality,419,Food and Beverage,secondary
539,Tourism Manager,Hospitality,418,Front Office Operations,secondary
539,Tourism Manager,Hospitality,420,Housekeeping,secondary
539,Tourism Manager,Hospitality,432,Cruise Management,bonus
539,Tourism Manager,Hospitality,427,Culinary Arts,bonus
539,Tourism Manager,Hospitality,426,Property Management System,bonus
540,Resort Manager,Hospitality,424,Customer Service,core
540,Resort Manager,Hospitality,419,Food and Beverage,core
540,Resort Manager,Hospitality,418,Front Office Operations,core
540,Resort Manager,Hospitality,417,Hotel Management,core
540,Resort Manager,Hospitality,420,Housekeeping,core
540,Resort Manager,Hospitality,484,Leadership,core
540,Resort Manager,Hospitality,425,Revenue Management,core
540,Resort Manager,Hospitality,427,Culinary Arts,secondary
540,Resort Manager,Hospitality,421,Event Planning,secondary
540,Resort Manager,Hospitality,426,Property Management System,secondary
540,Resort Manager,Hospitality,422,Tourism Management,secondary
540,Resort Manager,Hospitality,423,Travel Planning,secondary
540,Resort Manager,Hospitality,428,Bartending,bonus
540,Resort Manager,Hospitality,429,Catering Management,bonus
540,Resort Manager,Hospitality,430,Tour Operations,bonus
541,Revenue Manager (Hotel),Hospitality,499,Attention to Detail,core
541,Revenue Manager (Hotel),Hospitality,424,Customer Service,core
541,Revenue Manager (Hotel),Hospitality,199,Financial Modeling,core
541,Revenue Manager (Hotel),Hospitality,418,Front Office Operations,core
541,Revenue Manager (Hotel),Hospitality,417,Hotel Management,core
541,Revenue Manager (Hotel),Hospitality,484,Leadership,core
541,Revenue Manager (Hotel),Hospitality,425,Revenue Management,core
541,Revenue Manager (Hotel),Hospitality,427,Culinary Arts,secondary
541,Revenue Manager (Hotel),Hospitality,421,Event Planning,secondary
541,Revenue Manager (Hotel),Hospitality,426,Property Management System,secondary
541,Revenue Manager (Hotel),Hospitality,422,Tourism Management,secondary
541,Revenue Manager (Hotel),Hospitality,423,Travel Planning,secondary
541,Revenue Manager (Hotel),Hospitality,428,Bartending,bonus
541,Revenue Manager (Hotel),Hospitality,429,Catering Management,bonus
541,Revenue Manager (Hotel),Hospitality,430,Tour Operations,bonus
542,Guest Relations Manager,Hospitality,483,Communication,core
542,Guest Relations Manager,Hospitality,424,Customer Service,core
542,Guest Relations Manager,Hospitality,418,Front Office Operations,core
542,Guest Relations Manager,Hospitality,417,Hotel Management,core
542,Guest Relations Manager,Hospitality,484,Leadership,core
542,Guest Relations Manager,Hospitality,491,Negotiation,core
542,Guest Relations Manager,Hospitality,425,Revenue Management,core
542,Guest Relations Manager,Hospitality,421,Event Planning,secondary
542,Guest Relations Manager,Hospitality,419,Food and Beverage,secondary
542,Guest Relations Manager,Hospitality,420,Housekeeping,secondary
542,Guest Relations Manager,Hospitality,422,Tourism Management,secondary
542,Guest Relations Manager,Hospitality,423,Travel Planning,secondary
542,Guest Relations Manager,Hospitality,427,Culinary Arts,bonus
542,Guest Relations Manager,Hospitality,426,Property Management System,bonus
542,Guest Relations Manager,Hospitality,430,Tour Operations,bonus
543,Airline Cabin Crew,Hospitality,431,Airline Operations,core
543,Airline Cabin Crew,Hospitality,499,Attention to Detail,core
543,Airline Cabin Crew,Hospitality,483,Communication,core
543,Airline Cabin Crew,Hospitality,424,Customer Service,core
543,Airline Cabin Crew,Hospitality,417,Hotel Management,core
543,Airline Cabin Crew,Hospitality,485,Teamwork,core
543,Airline Cabin Crew,Hospitality,488,Time Management,core
543,Airline Cabin Crew,Hospitality,421,Event Planning,secondary
543,Airline Cabin Crew,Hospitality,419,Food and Beverage,secondary
543,Airline Cabin Crew,Hospitality,420,Housekeeping,secondary
543,Airline Cabin Crew,Hospitality,422,Tourism Management,secondary
543,Airline Cabin Crew,Hospitality,423,Travel Planning,secondary
543,Airline Cabin Crew,Hospitality,427,Culinary Arts,bonus
543,Airline Cabin Crew,Hospitality,426,Property Management System,bonus
543,Airline Cabin Crew,Hospitality,430,Tour Operations,bonus
544,Airport Operations Manager,Hospitality,431,Airline Operations,core
544,Airport Operations Manager,Hospitality,499,Attention to Detail,core
544,Airport Operations Manager,Hospitality,424,Customer Service,core
544,Airport Operations Manager,Hospitality,417,Hotel Management,core
544,Airport Operations Manager,Hospitality,484,Leadership,core
544,Airport Operations Manager,Hospitality,365,Project Management,core
544,Airport Operations Manager,Hospitality,373,Strategic Planning,core
544,Airport Operations Manager,Hospitality,421,Event Planning,secondary
544,Airport Operations Manager,Hospitality,419,Food and Beverage,secondary
544,Airport Operations Manager,Hospitality,420,Housekeeping,secondary
544,Airport Operations Manager,Hospitality,422,Tourism Management,secondary
544,Airport Operations Manager,Hospitality,423,Travel Planning,secondary
544,Airport Operations Manager,Hospitality,427,Culinary Arts,bonus
544,Airport Operations Manager,Hospitality,426,Property Management System,bonus
544,Airport Operations Manager,Hospitality,430,Tour Operations,bonus
545,Cruise Manager,Hospitality,432,Cruise Management,core
545,Cruise Manager,Hospitality,424,Customer Service,core
545,Cruise Manager,Hospitality,419,Food and Beverage,core
545,Cruise Manager,Hospitality,418,Front Office Operations,core
545,Cruise Manager,Hospitality,417,Hotel Management,core
545,Cruise Manager,Hospitality,484,Leadership,core
545,Cruise Manager,Hospitality,373,Strategic Planning,core
545,Cruise Manager,Hospitality,421,Event Planning,secondary
545,Cruise Manager,Hospitality,420,Housekeeping,secondary
545,Cruise Manager,Hospitality,422,Tourism Management,secondary
545,Cruise Manager,Hospitality,423,Travel Planning,secondary
545,Cruise Manager,Hospitality,427,Culinary Arts,bonus
545,Cruise Manager,Hospitality,426,Property Management System,bonus
545,Cruise Manager,Hospitality,430,Tour Operations,bonus
546,Catering Manager,Hospitality,499,Attention to Detail,core
546,Catering Manager,Hospitality,429,Catering Management,core
546,Catering Manager,Hospitality,427,Culinary Arts,core
546,Catering Manager,Hospitality,424,Customer Service,core
546,Catering Manager,Hospitality,419,Food and Beverage,core
546,Catering Manager,Hospitality,417,Hotel Management,core
546,Catering Manager,Hospitality,484,Leadership,core
546,Catering Manager,Hospitality,421,Event Planning,secondary
546,Catering Manager,Hospitality,418,Front Office Operations,secondary
546,Catering Manager,Hospitality,420,Housekeeping,secondary
546,Catering Manager,Hospitality,422,Tourism Management,secondary
546,Catering Manager,Hospitality,423,Travel Planning,secondary
546,Catering Manager,Hospitality,428,Bartending,bonus
546,Catering Manager,Hospitality,426,Property Management System,bonus
546,Catering Manager,Hospitality,430,Tour Operations,bonus
547,Hotel Sales Manager,Hospitality,424,Customer Service,core
547,Hotel Sales Manager,Hospitality,418,Front Office Operations,core
547,Hotel Sales Manager,Hospitality,417,Hotel Management,core
547,Hotel Sales Manager,Hospitality,484,Leadership,core
547,Hotel Sales Manager,Hospitality,491,Negotiation,core
547,Hotel Sales Manager,Hospitality,425,Revenue Management,core
547,Hotel Sales Manager,Hospitality,294,Salesforce,core
547,Hotel Sales Manager,Hospitality,421,Event Planning,secondary
547,Hotel Sales Manager,Hospitality,419,Food and Beverage,secondary
547,Hotel Sales Manager,Hospitality,420,Housekeeping,secondary
547,Hotel Sales Manager,Hospitality,422,Tourism Management,secondary
547,Hotel Sales Manager,Hospitality,423,Travel Planning,secondary
547,Hotel Sales Manager,Hospitality,427,Culinary Arts,bonus
547,Hotel Sales Manager,Hospitality,426,Property Management System,bonus
547,Hotel Sales Manager,Hospitality,430,Tour Operations,bonus
548,Spa Manager,Hospitality,499,Attention to Detail,core
548,Spa Manager,Hospitality,424,Customer Service,core
548,Spa Manager,Hospitality,419,Food and Beverage,core
548,Spa Manager,Hospitality,418,Front Office Operations,core
548,Spa Manager,Hospitality,417,Hotel Management,core
548,Spa Manager,Hospitality,420,Housekeeping,core
548,Spa Manager,Hospitality,484,Leadership,core
548,Spa Manager,Hospitality,421,Event Planning,secondary
548,Spa Manager,Hospitality,422,Tourism Management,secondary
548,Spa Manager,Hospitality,423,Travel Planning,secondary
548,Spa Manager,Hospitality,427,Culinary Arts,bonus
548,Spa Manager,Hospitality,426,Property Management System,bonus
548,Spa Manager,Hospitality,430,Tour Operations,bonus
549,Concierge,Hospitality,483,Communication,core
549,Concierge,Hospitality,424,Customer Service,core
549,Concierge,Hospitality,418,Front Office Operations,core
549,Concierge,Hospitality,417,Hotel Management,core
549,Concierge,Hospitality,492,Presentation Skills,core
549,Concierge,Hospitality,488,Time Management,core
549,Concierge,Hospitality,430,Tour Operations,core
549,Concierge,Hospitality,421,Event Planning,secondary
549,Concierge,Hospitality,419,Food and Beverage,secondary
549,Concierge,Hospitality,420,Housekeeping,secondary
549,Concierge,Hospitality,422,Tourism Management,secondary
549,Concierge,Hospitality,423,Travel Planning,secondary
549,Concierge,Hospitality,432,Cruise Management,bonus
549,Concierge,Hospitality,427,Culinary Arts,bonus
549,Concierge,Hospitality,426,Property Management System,bonus
550,Night Auditor,Hospitality,499,Attention to Detail,core
550,Night Auditor,Hospitality,212,Auditing,core
550,Night Auditor,Hospitality,424,Customer Service,core
550,Night Auditor,Hospitality,418,Front Office Operations,core
550,Night Auditor,Hospitality,210,GAAP,core
550,Night Auditor,Hospitality,417,Hotel Management,core
550,Night Auditor,Hospitality,425,Revenue Management,core
550,Night Auditor,Hospitality,421,Event Planning,secondary
550,Night Auditor,Hospitality,419,Food and Beverage,secondary
550,Night Auditor,Hospitality,420,Housekeeping,secondary
550,Night Auditor,Hospitality,422,Tourism Management,secondary
550,Night Auditor,Hospitality,423,Travel Planning,secondary
550,Night Auditor,Hospitality,427,Culinary Arts,bonus
550,Night Auditor,Hospitality,426,Property Management System,bonus
550,Night Auditor,Hospitality,430,Tour Operations,bonus
551,Food Safety Inspector,Hospitality,499,Attention to Detail,core
551,Food Safety Inspector,Hospitality,427,Culinary Arts,core
551,Food Safety Inspector,Hospitality,424,Customer Service,core
551,Food Safety Inspector,Hospitality,246,Epidemiology,core
551,Food Safety Inspector,Hospitality,419,Food and Beverage,core
551,Food Safety Inspector,Hospitality,417,Hotel Management,core
551,Food Safety Inspector,Hospitality,337,Quality Control,core
551,Food Safety Inspector,Hospitality,421,Event Planning,secondary
551,Food Safety Inspector,Hospitality,418,Front Office Operations,secondary
551,Food Safety Inspector,Hospitality,420,Housekeeping,secondary
551,Food Safety Inspector,Hospitality,422,Tourism Management,secondary
551,Food Safety Inspector,Hospitality,423,Travel Planning,secondary
551,Food Safety Inspector,Hospitality,428,Bartending,bonus
551,Food Safety Inspector,Hospitality,426,Property Management System,bonus
551,Food Safety Inspector,Hospitality,430,Tour Operations,bonus
552,Ecotourism Specialist,Hospitality,483,Communication,core
552,Ecotourism Specialist,Hospitality,440,Environmental Impact Assessment,core
552,Ecotourism Specialist,Hospitality,417,Hotel Management,core
552,Ecotourism Specialist,Hospitality,430,Tour Operations,core
552,Ecotourism Specialist,Hospitality,422,Tourism Management,core
552,Ecotourism Specialist,Hospitality,423,Travel Planning,core
552,Ecotourism Specialist,Hospitality,444,Wildlife Management,core
552,Ecotourism Specialist,Hospitality,421,Event Planning,secondary
552,Ecotourism Specialist,Hospitality,419,Food and Beverage,secondary
552,Ecotourism Specialist,Hospitality,418,Front Office Operations,secondary
552,Ecotourism Specialist,Hospitality,420,Housekeeping,secondary
552,Ecotourism Specialist,Hospitality,432,Cruise Management,bonus
552,Ecotourism Specialist,Hospitality,427,Culinary Arts,bonus
552,Ecotourism Specialist,Hospitality,426,Property Management System,bonus
553,MICE Coordinator,Hospitality,483,Communication,core
553,MICE Coordinator,Hospitality,424,Customer Service,core
553,MICE Coordinator,Hospitality,303,Event Marketing,core
553,MICE Coordinator,Hospitality,421,Event Planning,core
553,MICE Coordinator,Hospitality,417,Hotel Management,core
553,MICE Coordinator,Hospitality,365,Project Management,core
553,MICE Coordinator,Hospitality,488,Time Management,core
553,MICE Coordinator,Hospitality,419,Food and Beverage,secondary
553,MICE Coordinator,Hospitality,418,Front Office Operations,secondary
553,MICE Coordinator,Hospitality,420,Housekeeping,secondary
553,MICE Coordinator,Hospitality,422,Tourism Management,secondary
553,MICE Coordinator,Hospitality,423,Travel Planning,secondary
553,MICE Coordinator,Hospitality,427,Culinary Arts,bonus
553,MICE Coordinator,Hospitality,426,Property Management System,bonus
553,MICE Coordinator,Hospitality,430,Tour Operations,bonus
554,Hotel Receptionist,Hospitality,499,Attention to Detail,core
554,Hotel Receptionist,Hospitality,483,Communication,core
554,Hotel Receptionist,Hospitality,424,Customer Service,core
554,Hotel Receptionist,Hospitality,418,Front Office Operations,core
554,Hotel Receptionist,Hospitality,417,Hotel Management,core
554,Hotel Receptionist,Hospitality,485,Teamwork,core
554,Hotel Receptionist,Hospitality,488,Time Management,core
554,Hotel Receptionist,Hospitality,421,Event Planning,secondary
554,Hotel Receptionist,Hospitality,419,Food and Beverage,secondary
554,Hotel Receptionist,Hospitality,420,Housekeeping,secondary
554,Hotel Receptionist,Hospitality,422,Tourism Management,secondary
554,Hotel Receptionist,Hospitality,423,Travel Planning,secondary
554,Hotel Receptionist,Hospitality,427,Culinary Arts,bonus
554,Hotel Receptionist,Hospitality,426,Property Management System,bonus
554,Hotel Receptionist,Hospitality,430,Tour Operations,bonus
555,Reservations Manager,Hospitality,499,Attention to Detail,core
555,Reservations Manager,Hospitality,424,Customer Service,core
555,Reservations Manager,Hospitality,418,Front Office Operations,core
555,Reservations Manager,Hospitality,417,Hotel Management,core
555,Reservations Manager,Hospitality,484,Leadership,core
555,Reservations Manager,Hospitality,426,Property Management System,core
555,Reservations Manager,Hospitality,425,Revenue Management,core
555,Reservations Manager,Hospitality,421,Event Planning,secondary
555,Reservations Manager,Hospitality,419,Food and Beverage,secondary
555,Reservations Manager,Hospitality,420,Housekeeping,secondary
555,Reservations Manager,Hospitality,422,Tourism Management,secondary
555,Reservations Manager,Hospitality,423,Travel Planning,secondary
555,Reservations Manager,Hospitality,427,Culinary Arts,bonus
555,Reservations Manager,Hospitality,430,Tour Operations,bonus
556,Backpacking Tour Operator,Hospitality,483,Communication,core
556,Backpacking Tour Operator,Hospitality,424,Customer Service,core
556,Backpacking Tour Operator,Hospitality,417,Hotel Management,core
556,Backpacking Tour Operator,Hospitality,492,Presentation Skills,core
556,Backpacking Tour Operator,Hospitality,430,Tour Operations,core
556,Backpacking Tour Operator,Hospitality,422,Tourism Management,core
556,Backpacking Tour Operator,Hospitality,423,Travel Planning,core
556,Backpacking Tour Operator,Hospitality,421,Event Planning,secondary
556,Backpacking Tour Operator,Hospitality,419,Food and Beverage,secondary
556,Backpacking Tour Operator,Hospitality,418,Front Office Operations,secondary
556,Backpacking Tour Operator,Hospitality,420,Housekeeping,secondary
556,Backpacking Tour Operator,Hospitality,432,Cruise Management,bonus
556,Backpacking Tour Operator,Hospitality,427,Culinary Arts,bonus
556,Backpacking Tour Operator,Hospitality,426,Property Management System,bonus
557,Adventure Tourism Guide,Hospitality,461,Athletic Training,core
557,Adventure Tourism Guide,Hospitality,483,Communication,core
557,Adventure Tourism Guide,Hospitality,424,Customer Service,core
557,Adventure Tourism Guide,Hospitality,417,Hotel Management,core
557,Adventure Tourism Guide,Hospitality,430,Tour Operations,core
557,Adventure Tourism Guide,Hospitality,422,Tourism Management,core
557,Adventure Tourism Guide,Hospitality,423,Travel Planning,core
557,Adventure Tourism Guide,Hospitality,421,Event Planning,secondary
557,Adventure Tourism Guide,Hospitality,419,Food and Beverage,secondary
557,Adventure Tourism Guide,Hospitality,418,Front Office Operations,secondary
557,Adventure Tourism Guide,Hospitality,420,Housekeeping,secondary
557,Adventure Tourism Guide,Hospitality,432,Cruise Management,bonus
557,Adventure Tourism Guide,Hospitality,427,Culinary Arts,bonus
557,Adventure Tourism Guide,Hospitality,426,Property Management System,bonus
558,Cultural Tourism Specialist,Hospitality,483,Communication,core
558,Cultural Tourism Specialist,Hospitality,424,Customer Service,core
558,Cultural Tourism Specialist,Hospitality,417,Hotel Management,core
558,Cultural Tourism Specialist,Hospitality,492,Presentation Skills,core
558,Cultural Tourism Specialist,Hospitality,430,Tour Operations,core
558,Cultural Tourism Specialist,Hospitality,422,Tourism Management,core
558,Cultural Tourism Specialist,Hospitality,423,Travel Planning,core
558,Cultural Tourism Specialist,Hospitality,421,Event Planning,secondary
558,Cultural Tourism Specialist,Hospitality,419,Food and Beverage,secondary
558,Cultural Tourism Specialist,Hospitality,418,Front Office Operations,secondary
558,Cultural Tourism Specialist,Hospitality,420,Housekeeping,secondary
558,Cultural Tourism Specialist,Hospitality,432,Cruise Management,bonus
558,Cultural Tourism Specialist,Hospitality,427,Culinary Arts,bonus
558,Cultural Tourism Specialist,Hospitality,426,Property Management System,bonus
559,Heritage Tourism Specialist,Hospitality,483,Communication,core
559,Heritage Tourism Specialist,Hospitality,424,Customer Service,core
559,Heritage Tourism Specialist,Hospitality,417,Hotel Management,core
559,Heritage Tourism Specialist,Hospitality,492,Presentation Skills,core
559,Heritage Tourism Specialist,Hospitality,430,Tour Operations,core
559,Heritage Tourism Specialist,Hospitality,422,Tourism Management,core
559,Heritage Tourism Specialist,Hospitality,423,Travel Planning,core
559,Heritage Tourism Specialist,Hospitality,421,Event Planning,secondary
559,Heritage Tourism Specialist,Hospitality,419,Food and Beverage,secondary
559,Heritage Tourism Specialist,Hospitality,418,Front Office Operations,secondary
559,Heritage Tourism Specialist,Hospitality,420,Housekeeping,secondary
559,Heritage Tourism Specialist,Hospitality,432,Cruise Management,bonus
559,Heritage Tourism Specialist,Hospitality,427,Culinary Arts,bonus
559,Heritage Tourism Specialist,Hospitality,426,Property Management System,bonus
560,Wellness Tourism Manager,Hospitality,483,Communication,core
560,Wellness Tourism Manager,Hospitality,424,Customer Service,core
560,Wellness Tourism Manager,Hospitality,417,Hotel Management,core
560,Wellness Tourism Manager,Hospitality,484,Leadership,core
560,Wellness Tourism Manager,Hospitality,422,Tourism Management,core
560,Wellness Tourism Manager,Hospitality,423,Travel Planning,core
560,Wellness Tourism Manager,Hospitality,468,Yoga,core
560,Wellness Tourism Manager,Hospitality,421,Event Planning,secondary
560,Wellness Tourism Manager,Hospitality,419,Food and Beverage,secondary
560,Wellness Tourism Manager,Hospitality,418,Front Office Operations,secondary
560,Wellness Tourism Manager,Hospitality,420,Housekeeping,secondary
560,Wellness Tourism Manager,Hospitality,432,Cruise Management,bonus
560,Wellness Tourism Manager,Hospitality,427,Culinary Arts,bonus
560,Wellness Tourism Manager,Hospitality,426,Property Management System,bonus
561,Agronomist,Agriculture,437,Agricultural Extension,core
561,Agronomist,Agriculture,433,Crop Science,core
561,Agronomist,Agriculture,438,GIS Mapping,core
561,Agronomist,Agriculture,435,Irrigation Management,core
561,Agronomist,Agriculture,446,Organic Farming,core
561,Agronomist,Agriculture,436,Pest Management,core
561,Agronomist,Agriculture,434,Soil Science,core
561,Agronomist,Agriculture,440,Environmental Impact Assessment,secondary
561,Agronomist,Agriculture,443,Forestry,secondary
561,Agronomist,Agriculture,439,Remote Sensing,secondary
561,Agronomist,Agriculture,441,Waste Management,secondary
561,Agronomist,Agriculture,442,Water Resource Management,secondary
561,Agronomist,Agriculture,448,Agribusiness,bonus
561,Agronomist,Agriculture,445,Climate Science,bonus
561,Agronomist,Agriculture,444,Wildlife Management,bonus
562,Soil Scientist,Agriculture,437,Agricultural Extension,core
562,Soil Scientist,Agriculture,433,Crop Science,core
562,Soil Scientist,Agriculture,438,GIS Mapping,core
562,Soil Scientist,Agriculture,435,Irrigation Management,core
562,Soil Scientist,Agriculture,436,Pest Management,core
562,Soil Scientist,Agriculture,434,Soil Science,core
562,Soil Scientist,Agriculture,444,Wildlife Management,core
562,Soil Scientist,Agriculture,440,Environmental Impact Assessment,secondary
562,Soil Scientist,Agriculture,443,Forestry,secondary
562,Soil Scientist,Agriculture,439,Remote Sensing,secondary
562,Soil Scientist,Agriculture,441,Waste Management,secondary
562,Soil Scientist,Agriculture,442,Water Resource Management,secondary
562,Soil Scientist,Agriculture,448,Agribusiness,bonus
562,Soil Scientist,Agriculture,445,Climate Science,bonus
562,Soil Scientist,Agriculture,446,Organic Farming,bonus
563,Agricultural Engineer,Agriculture,437,Agricultural Extension,core
563,Agricultural Engineer,Agriculture,433,Crop Science,core
563,Agricultural Engineer,Agriculture,438,GIS Mapping,core
563,Agricultural Engineer,Agriculture,435,Irrigation Management,core
563,Agricultural Engineer,Agriculture,436,Pest Management,core
563,Agricultural Engineer,Agriculture,434,Soil Science,core
563,Agricultural Engineer,Agriculture,440,Environmental Impact Assessment,secondary
563,Agricultural Engineer,Agriculture,443,Forestry,secondary
563,Agricultural Engineer,Agriculture,439,Remote Sensing,secondary
563,Agricultural Engineer,Agriculture,441,Waste Management,secondary
563,Agricultural Engineer,Agriculture,442,Water Resource Management,secondary
563,Agricultural Engineer,Agriculture,448,Agribusiness,bonus
563,Agricultural Engineer,Agriculture,445,Climate Science,bonus
563,Agricultural Engineer,Agriculture,444,Wildlife Management,bonus
564,Horticulturist,Agriculture,437,Agricultural Extension,core
564,Horticulturist,Agriculture,433,Crop Science,core
564,Horticulturist,Agriculture,438,GIS Mapping,core
564,Horticulturist,Agriculture,435,Irrigation Management,core
564,Horticulturist,Agriculture,446,Organic Farming,core
564,Horticulturist,Agriculture,436,Pest Management,core
564,Horticulturist,Agriculture,434,Soil Science,core
564,Horticulturist,Agriculture,440,Environmental Impact Assessment,secondary
564,Horticulturist,Agriculture,443,Forestry,secondary
564,Horticulturist,Agriculture,439,Remote Sensing,secondary
564,Horticulturist,Agriculture,441,Waste Management,secondary
564,Horticulturist,Agriculture,442,Water Resource Management,secondary
564,Horticulturist,Agriculture,448,Agribusiness,bonus
564,Horticulturist,Agriculture,445,Climate Science,bonus
564,Horticulturist,Agriculture,444,Wildlife Management,bonus
565,Irrigation Engineer,Agriculture,437,Agricultural Extension,core
565,Irrigation Engineer,Agriculture,433,Crop Science,core
565,Irrigation Engineer,Agriculture,438,GIS Mapping,core
565,Irrigation Engineer,Agriculture,435,Irrigation Management,core
565,Irrigation Engineer,Agriculture,436,Pest Management,core
565,Irrigation Engineer,Agriculture,434,Soil Science,core
565,Irrigation Engineer,Agriculture,440,Environmental Impact Assessment,secondary
565,Irrigation Engineer,Agriculture,443,Forestry,secondary
565,Irrigation Engineer,Agriculture,439,Remote Sensing,secondary
565,Irrigation Engineer,Agriculture,441,Waste Management,secondary
565,Irrigation Engineer,Agriculture,442,Water Resource Management,secondary
565,Irrigation Engineer,Agriculture,448,Agribusiness,bonus
565,Irrigation Engineer,Agriculture,445,Climate Science,bonus
565,Irrigation Engineer,Agriculture,444,Wildlife Management,bonus
566,Pest Control Specialist,Agriculture,437,Agricultural Extension,core
566,Pest Control Specialist,Agriculture,433,Crop Science,core
566,Pest Control Specialist,Agriculture,438,GIS Mapping,core
566,Pest Control Specialist,Agriculture,435,Irrigation Management,core
566,Pest Control Specialist,Agriculture,436,Pest Management,core
566,Pest Control Specialist,Agriculture,434,Soil Science,core
566,Pest Control Specialist,Agriculture,444,Wildlife Management,core
566,Pest Control Specialist,Agriculture,440,Environmental Impact Assessment,secondary
566,Pest Control Specialist,Agriculture,443,Forestry,secondary
566,Pest Control Specialist,Agriculture,439,Remote Sensing,secondary
566,Pest Control Specialist,Agriculture,441,Waste Management,secondary
566,Pest Control Specialist,Agriculture,442,Water Resource Management,secondary
566,Pest Control Specialist,Agriculture,448,Agribusiness,bonus
566,Pest Control Specialist,Agriculture,445,Climate Science,bonus
566,Pest Control Specialist,Agriculture,446,Organic Farming,bonus
567,Agricultural Extension Officer,Agriculture,437,Agricultural Extension,core
567,Agricultural Extension Officer,Agriculture,483,Communication,core
567,Agricultural Extension Officer,Agriculture,433,Crop Science,core
567,Agricultural Extension Officer,Agriculture,438,GIS Mapping,core
567,Agricultural Extension Officer,Agriculture,435,Irrigation Management,core
567,Agricultural Extension Officer,Agriculture,436,Pest Management,core
567,Agricultural Extension Officer,Agriculture,434,Soil Science,core
567,Agricultural Extension Officer,Agriculture,440,Environmental Impact Assessment,secondary
567,Agricultural Extension Officer,Agriculture,443,Forestry,secondary
567,Agricultural Extension Officer,Agriculture,439,Remote Sensing,secondary
567,Agricultural Extension Officer,Agriculture,441,Waste Management,secondary
567,Agricultural Extension Officer,Agriculture,442,Water Resource Management,secondary
567,Agricultural Extension Officer,Agriculture,448,Agribusiness,bonus
567,Agricultural Extension Officer,Agriculture,445,Climate Science,bonus
567,Agricultural Extension Officer,Agriculture,444,Wildlife Management,bonus
568,GIS Analyst,Agriculture,433,Crop Science,core
568,GIS Analyst,Agriculture,438,GIS Mapping,core
568,GIS Analyst,Agriculture,435,Irrigation Management,core
568,GIS Analyst,Agriculture,1,Python,core
568,GIS Analyst,Agriculture,439,Remote Sensing,core
568,GIS Analyst,Agriculture,434,Soil Science,core
568,GIS Analyst,Agriculture,144,Statistics,core
568,GIS Analyst,Agriculture,440,Environmental Impact Assessment,secondary
568,GIS Analyst,Agriculture,443,Forestry,secondary
568,GIS Analyst,Agriculture,441,Waste Management,secondary
568,GIS Analyst,Agriculture,442,Water Resource Management,secondary
568,GIS Analyst,Agriculture,444,Wildlife Management,secondary
568,GIS Analyst,Agriculture,445,Climate Science,bonus
568,GIS Analyst,Agriculture,446,Organic Farming,bonus
568,GIS Analyst,Agriculture,134,Power BI,bonus
569,Remote Sensing Analyst,Agriculture,433,Crop Science,core
569,Remote Sensing Analyst,Agriculture,438,GIS Mapping,core
569,Remote Sensing Analyst,Agriculture,435,Irrigation Management,core
569,Remote Sensing Analyst,Agriculture,1,Python,core
569,Remote Sensing Analyst,Agriculture,439,Remote Sensing,core
569,Remote Sensing Analyst,Agriculture,434,Soil Science,core
569,Remote Sensing Analyst,Agriculture,144,Statistics,core
569,Remote Sensing Analyst,Agriculture,440,Environmental Impact Assessment,secondary
569,Remote Sensing Analyst,Agriculture,443,Forestry,secondary
569,Remote Sensing Analyst,Agriculture,441,Waste Management,secondary
569,Remote Sensing Analyst,Agriculture,442,Water Resource Management,secondary
569,Remote Sensing Analyst,Agriculture,444,Wildlife Management,secondary
569,Remote Sensing Analyst,Agriculture,445,Climate Science,bonus
569,Remote Sensing Analyst,Agriculture,446,Organic Farming,bonus
569,Remote Sensing Analyst,Agriculture,134,Power BI,bonus
570,Environmental Consultant,Agriculture,445,Climate Science,core
570,Environmental Consultant,Agriculture,483,Communication,core
570,Environmental Consultant,Agriculture,440,Environmental Impact Assessment,core
570,Environmental Consultant,Agriculture,438,GIS Mapping,core
570,Environmental Consultant,Agriculture,439,Remote Sensing,core
570,Environmental Consultant,Agriculture,441,Waste Management,core
570,Environmental Consultant,Agriculture,442,Water Resource Management,core
570,Environmental Consultant,Agriculture,437,Agricultural Extension,secondary
570,Environmental Consultant,Agriculture,433,Crop Science,secondary
570,Environmental Consultant,Agriculture,435,Irrigation Management,secondary
570,Environmental Consultant,Agriculture,436,Pest Management,secondary
570,Environmental Consultant,Agriculture,434,Soil Science,secondary
570,Environmental Consultant,Agriculture,448,Agribusiness,bonus
570,Environmental Consultant,Agriculture,446,Organic Farming,bonus
570,Environmental Consultant,Agriculture,444,Wildlife Management,bonus
571,Waste Management Specialist,Agriculture,445,Climate Science,core
571,Waste Management Specialist,Agriculture,483,Communication,core
571,Waste Management Specialist,Agriculture,440,Environmental Impact Assessment,core
571,Waste Management Specialist,Agriculture,438,GIS Mapping,core
571,Waste Management Specialist,Agriculture,439,Remote Sensing,core
571,Waste Management Specialist,Agriculture,441,Waste Management,core
571,Waste Management Specialist,Agriculture,442,Water Resource Management,core
571,Waste Management Specialist,Agriculture,437,Agricultural Extension,secondary
571,Waste Management Specialist,Agriculture,433,Crop Science,secondary
571,Waste Management Specialist,Agriculture,435,Irrigation Management,secondary
571,Waste Management Specialist,Agriculture,436,Pest Management,secondary
571,Waste Management Specialist,Agriculture,434,Soil Science,secondary
571,Waste Management Specialist,Agriculture,448,Agribusiness,bonus
571,Waste Management Specialist,Agriculture,446,Organic Farming,bonus
571,Waste Management Specialist,Agriculture,444,Wildlife Management,bonus
572,Water Resource Manager,Agriculture,440,Environmental Impact Assessment,core
572,Water Resource Manager,Agriculture,438,GIS Mapping,core
572,Water Resource Manager,Agriculture,435,Irrigation Management,core
572,Water Resource Manager,Agriculture,439,Remote Sensing,core
572,Water Resource Manager,Agriculture,441,Waste Management,core
572,Water Resource Manager,Agriculture,442,Water Resource Management,core
572,Water Resource Manager,Agriculture,437,Agricultural Extension,secondary
572,Water Resource Manager,Agriculture,433,Crop Science,secondary
572,Water Resource Manager,Agriculture,436,Pest Management,secondary
572,Water Resource Manager,Agriculture,434,Soil Science,secondary
572,Water Resource Manager,Agriculture,444,Wildlife Management,secondary
572,Water Resource Manager,Agriculture,448,Agribusiness,bonus
572,Water Resource Manager,Agriculture,445,Climate Science,bonus
572,Water Resource Manager,Agriculture,446,Organic Farming,bonus
573,Forester,Agriculture,433,Crop Science,core
573,Forester,Agriculture,440,Environmental Impact Assessment,core
573,Forester,Agriculture,443,Forestry,core
573,Forester,Agriculture,438,GIS Mapping,core
573,Forester,Agriculture,439,Remote Sensing,core
573,Forester,Agriculture,434,Soil Science,core
573,Forester,Agriculture,444,Wildlife Management,core
573,Forester,Agriculture,437,Agricultural Extension,secondary
573,Forester,Agriculture,435,Irrigation Management,secondary
573,Forester,Agriculture,436,Pest Management,secondary
573,Forester,Agriculture,441,Waste Management,secondary
573,Forester,Agriculture,442,Water Resource Management,secondary
573,Forester,Agriculture,448,Agribusiness,bonus
573,Forester,Agriculture,445,Climate Science,bonus
573,Forester,Agriculture,446,Organic Farming,bonus
574,Wildlife Biologist,Agriculture,433,Crop Science,core
574,Wildlife Biologist,Agriculture,440,Environmental Impact Assessment,core
574,Wildlife Biologist,Agriculture,443,Forestry,core
574,Wildlife Biologist,Agriculture,438,GIS Mapping,core
574,Wildlife Biologist,Agriculture,439,Remote Sensing,core
574,Wildlife Biologist,Agriculture,434,Soil Science,core
574,Wildlife Biologist,Agriculture,444,Wildlife Management,core
574,Wildlife Biologist,Agriculture,437,Agricultural Extension,secondary
574,Wildlife Biologist,Agriculture,435,Irrigation Management,secondary
574,Wildlife Biologist,Agriculture,436,Pest Management,secondary
574,Wildlife Biologist,Agriculture,441,Waste Management,secondary
574,Wildlife Biologist,Agriculture,442,Water Resource Management,secondary
574,Wildlife Biologist,Agriculture,448,Agribusiness,bonus
574,Wildlife Biologist,Agriculture,445,Climate Science,bonus
574,Wildlife Biologist,Agriculture,446,Organic Farming,bonus
575,Climate Scientist,Agriculture,445,Climate Science,core
575,Climate Scientist,Agriculture,440,Environmental Impact Assessment,core
575,Climate Scientist,Agriculture,438,GIS Mapping,core
575,Climate Scientist,Agriculture,439,Remote Sensing,core
575,Climate Scientist,Agriculture,144,Statistics,core
575,Climate Scientist,Agriculture,441,Waste Management,core
575,Climate Scientist,Agriculture,442,Water Resource Management,core
575,Climate Scientist,Agriculture,437,Agricultural Extension,secondary
575,Climate Scientist,Agriculture,433,Crop Science,secondary
575,Climate Scientist,Agriculture,435,Irrigation Management,secondary
575,Climate Scientist,Agriculture,436,Pest Management,secondary
575,Climate Scientist,Agriculture,434,Soil Science,secondary
575,Climate Scientist,Agriculture,448,Agribusiness,bonus
575,Climate Scientist,Agriculture,446,Organic Farming,bonus
575,Climate Scientist,Agriculture,444,Wildlife Management,bonus
576,Organic Farming Specialist,Agriculture,437,Agricultural Extension,core
576,Organic Farming Specialist,Agriculture,433,Crop Science,core
576,Organic Farming Specialist,Agriculture,438,GIS Mapping,core
576,Organic Farming Specialist,Agriculture,435,Irrigation Management,core
576,Organic Farming Specialist,Agriculture,446,Organic Farming,core
576,Organic Farming Specialist,Agriculture,436,Pest Management,core
576,Organic Farming Specialist,Agriculture,434,Soil Science,core
576,Organic Farming Specialist,Agriculture,440,Environmental Impact Assessment,secondary
576,Organic Farming Specialist,Agriculture,443,Forestry,secondary
576,Organic Farming Specialist,Agriculture,439,Remote Sensing,secondary
576,Organic Farming Specialist,Agriculture,441,Waste Management,secondary
576,Organic Farming Specialist,Agriculture,442,Water Resource Management,secondary
576,Organic Farming Specialist,Agriculture,448,Agribusiness,bonus
576,Organic Farming Specialist,Agriculture,445,Climate Science,bonus
576,Organic Farming Specialist,Agriculture,444,Wildlife Management,bonus
577,Hydroponics Specialist,Agriculture,437,Agricultural Extension,core
577,Hydroponics Specialist,Agriculture,433,Crop Science,core
577,Hydroponics Specialist,Agriculture,438,GIS Mapping,core
577,Hydroponics Specialist,Agriculture,447,Hydroponics,core
577,Hydroponics Specialist,Agriculture,435,Irrigation Management,core
577,Hydroponics Specialist,Agriculture,436,Pest Management,core
577,Hydroponics Specialist,Agriculture,434,Soil Science,core
577,Hydroponics Specialist,Agriculture,440,Environmental Impact Assessment,secondary
577,Hydroponics Specialist,Agriculture,443,Forestry,secondary
577,Hydroponics Specialist,Agriculture,439,Remote Sensing,secondary
577,Hydroponics Specialist,Agriculture,441,Waste Management,secondary
577,Hydroponics Specialist,Agriculture,442,Water Resource Management,secondary
577,Hydroponics Specialist,Agriculture,445,Climate Science,bonus
577,Hydroponics Specialist,Agriculture,446,Organic Farming,bonus
577,Hydroponics Specialist,Agriculture,444,Wildlife Management,bonus
578,Agribusiness Manager,Agriculture,448,Agribusiness,core
578,Agribusiness Manager,Agriculture,437,Agricultural Extension,core
578,Agribusiness Manager,Agriculture,483,Communication,core
578,Agribusiness Manager,Agriculture,433,Crop Science,core
578,Agribusiness Manager,Agriculture,199,Financial Modeling,core
578,Agribusiness Manager,Agriculture,484,Leadership,core
578,Agribusiness Manager,Agriculture,434,Soil Science,core
578,Agribusiness Manager,Agriculture,440,Environmental Impact Assessment,secondary
578,Agribusiness Manager,Agriculture,438,GIS Mapping,secondary
578,Agribusiness Manager,Agriculture,435,Irrigation Management,secondary
578,Agribusiness Manager,Agriculture,436,Pest Management,secondary
578,Agribusiness Manager,Agriculture,439,Remote Sensing,secondary
578,Agribusiness Manager,Agriculture,443,Forestry,bonus
578,Agribusiness Manager,Agriculture,441,Waste Management,bonus
578,Agribusiness Manager,Agriculture,442,Water Resource Management,bonus
579,Food Safety Officer,Agriculture,499,Attention to Detail,core
579,Food Safety Officer,Agriculture,433,Crop Science,core
579,Food Safety Officer,Agriculture,246,Epidemiology,core
579,Food Safety Officer,Agriculture,436,Pest Management,core
579,Food Safety Officer,Agriculture,245,Public Health,core
579,Food Safety Officer,Agriculture,337,Quality Control,core
579,Food Safety Officer,Agriculture,434,Soil Science,core
579,Food Safety Officer,Agriculture,437,Agricultural Extension,secondary
579,Food Safety Officer,Agriculture,440,Environmental Impact Assessment,secondary
579,Food Safety Officer,Agriculture,438,GIS Mapping,secondary
579,Food Safety Officer,Agriculture,435,Irrigation Management,secondary
579,Food Safety Officer,Agriculture,439,Remote Sensing,secondary
579,Food Safety Officer,Agriculture,443,Forestry,bonus
579,Food Safety Officer,Agriculture,441,Waste Management,bonus
579,Food Safety Officer,Agriculture,442,Water Resource Management,bonus
580,Agricultural Economist,Agriculture,448,Agribusiness,core
580,Agricultural Economist,Agriculture,437,Agricultural Extension,core
580,Agricultural Economist,Agriculture,433,Crop Science,core
580,Agricultural Economist,Agriculture,199,Financial Modeling,core
580,Agricultural Economist,Agriculture,145,Probability,core
580,Agricultural Economist,Agriculture,434,Soil Science,core
580,Agricultural Economist,Agriculture,144,Statistics,core
580,Agricultural Economist,Agriculture,440,Environmental Impact Assessment,secondary
580,Agricultural Economist,Agriculture,438,GIS Mapping,secondary
580,Agricultural Economist,Agriculture,435,Irrigation Management,secondary
580,Agricultural Economist,Agriculture,436,Pest Management,secondary
580,Agricultural Economist,Agriculture,439,Remote Sensing,secondary
580,Agricultural Economist,Agriculture,443,Forestry,bonus
580,Agricultural Economist,Agriculture,441,Waste Management,bonus
580,Agricultural Economist,Agriculture,442,Water Resource Management,bonus
581,Marine Biologist,Agriculture,433,Crop Science,core
581,Marine Biologist,Agriculture,443,Forestry,core
581,Marine Biologist,Agriculture,438,GIS Mapping,core
581,Marine Biologist,Agriculture,439,Remote Sensing,core
581,Marine Biologist,Agriculture,434,Soil Science,core
581,Marine Biologist,Agriculture,442,Water Resource Management,core
581,Marine Biologist,Agriculture,444,Wildlife Management,core
581,Marine Biologist,Agriculture,437,Agricultural Extension,secondary
581,Marine Biologist,Agriculture,440,Environmental Impact Assessment,secondary
581,Marine Biologist,Agriculture,435,Irrigation Management,secondary
581,Marine Biologist,Agriculture,436,Pest Management,secondary
581,Marine Biologist,Agriculture,441,Waste Management,secondary
581,Marine Biologist,Agriculture,448,Agribusiness,bonus
581,Marine Biologist,Agriculture,445,Climate Science,bonus
581,Marine Biologist,Agriculture,446,Organic Farming,bonus
582,Environmental Health Officer,Agriculture,499,Attention to Detail,core
582,Environmental Health Officer,Agriculture,440,Environmental Impact Assessment,core
582,Environmental Health Officer,Agriculture,246,Epidemiology,core
582,Environmental Health Officer,Agriculture,438,GIS Mapping,core
582,Environmental Health Officer,Agriculture,245,Public Health,core
582,Environmental Health Officer,Agriculture,439,Remote Sensing,core
582,Environmental Health Officer,Agriculture,441,Waste Management,core
582,Environmental Health Officer,Agriculture,437,Agricultural Extension,secondary
582,Environmental Health Officer,Agriculture,433,Crop Science,secondary
582,Environmental Health Officer,Agriculture,435,Irrigation Management,secondary
582,Environmental Health Officer,Agriculture,436,Pest Management,secondary
582,Environmental Health Officer,Agriculture,434,Soil Science,secondary
582,Environmental Health Officer,Agriculture,448,Agribusiness,bonus
582,Environmental Health Officer,Agriculture,445,Climate Science,bonus
582,Environmental Health Officer,Agriculture,444,Wildlife Management,bonus
583,Sustainability Consultant,Agriculture,445,Climate Science,core
583,Sustainability Consultant,Agriculture,483,Communication,core
583,Sustainability Consultant,Agriculture,440,Environmental Impact Assessment,core
583,Sustainability Consultant,Agriculture,438,GIS Mapping,core
583,Sustainability Consultant,Agriculture,439,Remote Sensing,core
583,Sustainability Consultant,Agriculture,373,Strategic Planning,core
583,Sustainability Consultant,Agriculture,441,Waste Management,core
583,Sustainability Consultant,Agriculture,437,Agricultural Extension,secondary
583,Sustainability Consultant,Agriculture,433,Crop Science,secondary
583,Sustainability Consultant,Agriculture,435,Irrigation Management,secondary
583,Sustainability Consultant,Agriculture,436,Pest Management,secondary
583,Sustainability Consultant,Agriculture,434,Soil Science,secondary
583,Sustainability Consultant,Agriculture,448,Agribusiness,bonus
583,Sustainability Consultant,Agriculture,446,Organic Farming,bonus
583,Sustainability Consultant,Agriculture,444,Wildlife Management,bonus
584,Carbon Footprint Analyst,Agriculture,499,Attention to Detail,core
584,Carbon Footprint Analyst,Agriculture,445,Climate Science,core
584,Carbon Footprint Analyst,Agriculture,440,Environmental Impact Assessment,core
584,Carbon Footprint Analyst,Agriculture,438,GIS Mapping,core
584,Carbon Footprint Analyst,Agriculture,439,Remote Sensing,core
584,Carbon Footprint Analyst,Agriculture,144,Statistics,core
584,Carbon Footprint Analyst,Agriculture,441,Waste Management,core
584,Carbon Footprint Analyst,Agriculture,437,Agricultural Extension,secondary
584,Carbon Footprint Analyst,Agriculture,433,Crop Science,secondary
584,Carbon Footprint Analyst,Agriculture,435,Irrigation Management,secondary
584,Carbon Footprint Analyst,Agriculture,436,Pest Management,secondary
584,Carbon Footprint Analyst,Agriculture,434,Soil Science,secondary
584,Carbon Footprint Analyst,Agriculture,448,Agribusiness,bonus
584,Carbon Footprint Analyst,Agriculture,446,Organic Farming,bonus
584,Carbon Footprint Analyst,Agriculture,444,Wildlife Management,bonus
585,Renewable Energy Consultant,Agriculture,445,Climate Science,core
585,Renewable Energy Consultant,Agriculture,330,Electrical Design,core
585,Renewable Energy Consultant,Agriculture,440,Environmental Impact Assessment,core
585,Renewable Energy Consultant,Agriculture,331,Power Systems,core
585,Renewable Energy Consultant,Agriculture,337,Quality Control,core
585,Renewable Energy Consultant,Agriculture,441,Waste Management,core
585,Renewable Energy Consultant,Agriculture,437,Agricultural Extension,secondary
585,Renewable Energy Consultant,Agriculture,433,Crop Science,secondary
585,Renewable Energy Consultant,Agriculture,435,Irrigation Management,secondary
585,Renewable Energy Consultant,Agriculture,436,Pest Management,secondary
585,Renewable Energy Consultant,Agriculture,434,Soil Science,secondary
585,Renewable Energy Consultant,Agriculture,448,Agribusiness,bonus
585,Renewable Energy Consultant,Agriculture,446,Organic Farming,bonus
585,Renewable Energy Consultant,Agriculture,444,Wildlife Management,bonus
586,Botanist,Agriculture,433,Crop Science,core
586,Botanist,Agriculture,443,Forestry,core
586,Botanist,Agriculture,438,GIS Mapping,core
586,Botanist,Agriculture,435,Irrigation Management,core
586,Botanist,Agriculture,439,Remote Sensing,core
586,Botanist,Agriculture,434,Soil Science,core
586,Botanist,Agriculture,444,Wildlife Management,core
586,Botanist,Agriculture,437,Agricultural Extension,secondary
586,Botanist,Agriculture,440,Environmental Impact Assessment,secondary
586,Botanist,Agriculture,436,Pest Management,secondary
586,Botanist,Agriculture,441,Waste Management,secondary
586,Botanist,Agriculture,442,Water Resource Management,secondary
586,Botanist,Agriculture,448,Agribusiness,bonus
586,Botanist,Agriculture,445,Climate Science,bonus
586,Botanist,Agriculture,446,Organic Farming,bonus
587,Zoologist,Agriculture,433,Crop Science,core
587,Zoologist,Agriculture,440,Environmental Impact Assessment,core
587,Zoologist,Agriculture,443,Forestry,core
587,Zoologist,Agriculture,438,GIS Mapping,core
587,Zoologist,Agriculture,439,Remote Sensing,core
587,Zoologist,Agriculture,434,Soil Science,core
587,Zoologist,Agriculture,444,Wildlife Management,core
587,Zoologist,Agriculture,437,Agricultural Extension,secondary
587,Zoologist,Agriculture,435,Irrigation Management,secondary
587,Zoologist,Agriculture,436,Pest Management,secondary
587,Zoologist,Agriculture,441,Waste Management,secondary
587,Zoologist,Agriculture,442,Water Resource Management,secondary
587,Zoologist,Agriculture,448,Agribusiness,bonus
587,Zoologist,Agriculture,445,Climate Science,bonus
587,Zoologist,Agriculture,446,Organic Farming,bonus
588,Aquaculture Specialist,Agriculture,433,Crop Science,core
588,Aquaculture Specialist,Agriculture,443,Forestry,core
588,Aquaculture Specialist,Agriculture,438,GIS Mapping,core
588,Aquaculture Specialist,Agriculture,435,Irrigation Management,core
588,Aquaculture Specialist,Agriculture,434,Soil Science,core
588,Aquaculture Specialist,Agriculture,442,Water Resource Management,core
588,Aquaculture Specialist,Agriculture,444,Wildlife Management,core
588,Aquaculture Specialist,Agriculture,437,Agricultural Extension,secondary
588,Aquaculture Specialist,Agriculture,440,Environmental Impact Assessment,secondary
588,Aquaculture Specialist,Agriculture,436,Pest Management,secondary
588,Aquaculture Specialist,Agriculture,439,Remote Sensing,secondary
588,Aquaculture Specialist,Agriculture,441,Waste Management,secondary
588,Aquaculture Specialist,Agriculture,448,Agribusiness,bonus
588,Aquaculture Specialist,Agriculture,445,Climate Science,bonus
588,Aquaculture Specialist,Agriculture,446,Organic Farming,bonus
589,Farm Manager,Agriculture,448,Agribusiness,core
589,Farm Manager,Agriculture,437,Agricultural Extension,core
589,Farm Manager,Agriculture,433,Crop Science,core
589,Farm Manager,Agriculture,435,Irrigation Management,core
589,Farm Manager,Agriculture,484,Leadership,core
589,Farm Manager,Agriculture,436,Pest Management,core
589,Farm Manager,Agriculture,434,Soil Science,core
589,Farm Manager,Agriculture,440,Environmental Impact Assessment,secondary
589,Farm Manager,Agriculture,438,GIS Mapping,secondary
589,Farm Manager,Agriculture,439,Remote Sensing,secondary
589,Farm Manager,Agriculture,441,Waste Management,secondary
589,Farm Manager,Agriculture,442,Water Resource Management,secondary
589,Farm Manager,Agriculture,443,Forestry,bonus
589,Farm Manager,Agriculture,446,Organic Farming,bonus
589,Farm Manager,Agriculture,444,Wildlife Management,bonus
590,Seed Technology Specialist,Agriculture,437,Agricultural Extension,core
590,Seed Technology Specialist,Agriculture,433,Crop Science,core
590,Seed Technology Specialist,Agriculture,438,GIS Mapping,core
590,Seed Technology Specialist,Agriculture,435,Irrigation Management,core
590,Seed Technology Specialist,Agriculture,436,Pest Management,core
590,Seed Technology Specialist,Agriculture,434,Soil Science,core
590,Seed Technology Specialist,Agriculture,444,Wildlife Management,core
590,Seed Technology Specialist,Agriculture,440,Environmental Impact Assessment,secondary
590,Seed Technology Specialist,Agriculture,443,Forestry,secondary
590,Seed Technology Specialist,Agriculture,439,Remote Sensing,secondary
590,Seed Technology Specialist,Agriculture,441,Waste Management,secondary
590,Seed Technology Specialist,Agriculture,442,Water Resource Management,secondary
590,Seed Technology Specialist,Agriculture,448,Agribusiness,bonus
590,Seed Technology Specialist,Agriculture,445,Climate Science,bonus
590,Seed Technology Specialist,Agriculture,446,Organic Farming,bonus
591,Agroforestry Specialist,Agriculture,437,Agricultural Extension,core
591,Agroforestry Specialist,Agriculture,433,Crop Science,core
591,Agroforestry Specialist,Agriculture,443,Forestry,core
591,Agroforestry Specialist,Agriculture,438,GIS Mapping,core
591,Agroforestry Specialist,Agriculture,435,Irrigation Management,core
591,Agroforestry Specialist,Agriculture,436,Pest Management,core
591,Agroforestry Specialist,Agriculture,434,Soil Science,core
591,Agroforestry Specialist,Agriculture,440,Environmental Impact Assessment,secondary
591,Agroforestry Specialist,Agriculture,439,Remote Sensing,secondary
591,Agroforestry Specialist,Agriculture,441,Waste Management,secondary
591,Agroforestry Specialist,Agriculture,442,Water Resource Management,secondary
591,Agroforestry Specialist,Agriculture,444,Wildlife Management,secondary
591,Agroforestry Specialist,Agriculture,448,Agribusiness,bonus
591,Agroforestry Specialist,Agriculture,445,Climate Science,bonus
591,Agroforestry Specialist,Agriculture,446,Organic Farming,bonus
592,Natural Resource Manager,Agriculture,440,Environmental Impact Assessment,core
592,Natural Resource Manager,Agriculture,443,Forestry,core
592,Natural Resource Manager,Agriculture,438,GIS Mapping,core
592,Natural Resource Manager,Agriculture,439,Remote Sensing,core
592,Natural Resource Manager,Agriculture,441,Waste Management,core
592,Natural Resource Manager,Agriculture,442,Water Resource Management,core
592,Natural Resource Manager,Agriculture,444,Wildlife Management,core
592,Natural Resource Manager,Agriculture,437,Agricultural Extension,secondary
592,Natural Resource Manager,Agriculture,433,Crop Science,secondary
592,Natural Resource Manager,Agriculture,435,Irrigation Management,secondary
592,Natural Resource Manager,Agriculture,436,Pest Management,secondary
592,Natural Resource Manager,Agriculture,434,Soil Science,secondary
592,Natural Resource Manager,Agriculture,448,Agribusiness,bonus
592,Natural Resource Manager,Agriculture,445,Climate Science,bonus
592,Natural Resource Manager,Agriculture,446,Organic Farming,bonus
593,Environmental Impact Assessor,Agriculture,499,Attention to Detail,core
593,Environmental Impact Assessor,Agriculture,445,Climate Science,core
593,Environmental Impact Assessor,Agriculture,440,Environmental Impact Assessment,core
593,Environmental Impact Assessor,Agriculture,438,GIS Mapping,core
593,Environmental Impact Assessor,Agriculture,439,Remote Sensing,core
593,Environmental Impact Assessor,Agriculture,441,Waste Management,core
593,Environmental Impact Assessor,Agriculture,442,Water Resource Management,core
593,Environmental Impact Assessor,Agriculture,437,Agricultural Extension,secondary
593,Environmental Impact Assessor,Agriculture,433,Crop Science,secondary
593,Environmental Impact Assessor,Agriculture,435,Irrigation Management,secondary
593,Environmental Impact Assessor,Agriculture,436,Pest Management,secondary
593,Environmental Impact Assessor,Agriculture,434,Soil Science,secondary
593,Environmental Impact Assessor,Agriculture,448,Agribusiness,bonus
593,Environmental Impact Assessor,Agriculture,446,Organic Farming,bonus
593,Environmental Impact Assessor,Agriculture,444,Wildlife Management,bonus
594,Precision Agriculture Specialist,Agriculture,433,Crop Science,core
594,Precision Agriculture Specialist,Agriculture,438,GIS Mapping,core
594,Precision Agriculture Specialist,Agriculture,532,IoT,core
594,Precision Agriculture Specialist,Agriculture,435,Irrigation Management,core
594,Precision Agriculture Specialist,Agriculture,1,Python,core
594,Precision Agriculture Specialist,Agriculture,439,Remote Sensing,core
594,Precision Agriculture Specialist,Agriculture,434,Soil Science,core
594,Precision Agriculture Specialist,Agriculture,437,Agricultural Extension,secondary
594,Precision Agriculture Specialist,Agriculture,440,Environmental Impact Assessment,secondary
594,Precision Agriculture Specialist,Agriculture,436,Pest Management,secondary
594,Precision Agriculture Specialist,Agriculture,441,Waste Management,secondary
594,Precision Agriculture Specialist,Agriculture,442,Water Resource Management,secondary
594,Precision Agriculture Specialist,Agriculture,443,Forestry,bonus
594,Precision Agriculture Specialist,Agriculture,446,Organic Farming,bonus
594,Precision Agriculture Specialist,Agriculture,444,Wildlife Management,bonus
595,Agricultural Policy Analyst,Agriculture,448,Agribusiness,core
595,Agricultural Policy Analyst,Agriculture,437,Agricultural Extension,core
595,Agricultural Policy Analyst,Agriculture,483,Communication,core
595,Agricultural Policy Analyst,Agriculture,433,Crop Science,core
595,Agricultural Policy Analyst,Agriculture,450,Policy Analysis,core
595,Agricultural Policy Analyst,Agriculture,449,Public Administration,core
595,Agricultural Policy Analyst,Agriculture,434,Soil Science,core
595,Agricultural Policy Analyst,Agriculture,440,Environmental Impact Assessment,secondary
595,Agricultural Policy Analyst,Agriculture,438,GIS Mapping,secondary
595,Agricultural Policy Analyst,Agriculture,435,Irrigation Management,secondary
595,Agricultural Policy Analyst,Agriculture,436,Pest Management,secondary
595,Agricultural Policy Analyst,Agriculture,439,Remote Sensing,secondary
595,Agricultural Policy Analyst,Agriculture,443,Forestry,bonus
595,Agricultural Policy Analyst,Agriculture,441,Waste Management,bonus
595,Agricultural Policy Analyst,Agriculture,442,Water Resource Management,bonus
596,IAS Officer,Govt,483,Communication,core
596,IAS Officer,Govt,454,E-Governance,core
596,IAS Officer,Govt,451,Government Relations,core
596,IAS Officer,Govt,450,Policy Analysis,core
596,IAS Officer,Govt,449,Public Administration,core
596,IAS Officer,Govt,452,UPSC Preparation,core
596,IAS Officer,Govt,456,Urban Planning,core
596,IAS Officer,Govt,457,Disaster Management,secondary
596,IAS Officer,Govt,484,Leadership,secondary
596,IAS Officer,Govt,460,Municipal Administration,secondary
596,IAS Officer,Govt,455,Public Finance,secondary
596,IAS Officer,Govt,373,Strategic Planning,secondary
596,IAS Officer,Govt,491,Negotiation,bonus
596,IAS Officer,Govt,492,Presentation Skills,bonus
596,IAS Officer,Govt,496,Research Skills,bonus
597,IPS Officer,Govt,483,Communication,core
597,IPS Officer,Govt,458,Defence Studies,core
597,IPS Officer,Govt,451,Government Relations,core
597,IPS Officer,Govt,459,Intelligence Analysis,core
597,IPS Officer,Govt,450,Policy Analysis,core
597,IPS Officer,Govt,449,Public Administration,core
597,IPS Officer,Govt,452,UPSC Preparation,core
597,IPS Officer,Govt,457,Disaster Management,secondary
597,IPS Officer,Govt,484,Leadership,secondary
597,IPS Officer,Govt,460,Municipal Administration,secondary
597,IPS Officer,Govt,455,Public Finance,secondary
597,IPS Officer,Govt,373,Strategic Planning,secondary
597,IPS Officer,Govt,491,Negotiation,bonus
597,IPS Officer,Govt,492,Presentation Skills,bonus
597,IPS Officer,Govt,496,Research Skills,bonus
598,IFS Officer,Govt,483,Communication,core
598,IFS Officer,Govt,454,E-Governance,core
598,IFS Officer,Govt,451,Government Relations,core
598,IFS Officer,Govt,384,International Law,core
598,IFS Officer,Govt,450,Policy Analysis,core
598,IFS Officer,Govt,449,Public Administration,core
598,IFS Officer,Govt,452,UPSC Preparation,core
598,IFS Officer,Govt,457,Disaster Management,secondary
598,IFS Officer,Govt,484,Leadership,secondary
598,IFS Officer,Govt,460,Municipal Administration,secondary
598,IFS Officer,Govt,455,Public Finance,secondary
598,IFS Officer,Govt,373,Strategic Planning,secondary
598,IFS Officer,Govt,491,Negotiation,bonus
598,IFS Officer,Govt,492,Presentation Skills,bonus
598,IFS Officer,Govt,496,Research Skills,bonus
599,IRS Officer,Govt,483,Communication,core
599,IRS Officer,Govt,451,Government Relations,core
599,IRS Officer,Govt,450,Policy Analysis,core
599,IRS Officer,Govt,449,Public Administration,core
599,IRS Officer,Govt,455,Public Finance,core
599,IRS Officer,Govt,381,Tax Law,core
599,IRS Officer,Govt,452,UPSC Preparation,core
599,IRS Officer,Govt,457,Disaster Management,secondary
599,IRS Officer,Govt,213,GST,secondary
599,IRS Officer,Govt,484,Leadership,secondary
599,IRS Officer,Govt,460,Municipal Administration,secondary
599,IRS Officer,Govt,211,Tax Planning,secondary
599,IRS Officer,Govt,491,Negotiation,bonus
599,IRS Officer,Govt,492,Presentation Skills,bonus
599,IRS Officer,Govt,496,Research Skills,bonus
600,City Planner,Govt,316,Civil 3D,core
600,City Planner,Govt,438,GIS Mapping,core
600,City Planner,Govt,450,Policy Analysis,core
600,City Planner,Govt,449,Public Administration,core
600,City Planner,Govt,315,Revit,core
600,City Planner,Govt,456,Urban Planning,core
600,City Planner,Govt,457,Disaster Management,secondary
600,City Planner,Govt,484,Leadership,secondary
600,City Planner,Govt,460,Municipal Administration,secondary
600,City Planner,Govt,455,Public Finance,secondary
600,City Planner,Govt,373,Strategic Planning,secondary
600,City Planner,Govt,491,Negotiation,bonus
600,City Planner,Govt,492,Presentation Skills,bonus
600,City Planner,Govt,496,Research Skills,bonus
601,Policy Analyst,Govt,497,Analytical Thinking,core
601,Policy Analyst,Govt,483,Communication,core
601,Policy Analyst,Govt,451,Government Relations,core
601,Policy Analyst,Govt,450,Policy Analysis,core
601,Policy Analyst,Govt,449,Public Administration,core
601,Policy Analyst,Govt,496,Research Skills,core
601,Policy Analyst,Govt,452,UPSC Preparation,core
601,Policy Analyst,Govt,457,Disaster Management,secondary
601,Policy Analyst,Govt,484,Leadership,secondary
601,Policy Analyst,Govt,460,Municipal Administration,secondary
601,Policy Analyst,Govt,455,Public Finance,secondary
601,Policy Analyst,Govt,373,Strategic Planning,secondary
601,Policy Analyst,Govt,491,Negotiation,bonus
601,Policy Analyst,Govt,492,Presentation Skills,bonus
602,Government Relations Manager,Govt,483,Communication,core
602,Government Relations Manager,Govt,451,Government Relations,core
602,Government Relations Manager,Govt,484,Leadership,core
602,Government Relations Manager,Govt,491,Negotiation,core
602,Government Relations Manager,Govt,450,Policy Analysis,core
602,Government Relations Manager,Govt,449,Public Administration,core
602,Government Relations Manager,Govt,452,UPSC Preparation,core
602,Government Relations Manager,Govt,374,Business Analysis,secondary
602,Government Relations Manager,Govt,457,Disaster Management,secondary
602,Government Relations Manager,Govt,460,Municipal Administration,secondary
602,Government Relations Manager,Govt,455,Public Finance,secondary
602,Government Relations Manager,Govt,373,Strategic Planning,secondary
602,Government Relations Manager,Govt,492,Presentation Skills,bonus
602,Government Relations Manager,Govt,496,Research Skills,bonus
603,Public Finance Officer,Govt,215,Budgeting,core
603,Public Finance Officer,Govt,483,Communication,core
603,Public Finance Officer,Govt,199,Financial Modeling,core
603,Public Finance Officer,Govt,214,Financial Reporting,core
603,Public Finance Officer,Govt,450,Policy Analysis,core
603,Public Finance Officer,Govt,449,Public Administration,core
603,Public Finance Officer,Govt,455,Public Finance,core
603,Public Finance Officer,Govt,457,Disaster Management,secondary
603,Public Finance Officer,Govt,213,GST,secondary
603,Public Finance Officer,Govt,484,Leadership,secondary
603,Public Finance Officer,Govt,460,Municipal Administration,secondary
603,Public Finance Officer,Govt,211,Tax Planning,secondary
603,Public Finance Officer,Govt,491,Negotiation,bonus
603,Public Finance Officer,Govt,492,Presentation Skills,bonus
603,Public Finance Officer,Govt,496,Research Skills,bonus
604,Disaster Management Officer,Govt,483,Communication,core
604,Disaster Management Officer,Govt,457,Disaster Management,core
604,Disaster Management Officer,Govt,451,Government Relations,core
604,Disaster Management Officer,Govt,484,Leadership,core
604,Disaster Management Officer,Govt,450,Policy Analysis,core
604,Disaster Management Officer,Govt,449,Public Administration,core
604,Disaster Management Officer,Govt,452,UPSC Preparation,core
604,Disaster Management Officer,Govt,374,Business Analysis,secondary
604,Disaster Management Officer,Govt,460,Municipal Administration,secondary
604,Disaster Management Officer,Govt,455,Public Finance,secondary
604,Disaster Management Officer,Govt,373,Strategic Planning,secondary
604,Disaster Management Officer,Govt,456,Urban Planning,secondary
604,Disaster Management Officer,Govt,491,Negotiation,bonus
604,Disaster Management Officer,Govt,492,Presentation Skills,bonus
604,Disaster Management Officer,Govt,496,Research Skills,bonus
605,Defence Analyst,Govt,483,Communication,core
605,Defence Analyst,Govt,458,Defence Studies,core
605,Defence Analyst,Govt,451,Government Relations,core
605,Defence Analyst,Govt,459,Intelligence Analysis,core
605,Defence Analyst,Govt,450,Policy Analysis,core
605,Defence Analyst,Govt,449,Public Administration,core
605,Defence Analyst,Govt,452,UPSC Preparation,core
605,Defence Analyst,Govt,457,Disaster Management,secondary
605,Defence Analyst,Govt,484,Leadership,secondary
605,Defence Analyst,Govt,460,Municipal Administration,secondary
605,Defence Analyst,Govt,455,Public Finance,secondary
605,Defence Analyst,Govt,373,Strategic Planning,secondary
605,Defence Analyst,Govt,491,Negotiation,bonus
605,Defence Analyst,Govt,492,Presentation Skills,bonus
605,Defence Analyst,Govt,496,Research Skills,bonus
606,Intelligence Analyst,Govt,483,Communication,core
606,Intelligence Analyst,Govt,458,Defence Studies,core
606,Intelligence Analyst,Govt,451,Government Relations,core
606,Intelligence Analyst,Govt,459,Intelligence Analysis,core
606,Intelligence Analyst,Govt,450,Policy Analysis,core
606,Intelligence Analyst,Govt,449,Public Administration,core
606,Intelligence Analyst,Govt,452,UPSC Preparation,core
606,Intelligence Analyst,Govt,457,Disaster Management,secondary
606,Intelligence Analyst,Govt,484,Leadership,secondary
606,Intelligence Analyst,Govt,460,Municipal Administration,secondary
606,Intelligence Analyst,Govt,455,Public Finance,secondary
606,Intelligence Analyst,Govt,373,Strategic Planning,secondary
606,Intelligence Analyst,Govt,491,Negotiation,bonus
606,Intelligence Analyst,Govt,492,Presentation Skills,bonus
606,Intelligence Analyst,Govt,496,Research Skills,bonus
607,Municipal Commissioner,Govt,451,Government Relations,core
607,Municipal Commissioner,Govt,484,Leadership,core
607,Municipal Commissioner,Govt,460,Municipal Administration,core
607,Municipal Commissioner,Govt,450,Policy Analysis,core
607,Municipal Commissioner,Govt,449,Public Administration,core
607,Municipal Commissioner,Govt,373,Strategic Planning,core
607,Municipal Commissioner,Govt,456,Urban Planning,core
607,Municipal Commissioner,Govt,374,Business Analysis,secondary
607,Municipal Commissioner,Govt,458,Defence Studies,secondary
607,Municipal Commissioner,Govt,457,Disaster Management,secondary
607,Municipal Commissioner,Govt,459,Intelligence Analysis,secondary
607,Municipal Commissioner,Govt,455,Public Finance,secondary
607,Municipal Commissioner,Govt,491,Negotiation,bonus
607,Municipal Commissioner,Govt,492,Presentation Skills,bonus
607,Municipal Commissioner,Govt,496,Research Skills,bonus
608,RTI Officer,Govt,499,Attention to Detail,core
608,RTI Officer,Govt,483,Communication,core
608,RTI Officer,Govt,451,Government Relations,core
608,RTI Officer,Govt,450,Policy Analysis,core
608,RTI Officer,Govt,449,Public Administration,core
608,RTI Officer,Govt,453,RTI,core
608,RTI Officer,Govt,452,UPSC Preparation,core
608,RTI Officer,Govt,457,Disaster Management,secondary
608,RTI Officer,Govt,484,Leadership,secondary
608,RTI Officer,Govt,460,Municipal Administration,secondary
608,RTI Officer,Govt,455,Public Finance,secondary
608,RTI Officer,Govt,373,Strategic Planning,secondary
608,RTI Officer,Govt,491,Negotiation,bonus
608,RTI Officer,Govt,492,Presentation Skills,bonus
608,RTI Officer,Govt,496,Research Skills,bonus
609,E-Governance Specialist,Govt,483,Communication,core
609,E-Governance Specialist,Govt,84,Docker,core
609,E-Governance Specialist,Govt,454,E-Governance,core
609,E-Governance Specialist,Govt,6,JavaScript,core
609,E-Governance Specialist,Govt,450,Policy Analysis,core
609,E-Governance Specialist,Govt,449,Public Administration,core
609,E-Governance Specialist,Govt,1,Python,core
609,E-Governance Specialist,Govt,457,Disaster Management,secondary
609,E-Governance Specialist,Govt,484,Leadership,secondary
609,E-Governance Specialist,Govt,460,Municipal Administration,secondary
609,E-Governance Specialist,Govt,455,Public Finance,secondary
609,E-Governance Specialist,Govt,373,Strategic Planning,secondary
609,E-Governance Specialist,Govt,491,Negotiation,bonus
609,E-Governance Specialist,Govt,492,Presentation Skills,bonus
609,E-Governance Specialist,Govt,496,Research Skills,bonus
610,Public Health Administrator,Govt,483,Communication,core
610,Public Health Administrator,Govt,451,Government Relations,core
610,Public Health Administrator,Govt,484,Leadership,core
610,Public Health Administrator,Govt,450,Policy Analysis,core
610,Public Health Administrator,Govt,449,Public Administration,core
610,Public Health Administrator,Govt,245,Public Health,core
610,Public Health Administrator,Govt,452,UPSC Preparation,core
610,Public Health Administrator,Govt,374,Business Analysis,secondary
610,Public Health Administrator,Govt,457,Disaster Management,secondary
610,Public Health Administrator,Govt,460,Municipal Administration,secondary
610,Public Health Administrator,Govt,455,Public Finance,secondary
610,Public Health Administrator,Govt,373,Strategic Planning,secondary
610,Public Health Administrator,Govt,491,Negotiation,bonus
610,Public Health Administrator,Govt,492,Presentation Skills,bonus
610,Public Health Administrator,Govt,496,Research Skills,bonus
611,Revenue Officer,Govt,483,Communication,core
611,Revenue Officer,Govt,451,Government Relations,core
611,Revenue Officer,Govt,450,Policy Analysis,core
611,Revenue Officer,Govt,449,Public Administration,core
611,Revenue Officer,Govt,455,Public Finance,core
611,Revenue Officer,Govt,381,Tax Law,core
611,Revenue Officer,Govt,452,UPSC Preparation,core
611,Revenue Officer,Govt,457,Disaster Management,secondary
611,Revenue Officer,Govt,213,GST,secondary
611,Revenue Officer,Govt,484,Leadership,secondary
611,Revenue Officer,Govt,460,Municipal Administration,secondary
611,Revenue Officer,Govt,211,Tax Planning,secondary
611,Revenue Officer,Govt,491,Negotiation,bonus
611,Revenue Officer,Govt,492,Presentation Skills,bonus
611,Revenue Officer,Govt,496,Research Skills,bonus
612,Panchayat Development Officer,Govt,483,Communication,core
612,Panchayat Development Officer,Govt,473,Community Development,core
612,Panchayat Development Officer,Govt,451,Government Relations,core
612,Panchayat Development Officer,Govt,450,Policy Analysis,core
612,Panchayat Development Officer,Govt,449,Public Administration,core
612,Panchayat Development Officer,Govt,481,Rural Development,core
612,Panchayat Development Officer,Govt,452,UPSC Preparation,core
612,Panchayat Development Officer,Govt,457,Disaster Management,secondary
612,Panchayat Development Officer,Govt,484,Leadership,secondary
612,Panchayat Development Officer,Govt,460,Municipal Administration,secondary
612,Panchayat Development Officer,Govt,455,Public Finance,secondary
612,Panchayat Development Officer,Govt,373,Strategic Planning,secondary
612,Panchayat Development Officer,Govt,491,Negotiation,bonus
612,Panchayat Development Officer,Govt,492,Presentation Skills,bonus
612,Panchayat Development Officer,Govt,496,Research Skills,bonus
613,Social Welfare Officer,Govt,483,Communication,core
613,Social Welfare Officer,Govt,473,Community Development,core
613,Social Welfare Officer,Govt,477,Counselling,core
613,Social Welfare Officer,Govt,451,Government Relations,core
613,Social Welfare Officer,Govt,450,Policy Analysis,core
613,Social Welfare Officer,Govt,449,Public Administration,core
613,Social Welfare Officer,Govt,452,UPSC Preparation,core
613,Social Welfare Officer,Govt,457,Disaster Management,secondary
613,Social Welfare Officer,Govt,484,Leadership,secondary
613,Social Welfare Officer,Govt,460,Municipal Administration,secondary
613,Social Welfare Officer,Govt,455,Public Finance,secondary
613,Social Welfare Officer,Govt,373,Strategic Planning,secondary
613,Social Welfare Officer,Govt,491,Negotiation,bonus
613,Social Welfare Officer,Govt,492,Presentation Skills,bonus
613,Social Welfare Officer,Govt,496,Research Skills,bonus
614,Block Development Officer,Govt,473,Community Development,core
614,Block Development Officer,Govt,451,Government Relations,core
614,Block Development Officer,Govt,484,Leadership,core
614,Block Development Officer,Govt,450,Policy Analysis,core
614,Block Development Officer,Govt,449,Public Administration,core
614,Block Development Officer,Govt,481,Rural Development,core
614,Block Development Officer,Govt,452,UPSC Preparation,core
614,Block Development Officer,Govt,374,Business Analysis,secondary
614,Block Development Officer,Govt,457,Disaster Management,secondary
614,Block Development Officer,Govt,460,Municipal Administration,secondary
614,Block Development Officer,Govt,455,Public Finance,secondary
614,Block Development Officer,Govt,373,Strategic Planning,secondary
614,Block Development Officer,Govt,491,Negotiation,bonus
614,Block Development Officer,Govt,492,Presentation Skills,bonus
614,Block Development Officer,Govt,496,Research Skills,bonus
615,District Collector,Govt,451,Government Relations,core
615,District Collector,Govt,484,Leadership,core
615,District Collector,Govt,450,Policy Analysis,core
615,District Collector,Govt,449,Public Administration,core
615,District Collector,Govt,373,Strategic Planning,core
615,District Collector,Govt,452,UPSC Preparation,core
615,District Collector,Govt,456,Urban Planning,core
615,District Collector,Govt,374,Business Analysis,secondary
615,District Collector,Govt,457,Disaster Management,secondary
615,District Collector,Govt,460,Municipal Administration,secondary
615,District Collector,Govt,455,Public Finance,secondary
615,District Collector,Govt,491,Negotiation,bonus
615,District Collector,Govt,492,Presentation Skills,bonus
615,District Collector,Govt,496,Research Skills,bonus
616,Sub-Divisional Magistrate,Govt,383,Constitutional Law,core
616,Sub-Divisional Magistrate,Govt,376,Contract Law,core
616,Sub-Divisional Magistrate,Govt,451,Government Relations,core
616,Sub-Divisional Magistrate,Govt,484,Leadership,core
616,Sub-Divisional Magistrate,Govt,450,Policy Analysis,core
616,Sub-Divisional Magistrate,Govt,449,Public Administration,core
616,Sub-Divisional Magistrate,Govt,452,UPSC Preparation,core
616,Sub-Divisional Magistrate,Govt,374,Business Analysis,secondary
616,Sub-Divisional Magistrate,Govt,457,Disaster Management,secondary
616,Sub-Divisional Magistrate,Govt,460,Municipal Administration,secondary
616,Sub-Divisional Magistrate,Govt,455,Public Finance,secondary
616,Sub-Divisional Magistrate,Govt,373,Strategic Planning,secondary
616,Sub-Divisional Magistrate,Govt,491,Negotiation,bonus
616,Sub-Divisional Magistrate,Govt,492,Presentation Skills,bonus
616,Sub-Divisional Magistrate,Govt,496,Research Skills,bonus
617,Customs Officer,Govt,483,Communication,core
617,Customs Officer,Govt,451,Government Relations,core
617,Customs Officer,Govt,384,International Law,core
617,Customs Officer,Govt,225,KYC/AML,core
617,Customs Officer,Govt,450,Policy Analysis,core
617,Customs Officer,Govt,449,Public Administration,core
617,Customs Officer,Govt,452,UPSC Preparation,core
617,Customs Officer,Govt,457,Disaster Management,secondary
617,Customs Officer,Govt,484,Leadership,secondary
617,Customs Officer,Govt,460,Municipal Administration,secondary
617,Customs Officer,Govt,455,Public Finance,secondary
617,Customs Officer,Govt,373,Strategic Planning,secondary
617,Customs Officer,Govt,491,Negotiation,bonus
617,Customs Officer,Govt,492,Presentation Skills,bonus
617,Customs Officer,Govt,496,Research Skills,bonus
618,Forest Officer,Govt,483,Communication,core
618,Forest Officer,Govt,440,Environmental Impact Assessment,core
618,Forest Officer,Govt,443,Forestry,core
618,Forest Officer,Govt,451,Government Relations,core
618,Forest Officer,Govt,450,Policy Analysis,core
618,Forest Officer,Govt,449,Public Administration,core
618,Forest Officer,Govt,444,Wildlife Management,core
618,Forest Officer,Govt,457,Disaster Management,secondary
618,Forest Officer,Govt,484,Leadership,secondary
618,Forest Officer,Govt,460,Municipal Administration,secondary
618,Forest Officer,Govt,455,Public Finance,secondary
618,Forest Officer,Govt,373,Strategic Planning,secondary
618,Forest Officer,Govt,491,Negotiation,bonus
618,Forest Officer,Govt,492,Presentation Skills,bonus
618,Forest Officer,Govt,496,Research Skills,bonus
619,Agricultural Officer,Govt,437,Agricultural Extension,core
619,Agricultural Officer,Govt,483,Communication,core
619,Agricultural Officer,Govt,433,Crop Science,core
619,Agricultural Officer,Govt,451,Government Relations,core
619,Agricultural Officer,Govt,450,Policy Analysis,core
619,Agricultural Officer,Govt,449,Public Administration,core
619,Agricultural Officer,Govt,434,Soil Science,core
619,Agricultural Officer,Govt,457,Disaster Management,secondary
619,Agricultural Officer,Govt,484,Leadership,secondary
619,Agricultural Officer,Govt,460,Municipal Administration,secondary
619,Agricultural Officer,Govt,455,Public Finance,secondary
619,Agricultural Officer,Govt,373,Strategic Planning,secondary
619,Agricultural Officer,Govt,491,Negotiation,bonus
619,Agricultural Officer,Govt,492,Presentation Skills,bonus
619,Agricultural Officer,Govt,496,Research Skills,bonus
620,Labour Inspector,Govt,483,Communication,core
620,Labour Inspector,Govt,451,Government Relations,core
620,Labour Inspector,Govt,356,Labor Law,core
620,Labour Inspector,Govt,382,Labour Law,core
620,Labour Inspector,Govt,450,Policy Analysis,core
620,Labour Inspector,Govt,449,Public Administration,core
620,Labour Inspector,Govt,457,Disaster Management,secondary
620,Labour Inspector,Govt,484,Leadership,secondary
620,Labour Inspector,Govt,460,Municipal Administration,secondary
620,Labour Inspector,Govt,455,Public Finance,secondary
620,Labour Inspector,Govt,373,Strategic Planning,secondary
620,Labour Inspector,Govt,491,Negotiation,bonus
620,Labour Inspector,Govt,492,Presentation Skills,bonus
620,Labour Inspector,Govt,496,Research Skills,bonus
621,Election Commissioner,Govt,383,Constitutional Law,core
621,Election Commissioner,Govt,454,E-Governance,core
621,Election Commissioner,Govt,451,Government Relations,core
621,Election Commissioner,Govt,484,Leadership,core
621,Election Commissioner,Govt,450,Policy Analysis,core
621,Election Commissioner,Govt,449,Public Administration,core
621,Election Commissioner,Govt,452,UPSC Preparation,core
621,Election Commissioner,Govt,374,Business Analysis,secondary
621,Election Commissioner,Govt,457,Disaster Management,secondary
621,Election Commissioner,Govt,460,Municipal Administration,secondary
621,Election Commissioner,Govt,455,Public Finance,secondary
621,Election Commissioner,Govt,373,Strategic Planning,secondary
621,Election Commissioner,Govt,491,Negotiation,bonus
621,Election Commissioner,Govt,492,Presentation Skills,bonus
621,Election Commissioner,Govt,496,Research Skills,bonus
622,National Security Analyst,Govt,483,Communication,core
622,National Security Analyst,Govt,458,Defence Studies,core
622,National Security Analyst,Govt,451,Government Relations,core
622,National Security Analyst,Govt,459,Intelligence Analysis,core
622,National Security Analyst,Govt,450,Policy Analysis,core
622,National Security Analyst,Govt,449,Public Administration,core
622,National Security Analyst,Govt,452,UPSC Preparation,core
622,National Security Analyst,Govt,457,Disaster Management,secondary
622,National Security Analyst,Govt,484,Leadership,secondary
622,National Security Analyst,Govt,460,Municipal Administration,secondary
622,National Security Analyst,Govt,455,Public Finance,secondary
622,National Security Analyst,Govt,373,Strategic Planning,secondary
622,National Security Analyst,Govt,491,Negotiation,bonus
622,National Security Analyst,Govt,492,Presentation Skills,bonus
622,National Security Analyst,Govt,496,Research Skills,bonus
623,Cyber Crime Officer,Govt,483,Communication,core
623,Cyber Crime Officer,Govt,162,Ethical Hacking,core
623,Cyber Crime Officer,Govt,451,Government Relations,core
623,Cyber Crime Officer,Govt,161,Penetration Testing,core
623,Cyber Crime Officer,Govt,450,Policy Analysis,core
623,Cyber Crime Officer,Govt,449,Public Administration,core
623,Cyber Crime Officer,Govt,452,UPSC Preparation,core
623,Cyber Crime Officer,Govt,165,Cryptography,secondary
623,Cyber Crime Officer,Govt,484,Leadership,secondary
623,Cyber Crime Officer,Govt,163,Network Security,secondary
623,Cyber Crime Officer,Govt,164,OWASP,secondary
623,Cyber Crime Officer,Govt,373,Strategic Planning,secondary
623,Cyber Crime Officer,Govt,491,Negotiation,bonus
623,Cyber Crime Officer,Govt,492,Presentation Skills,bonus
623,Cyber Crime Officer,Govt,496,Research Skills,bonus
624,Statistical Officer,Govt,497,Analytical Thinking,core
624,Statistical Officer,Govt,451,Government Relations,core
624,Statistical Officer,Govt,450,Policy Analysis,core
624,Statistical Officer,Govt,145,Probability,core
624,Statistical Officer,Govt,449,Public Administration,core
624,Statistical Officer,Govt,1,Python,core
624,Statistical Officer,Govt,144,Statistics,core
624,Statistical Officer,Govt,247,Biostatistics,secondary
624,Statistical Officer,Govt,484,Leadership,secondary
624,Statistical Officer,Govt,127,NumPy,secondary
624,Statistical Officer,Govt,126,Pandas,secondary
624,Statistical Officer,Govt,373,Strategic Planning,secondary
624,Statistical Officer,Govt,491,Negotiation,bonus
624,Statistical Officer,Govt,492,Presentation Skills,bonus
624,Statistical Officer,Govt,496,Research Skills,bonus
625,Welfare Scheme Analyst,Govt,483,Communication,core
625,Welfare Scheme Analyst,Govt,473,Community Development,core
625,Welfare Scheme Analyst,Govt,477,Counselling,core
625,Welfare Scheme Analyst,Govt,451,Government Relations,core
625,Welfare Scheme Analyst,Govt,450,Policy Analysis,core
625,Welfare Scheme Analyst,Govt,449,Public Administration,core
625,Welfare Scheme Analyst,Govt,452,UPSC Preparation,core
625,Welfare Scheme Analyst,Govt,457,Disaster Management,secondary
625,Welfare Scheme Analyst,Govt,484,Leadership,secondary
625,Welfare Scheme Analyst,Govt,460,Municipal Administration,secondary
625,Welfare Scheme Analyst,Govt,455,Public Finance,secondary
625,Welfare Scheme Analyst,Govt,373,Strategic Planning,secondary
625,Welfare Scheme Analyst,Govt,491,Negotiation,bonus
625,Welfare Scheme Analyst,Govt,492,Presentation Skills,bonus
625,Welfare Scheme Analyst,Govt,496,Research Skills,bonus
626,Personal Trainer,Sports,461,Athletic Training,core
626,Personal Trainer,Sports,483,Communication,core
626,Personal Trainer,Sports,466,Fitness Assessment,core
626,Personal Trainer,Sports,467,Personal Training,core
626,Personal Trainer,Sports,463,Sports Nutrition,core
626,Personal Trainer,Sports,462,Strength and Conditioning,core
626,Personal Trainer,Sports,488,Time Management,core
626,Personal Trainer,Sports,471,Sports Analytics,secondary
626,Personal Trainer,Sports,469,Sports Medicine,secondary
626,Personal Trainer,Sports,464,Sports Psychology,secondary
626,Personal Trainer,Sports,470,Team Management,secondary
626,Personal Trainer,Sports,468,Yoga,secondary
626,Personal Trainer,Sports,244,Nutrition,bonus
626,Personal Trainer,Sports,283,Physical Education,bonus
626,Personal Trainer,Sports,472,Referee Training,bonus
627,Fitness Coach,Sports,461,Athletic Training,core
627,Fitness Coach,Sports,483,Communication,core
627,Fitness Coach,Sports,466,Fitness Assessment,core
627,Fitness Coach,Sports,467,Personal Training,core
627,Fitness Coach,Sports,463,Sports Nutrition,core
627,Fitness Coach,Sports,462,Strength and Conditioning,core
627,Fitness Coach,Sports,488,Time Management,core
627,Fitness Coach,Sports,471,Sports Analytics,secondary
627,Fitness Coach,Sports,469,Sports Medicine,secondary
627,Fitness Coach,Sports,464,Sports Psychology,secondary
627,Fitness Coach,Sports,470,Team Management,secondary
627,Fitness Coach,Sports,468,Yoga,secondary
627,Fitness Coach,Sports,244,Nutrition,bonus
627,Fitness Coach,Sports,283,Physical Education,bonus
627,Fitness Coach,Sports,472,Referee Training,bonus
628,Sports Coach,Sports,461,Athletic Training,core
628,Sports Coach,Sports,466,Fitness Assessment,core
628,Sports Coach,Sports,465,Game Strategy,core
628,Sports Coach,Sports,484,Leadership,core
628,Sports Coach,Sports,462,Strength and Conditioning,core
628,Sports Coach,Sports,470,Team Management,core
628,Sports Coach,Sports,488,Time Management,core
628,Sports Coach,Sports,472,Referee Training,secondary
628,Sports Coach,Sports,471,Sports Analytics,secondary
628,Sports Coach,Sports,469,Sports Medicine,secondary
628,Sports Coach,Sports,463,Sports Nutrition,secondary
628,Sports Coach,Sports,464,Sports Psychology,secondary
628,Sports Coach,Sports,244,Nutrition,bonus
628,Sports Coach,Sports,283,Physical Education,bonus
628,Sports Coach,Sports,284,Sports Coaching,bonus
629,Yoga Teacher,Sports,461,Athletic Training,core
629,Yoga Teacher,Sports,483,Communication,core
629,Yoga Teacher,Sports,466,Fitness Assessment,core
629,Yoga Teacher,Sports,467,Personal Training,core
629,Yoga Teacher,Sports,463,Sports Nutrition,core
629,Yoga Teacher,Sports,488,Time Management,core
629,Yoga Teacher,Sports,468,Yoga,core
629,Yoga Teacher,Sports,465,Game Strategy,secondary
629,Yoga Teacher,Sports,471,Sports Analytics,secondary
629,Yoga Teacher,Sports,469,Sports Medicine,secondary
629,Yoga Teacher,Sports,464,Sports Psychology,secondary
629,Yoga Teacher,Sports,470,Team Management,secondary
629,Yoga Teacher,Sports,490,Emotional Intelligence,bonus
629,Yoga Teacher,Sports,244,Nutrition,bonus
629,Yoga Teacher,Sports,283,Physical Education,bonus
630,Nutritionist (Sports),Sports,461,Athletic Training,core
630,Nutritionist (Sports),Sports,499,Attention to Detail,core
630,Nutritionist (Sports),Sports,483,Communication,core
630,Nutritionist (Sports),Sports,466,Fitness Assessment,core
630,Nutritionist (Sports),Sports,244,Nutrition,core
630,Nutritionist (Sports),Sports,463,Sports Nutrition,core
630,Nutritionist (Sports),Sports,462,Strength and Conditioning,core
630,Nutritionist (Sports),Sports,465,Game Strategy,secondary
630,Nutritionist (Sports),Sports,471,Sports Analytics,secondary
630,Nutritionist (Sports),Sports,469,Sports Medicine,secondary
630,Nutritionist (Sports),Sports,464,Sports Psychology,secondary
630,Nutritionist (Sports),Sports,470,Team Management,secondary
630,Nutritionist (Sports),Sports,283,Physical Education,bonus
630,Nutritionist (Sports),Sports,284,Sports Coaching,bonus
631,Athletic Trainer,Sports,461,Athletic Training,core
631,Athletic Trainer,Sports,466,Fitness Assessment,core
631,Athletic Trainer,Sports,484,Leadership,core
631,Athletic Trainer,Sports,467,Personal Training,core
631,Athletic Trainer,Sports,469,Sports Medicine,core
631,Athletic Trainer,Sports,463,Sports Nutrition,core
631,Athletic Trainer,Sports,462,Strength and Conditioning,core
631,Athletic Trainer,Sports,465,Game Strategy,secondary
631,Athletic Trainer,Sports,471,Sports Analytics,secondary
631,Athletic Trainer,Sports,464,Sports Psychology,secondary
631,Athletic Trainer,Sports,470,Team Management,secondary
631,Athletic Trainer,Sports,468,Yoga,secondary
631,Athletic Trainer,Sports,244,Nutrition,bonus
631,Athletic Trainer,Sports,283,Physical Education,bonus
631,Athletic Trainer,Sports,472,Referee Training,bonus
632,Sports Physiotherapist,Sports,461,Athletic Training,core
632,Sports Physiotherapist,Sports,499,Attention to Detail,core
632,Sports Physiotherapist,Sports,483,Communication,core
632,Sports Physiotherapist,Sports,466,Fitness Assessment,core
632,Sports Physiotherapist,Sports,242,Physiotherapy,core
632,Sports Physiotherapist,Sports,469,Sports Medicine,core
632,Sports Physiotherapist,Sports,462,Strength and Conditioning,core
632,Sports Physiotherapist,Sports,465,Game Strategy,secondary
632,Sports Physiotherapist,Sports,463,Sports Nutrition,secondary
632,Sports Physiotherapist,Sports,464,Sports Psychology,secondary
632,Sports Physiotherapist,Sports,470,Team Management,secondary
632,Sports Physiotherapist,Sports,468,Yoga,secondary
632,Sports Physiotherapist,Sports,244,Nutrition,bonus
632,Sports Physiotherapist,Sports,283,Physical Education,bonus
632,Sports Physiotherapist,Sports,471,Sports Analytics,bonus
633,Sports Psychologist,Sports,461,Athletic Training,core
633,Sports Psychologist,Sports,483,Communication,core
633,Sports Psychologist,Sports,477,Counselling,core
633,Sports Psychologist,Sports,466,Fitness Assessment,core
633,Sports Psychologist,Sports,467,Personal Training,core
633,Sports Psychologist,Sports,464,Sports Psychology,core
633,Sports Psychologist,Sports,462,Strength and Conditioning,core
633,Sports Psychologist,Sports,465,Game Strategy,secondary
633,Sports Psychologist,Sports,469,Sports Medicine,secondary
633,Sports Psychologist,Sports,463,Sports Nutrition,secondary
633,Sports Psychologist,Sports,470,Team Management,secondary
633,Sports Psychologist,Sports,468,Yoga,secondary
633,Sports Psychologist,Sports,283,Physical Education,bonus
633,Sports Psychologist,Sports,241,Psychiatry,bonus
633,Sports Psychologist,Sports,471,Sports Analytics,bonus
634,Sports Analyst,Sports,461,Athletic Training,core
634,Sports Analyst,Sports,466,Fitness Assessment,core
634,Sports Analyst,Sports,126,Pandas,core
634,Sports Analyst,Sports,1,Python,core
634,Sports Analyst,Sports,471,Sports Analytics,core
634,Sports Analyst,Sports,144,Statistics,core
634,Sports Analyst,Sports,462,Strength and Conditioning,core
634,Sports Analyst,Sports,465,Game Strategy,secondary
634,Sports Analyst,Sports,463,Sports Nutrition,secondary
634,Sports Analyst,Sports,464,Sports Psychology,secondary
634,Sports Analyst,Sports,133,Tableau,secondary
634,Sports Analyst,Sports,470,Team Management,secondary
634,Sports Analyst,Sports,283,Physical Education,bonus
634,Sports Analyst,Sports,134,Power BI,bonus
635,Sports Manager,Sports,461,Athletic Training,core
635,Sports Manager,Sports,465,Game Strategy,core
635,Sports Manager,Sports,484,Leadership,core
635,Sports Manager,Sports,491,Negotiation,core
635,Sports Manager,Sports,373,Strategic Planning,core
635,Sports Manager,Sports,462,Strength and Conditioning,core
635,Sports Manager,Sports,470,Team Management,core
635,Sports Manager,Sports,466,Fitness Assessment,secondary
635,Sports Manager,Sports,471,Sports Analytics,secondary
635,Sports Manager,Sports,469,Sports Medicine,secondary
635,Sports Manager,Sports,463,Sports Nutrition,secondary
635,Sports Manager,Sports,464,Sports Psychology,secondary
635,Sports Manager,Sports,244,Nutrition,bonus
635,Sports Manager,Sports,283,Physical Education,bonus
635,Sports Manager,Sports,472,Referee Training,bonus
636,Sports Journalist (Media),Sports,461,Athletic Training,core
636,Sports Journalist (Media),Sports,483,Communication,core
636,Sports Journalist (Media),Sports,465,Game Strategy,core
636,Sports Journalist (Media),Sports,396,Journalism,core
636,Sports Journalist (Media),Sports,397,News Writing,core
636,Sports Journalist (Media),Sports,492,Presentation Skills,core
636,Sports Journalist (Media),Sports,462,Strength and Conditioning,core
636,Sports Journalist (Media),Sports,398,Editing,secondary
636,Sports Journalist (Media),Sports,400,Photography,secondary
636,Sports Journalist (Media),Sports,471,Sports Analytics,secondary
636,Sports Journalist (Media),Sports,470,Team Management,secondary
636,Sports Journalist (Media),Sports,399,Video Production,secondary
636,Sports Journalist (Media),Sports,412,Blogging,bonus
636,Sports Journalist (Media),Sports,408,Fact Checking,bonus
636,Sports Journalist (Media),Sports,407,Interviewing,bonus
637,Swimming Coach,Sports,461,Athletic Training,core
637,Swimming Coach,Sports,483,Communication,core
637,Swimming Coach,Sports,466,Fitness Assessment,core
637,Swimming Coach,Sports,467,Personal Training,core
637,Swimming Coach,Sports,283,Physical Education,core
637,Swimming Coach,Sports,462,Strength and Conditioning,core
637,Swimming Coach,Sports,488,Time Management,core
637,Swimming Coach,Sports,465,Game Strategy,secondary
637,Swimming Coach,Sports,471,Sports Analytics,secondary
637,Swimming Coach,Sports,469,Sports Medicine,secondary
637,Swimming Coach,Sports,464,Sports Psychology,secondary
637,Swimming Coach,Sports,470,Team Management,secondary
637,Swimming Coach,Sports,244,Nutrition,bonus
637,Swimming Coach,Sports,472,Referee Training,bonus
637,Swimming Coach,Sports,284,Sports Coaching,bonus
638,Cricket Coach,Sports,461,Athletic Training,core
638,Cricket Coach,Sports,466,Fitness Assessment,core
638,Cricket Coach,Sports,465,Game Strategy,core
638,Cricket Coach,Sports,484,Leadership,core
638,Cricket Coach,Sports,462,Strength and Conditioning,core
638,Cricket Coach,Sports,470,Team Management,core
638,Cricket Coach,Sports,488,Time Management,core
638,Cricket Coach,Sports,472,Referee Training,secondary
638,Cricket Coach,Sports,471,Sports Analytics,secondary
638,Cricket Coach,Sports,469,Sports Medicine,secondary
638,Cricket Coach,Sports,463,Sports Nutrition,secondary
638,Cricket Coach,Sports,464,Sports Psychology,secondary
638,Cricket Coach,Sports,244,Nutrition,bonus
638,Cricket Coach,Sports,283,Physical Education,bonus
638,Cricket Coach,Sports,284,Sports Coaching,bonus
639,Football Coach,Sports,461,Athletic Training,core
639,Football Coach,Sports,466,Fitness Assessment,core
639,Football Coach,Sports,465,Game Strategy,core
639,Football Coach,Sports,484,Leadership,core
639,Football Coach,Sports,462,Strength and Conditioning,core
639,Football Coach,Sports,470,Team Management,core
639,Football Coach,Sports,488,Time Management,core
639,Football Coach,Sports,472,Referee Training,secondary
639,Football Coach,Sports,471,Sports Analytics,secondary
639,Football Coach,Sports,469,Sports Medicine,secondary
639,Football Coach,Sports,463,Sports Nutrition,secondary
639,Football Coach,Sports,464,Sports Psychology,secondary
639,Football Coach,Sports,244,Nutrition,bonus
639,Football Coach,Sports,283,Physical Education,bonus
639,Football Coach,Sports,284,Sports Coaching,bonus
640,Basketball Coach,Sports,461,Athletic Training,core
640,Basketball Coach,Sports,466,Fitness Assessment,core
640,Basketball Coach,Sports,465,Game Strategy,core
640,Basketball Coach,Sports,484,Leadership,core
640,Basketball Coach,Sports,462,Strength and Conditioning,core
640,Basketball Coach,Sports,470,Team Management,core
640,Basketball Coach,Sports,488,Time Management,core
640,Basketball Coach,Sports,472,Referee Training,secondary
640,Basketball Coach,Sports,471,Sports Analytics,secondary
640,Basketball Coach,Sports,469,Sports Medicine,secondary
640,Basketball Coach,Sports,463,Sports Nutrition,secondary
640,Basketball Coach,Sports,464,Sports Psychology,secondary
640,Basketball Coach,Sports,244,Nutrition,bonus
640,Basketball Coach,Sports,283,Physical Education,bonus
640,Basketball Coach,Sports,284,Sports Coaching,bonus
641,Kabaddi Coach,Sports,461,Athletic Training,core
641,Kabaddi Coach,Sports,466,Fitness Assessment,core
641,Kabaddi Coach,Sports,465,Game Strategy,core
641,Kabaddi Coach,Sports,484,Leadership,core
641,Kabaddi Coach,Sports,462,Strength and Conditioning,core
641,Kabaddi Coach,Sports,470,Team Management,core
641,Kabaddi Coach,Sports,488,Time Management,core
641,Kabaddi Coach,Sports,472,Referee Training,secondary
641,Kabaddi Coach,Sports,471,Sports Analytics,secondary
641,Kabaddi Coach,Sports,469,Sports Medicine,secondary
641,Kabaddi Coach,Sports,463,Sports Nutrition,secondary
641,Kabaddi Coach,Sports,464,Sports Psychology,secondary
641,Kabaddi Coach,Sports,244,Nutrition,bonus
641,Kabaddi Coach,Sports,283,Physical Education,bonus
641,Kabaddi Coach,Sports,284,Sports Coaching,bonus
642,Athletics Coach,Sports,461,Athletic Training,core
642,Athletics Coach,Sports,466,Fitness Assessment,core
642,Athletics Coach,Sports,465,Game Strategy,core
642,Athletics Coach,Sports,484,Leadership,core
642,Athletics Coach,Sports,467,Personal Training,core
642,Athletics Coach,Sports,462,Strength and Conditioning,core
642,Athletics Coach,Sports,488,Time Management,core
642,Athletics Coach,Sports,471,Sports Analytics,secondary
642,Athletics Coach,Sports,469,Sports Medicine,secondary
642,Athletics Coach,Sports,463,Sports Nutrition,secondary
642,Athletics Coach,Sports,464,Sports Psychology,secondary
642,Athletics Coach,Sports,470,Team Management,secondary
642,Athletics Coach,Sports,244,Nutrition,bonus
642,Athletics Coach,Sports,283,Physical Education,bonus
642,Athletics Coach,Sports,472,Referee Training,bonus
643,Sports Event Manager,Sports,461,Athletic Training,core
643,Sports Event Manager,Sports,303,Event Marketing,core
643,Sports Event Manager,Sports,421,Event Planning,core
643,Sports Event Manager,Sports,484,Leadership,core
643,Sports Event Manager,Sports,491,Negotiation,core
643,Sports Event Manager,Sports,365,Project Management,core
643,Sports Event Manager,Sports,462,Strength and Conditioning,core
643,Sports Event Manager,Sports,465,Game Strategy,secondary
643,Sports Event Manager,Sports,469,Sports Medicine,secondary
643,Sports Event Manager,Sports,463,Sports Nutrition,secondary
643,Sports Event Manager,Sports,464,Sports Psychology,secondary
643,Sports Event Manager,Sports,470,Team Management,secondary
643,Sports Event Manager,Sports,244,Nutrition,bonus
643,Sports Event Manager,Sports,283,Physical Education,bonus
643,Sports Event Manager,Sports,471,Sports Analytics,bonus
644,Fitness Centre Manager,Sports,461,Athletic Training,core
644,Fitness Centre Manager,Sports,499,Attention to Detail,core
644,Fitness Centre Manager,Sports,466,Fitness Assessment,core
644,Fitness Centre Manager,Sports,484,Leadership,core
644,Fitness Centre Manager,Sports,467,Personal Training,core
644,Fitness Centre Manager,Sports,373,Strategic Planning,core
644,Fitness Centre Manager,Sports,462,Strength and Conditioning,core
644,Fitness Centre Manager,Sports,465,Game Strategy,secondary
644,Fitness Centre Manager,Sports,469,Sports Medicine,secondary
644,Fitness Centre Manager,Sports,463,Sports Nutrition,secondary
644,Fitness Centre Manager,Sports,464,Sports Psychology,secondary
644,Fitness Centre Manager,Sports,470,Team Management,secondary
644,Fitness Centre Manager,Sports,244,Nutrition,bonus
644,Fitness Centre Manager,Sports,283,Physical Education,bonus
644,Fitness Centre Manager,Sports,471,Sports Analytics,bonus
645,Olympic Preparation Coach,Sports,461,Athletic Training,core
645,Olympic Preparation Coach,Sports,466,Fitness Assessment,core
645,Olympic Preparation Coach,Sports,465,Game Strategy,core
645,Olympic Preparation Coach,Sports,484,Leadership,core
645,Olympic Preparation Coach,Sports,467,Personal Training,core
645,Olympic Preparation Coach,Sports,464,Sports Psychology,core
645,Olympic Preparation Coach,Sports,462,Strength and Conditioning,core
645,Olympic Preparation Coach,Sports,472,Referee Training,secondary
645,Olympic Preparation Coach,Sports,471,Sports Analytics,secondary
645,Olympic Preparation Coach,Sports,469,Sports Medicine,secondary
645,Olympic Preparation Coach,Sports,463,Sports Nutrition,secondary
645,Olympic Preparation Coach,Sports,470,Team Management,secondary
645,Olympic Preparation Coach,Sports,244,Nutrition,bonus
645,Olympic Preparation Coach,Sports,283,Physical Education,bonus
645,Olympic Preparation Coach,Sports,284,Sports Coaching,bonus
646,eSports Coach,Sports,461,Athletic Training,core
646,eSports Coach,Sports,465,Game Strategy,core
646,eSports Coach,Sports,6,JavaScript,core
646,eSports Coach,Sports,484,Leadership,core
646,eSports Coach,Sports,1,Python,core
646,eSports Coach,Sports,471,Sports Analytics,core
646,eSports Coach,Sports,462,Strength and Conditioning,core
646,eSports Coach,Sports,472,Referee Training,secondary
646,eSports Coach,Sports,470,Team Management,secondary
646,eSports Coach,Sports,518,Unity,secondary
646,eSports Coach,Sports,519,Unreal Engine,secondary
646,eSports Coach,Sports,520,Game Design,bonus
646,eSports Coach,Sports,283,Physical Education,bonus
646,eSports Coach,Sports,284,Sports Coaching,bonus
647,Wellness Coach,Sports,461,Athletic Training,core
647,Wellness Coach,Sports,483,Communication,core
647,Wellness Coach,Sports,466,Fitness Assessment,core
647,Wellness Coach,Sports,467,Personal Training,core
647,Wellness Coach,Sports,462,Strength and Conditioning,core
647,Wellness Coach,Sports,488,Time Management,core
647,Wellness Coach,Sports,468,Yoga,core
647,Wellness Coach,Sports,465,Game Strategy,secondary
647,Wellness Coach,Sports,469,Sports Medicine,secondary
647,Wellness Coach,Sports,463,Sports Nutrition,secondary
647,Wellness Coach,Sports,464,Sports Psychology,secondary
647,Wellness Coach,Sports,470,Team Management,secondary
647,Wellness Coach,Sports,490,Emotional Intelligence,bonus
647,Wellness Coach,Sports,244,Nutrition,bonus
647,Wellness Coach,Sports,471,Sports Analytics,bonus
648,Dance Coach,Sports,461,Athletic Training,core
648,Dance Coach,Sports,483,Communication,core
648,Dance Coach,Sports,498,Creativity,core
648,Dance Coach,Sports,466,Fitness Assessment,core
648,Dance Coach,Sports,467,Personal Training,core
648,Dance Coach,Sports,283,Physical Education,core
648,Dance Coach,Sports,462,Strength and Conditioning,core
648,Dance Coach,Sports,465,Game Strategy,secondary
648,Dance Coach,Sports,469,Sports Medicine,secondary
648,Dance Coach,Sports,463,Sports Nutrition,secondary
648,Dance Coach,Sports,464,Sports Psychology,secondary
648,Dance Coach,Sports,470,Team Management,secondary
648,Dance Coach,Sports,285,Music Education,bonus
648,Dance Coach,Sports,471,Sports Analytics,bonus
648,Dance Coach,Sports,284,Sports Coaching,bonus
649,Martial Arts Instructor,Sports,461,Athletic Training,core
649,Martial Arts Instructor,Sports,483,Communication,core
649,Martial Arts Instructor,Sports,466,Fitness Assessment,core
649,Martial Arts Instructor,Sports,467,Personal Training,core
649,Martial Arts Instructor,Sports,283,Physical Education,core
649,Martial Arts Instructor,Sports,462,Strength and Conditioning,core
649,Martial Arts Instructor,Sports,488,Time Management,core
649,Martial Arts Instructor,Sports,465,Game Strategy,secondary
649,Martial Arts Instructor,Sports,469,Sports Medicine,secondary
649,Martial Arts Instructor,Sports,463,Sports Nutrition,secondary
649,Martial Arts Instructor,Sports,464,Sports Psychology,secondary
649,Martial Arts Instructor,Sports,470,Team Management,secondary
649,Martial Arts Instructor,Sports,244,Nutrition,bonus
649,Martial Arts Instructor,Sports,471,Sports Analytics,bonus
649,Martial Arts Instructor,Sports,284,Sports Coaching,bonus
650,Badminton Coach,Sports,461,Athletic Training,core
650,Badminton Coach,Sports,466,Fitness Assessment,core
650,Badminton Coach,Sports,465,Game Strategy,core
650,Badminton Coach,Sports,484,Leadership,core
650,Badminton Coach,Sports,462,Strength and Conditioning,core
650,Badminton Coach,Sports,470,Team Management,core
650,Badminton Coach,Sports,488,Time Management,core
650,Badminton Coach,Sports,472,Referee Training,secondary
650,Badminton Coach,Sports,471,Sports Analytics,secondary
650,Badminton Coach,Sports,469,Sports Medicine,secondary
650,Badminton Coach,Sports,463,Sports Nutrition,secondary
650,Badminton Coach,Sports,464,Sports Psychology,secondary
650,Badminton Coach,Sports,244,Nutrition,bonus
650,Badminton Coach,Sports,283,Physical Education,bonus
650,Badminton Coach,Sports,284,Sports Coaching,bonus
651,Social Worker,Social Work,480,Advocacy,core
651,Social Worker,Social Work,475,Case Management,core
651,Social Worker,Social Work,483,Communication,core
651,Social Worker,Social Work,473,Community Development,core
651,Social Worker,Social Work,477,Counselling,core
651,Social Worker,Social Work,474,Social Research,core
651,Social Worker,Social Work,485,Teamwork,core
651,Social Worker,Social Work,476,Child Protection,secondary
651,Social Worker,Social Work,482,Fundraising,secondary
651,Social Worker,Social Work,479,Grant Writing,secondary
651,Social Worker,Social Work,478,NGO Management,secondary
651,Social Worker,Social Work,481,Rural Development,secondary
651,Social Worker,Social Work,493,Conflict Resolution,bonus
651,Social Worker,Social Work,490,Emotional Intelligence,bonus
652,Community Development Officer,Social Work,480,Advocacy,core
652,Community Development Officer,Social Work,475,Case Management,core
652,Community Development Officer,Social Work,483,Communication,core
652,Community Development Officer,Social Work,473,Community Development,core
652,Community Development Officer,Social Work,481,Rural Development,core
652,Community Development Officer,Social Work,474,Social Research,core
652,Community Development Officer,Social Work,485,Teamwork,core
652,Community Development Officer,Social Work,476,Child Protection,secondary
652,Community Development Officer,Social Work,477,Counselling,secondary
652,Community Development Officer,Social Work,482,Fundraising,secondary
652,Community Development Officer,Social Work,479,Grant Writing,secondary
652,Community Development Officer,Social Work,478,NGO Management,secondary
652,Community Development Officer,Social Work,493,Conflict Resolution,bonus
652,Community Development Officer,Social Work,490,Emotional Intelligence,bonus
653,Child Protection Officer,Social Work,475,Case Management,core
653,Child Protection Officer,Social Work,476,Child Protection,core
653,Child Protection Officer,Social Work,483,Communication,core
653,Child Protection Officer,Social Work,473,Community Development,core
653,Child Protection Officer,Social Work,477,Counselling,core
653,Child Protection Officer,Social Work,474,Social Research,core
653,Child Protection Officer,Social Work,485,Teamwork,core
653,Child Protection Officer,Social Work,480,Advocacy,secondary
653,Child Protection Officer,Social Work,482,Fundraising,secondary
653,Child Protection Officer,Social Work,479,Grant Writing,secondary
653,Child Protection Officer,Social Work,478,NGO Management,secondary
653,Child Protection Officer,Social Work,481,Rural Development,secondary
653,Child Protection Officer,Social Work,493,Conflict Resolution,bonus
653,Child Protection Officer,Social Work,490,Emotional Intelligence,bonus
654,NGO Manager,Social Work,480,Advocacy,core
654,NGO Manager,Social Work,475,Case Management,core
654,NGO Manager,Social Work,473,Community Development,core
654,NGO Manager,Social Work,484,Leadership,core
654,NGO Manager,Social Work,478,NGO Management,core
654,NGO Manager,Social Work,474,Social Research,core
654,NGO Manager,Social Work,373,Strategic Planning,core
654,NGO Manager,Social Work,476,Child Protection,secondary
654,NGO Manager,Social Work,477,Counselling,secondary
654,NGO Manager,Social Work,482,Fundraising,secondary
654,NGO Manager,Social Work,479,Grant Writing,secondary
654,NGO Manager,Social Work,481,Rural Development,secondary
654,NGO Manager,Social Work,493,Conflict Resolution,bonus
654,NGO Manager,Social Work,490,Emotional Intelligence,bonus
655,Grant Writer,Social Work,480,Advocacy,core
655,Grant Writer,Social Work,475,Case Management,core
655,Grant Writer,Social Work,483,Communication,core
655,Grant Writer,Social Work,473,Community Development,core
655,Grant Writer,Social Work,479,Grant Writing,core
655,Grant Writer,Social Work,492,Presentation Skills,core
655,Grant Writer,Social Work,474,Social Research,core
655,Grant Writer,Social Work,476,Child Protection,secondary
655,Grant Writer,Social Work,477,Counselling,secondary
655,Grant Writer,Social Work,482,Fundraising,secondary
655,Grant Writer,Social Work,478,NGO Management,secondary
655,Grant Writer,Social Work,481,Rural Development,secondary
655,Grant Writer,Social Work,493,Conflict Resolution,bonus
655,Grant Writer,Social Work,490,Emotional Intelligence,bonus
656,Advocacy Manager,Social Work,480,Advocacy,core
656,Advocacy Manager,Social Work,475,Case Management,core
656,Advocacy Manager,Social Work,483,Communication,core
656,Advocacy Manager,Social Work,473,Community Development,core
656,Advocacy Manager,Social Work,479,Grant Writing,core
656,Advocacy Manager,Social Work,492,Presentation Skills,core
656,Advocacy Manager,Social Work,474,Social Research,core
656,Advocacy Manager,Social Work,476,Child Protection,secondary
656,Advocacy Manager,Social Work,477,Counselling,secondary
656,Advocacy Manager,Social Work,482,Fundraising,secondary
656,Advocacy Manager,Social Work,478,NGO Management,secondary
656,Advocacy Manager,Social Work,481,Rural Development,secondary
656,Advocacy Manager,Social Work,493,Conflict Resolution,bonus
656,Advocacy Manager,Social Work,490,Emotional Intelligence,bonus
657,Rural Development Officer,Social Work,480,Advocacy,core
657,Rural Development Officer,Social Work,475,Case Management,core
657,Rural Development Officer,Social Work,483,Communication,core
657,Rural Development Officer,Social Work,473,Community Development,core
657,Rural Development Officer,Social Work,481,Rural Development,core
657,Rural Development Officer,Social Work,474,Social Research,core
657,Rural Development Officer,Social Work,485,Teamwork,core
657,Rural Development Officer,Social Work,476,Child Protection,secondary
657,Rural Development Officer,Social Work,477,Counselling,secondary
657,Rural Development Officer,Social Work,482,Fundraising,secondary
657,Rural Development Officer,Social Work,479,Grant Writing,secondary
657,Rural Development Officer,Social Work,478,NGO Management,secondary
657,Rural Development Officer,Social Work,493,Conflict Resolution,bonus
657,Rural Development Officer,Social Work,490,Emotional Intelligence,bonus
658,Fundraising Manager,Social Work,480,Advocacy,core
658,Fundraising Manager,Social Work,475,Case Management,core
658,Fundraising Manager,Social Work,473,Community Development,core
658,Fundraising Manager,Social Work,482,Fundraising,core
658,Fundraising Manager,Social Work,484,Leadership,core
658,Fundraising Manager,Social Work,491,Negotiation,core
658,Fundraising Manager,Social Work,474,Social Research,core
658,Fundraising Manager,Social Work,476,Child Protection,secondary
658,Fundraising Manager,Social Work,477,Counselling,secondary
658,Fundraising Manager,Social Work,479,Grant Writing,secondary
658,Fundraising Manager,Social Work,478,NGO Management,secondary
658,Fundraising Manager,Social Work,481,Rural Development,secondary
658,Fundraising Manager,Social Work,493,Conflict Resolution,bonus
658,Fundraising Manager,Social Work,490,Emotional Intelligence,bonus
659,Counsellor,Social Work,475,Case Management,core
659,Counsellor,Social Work,483,Communication,core
659,Counsellor,Social Work,473,Community Development,core
659,Counsellor,Social Work,477,Counselling,core
659,Counsellor,Social Work,490,Emotional Intelligence,core
659,Counsellor,Social Work,474,Social Research,core
659,Counsellor,Social Work,485,Teamwork,core
659,Counsellor,Social Work,480,Advocacy,secondary
659,Counsellor,Social Work,476,Child Protection,secondary
659,Counsellor,Social Work,479,Grant Writing,secondary
659,Counsellor,Social Work,478,NGO Management,secondary
659,Counsellor,Social Work,481,Rural Development,secondary
659,Counsellor,Social Work,493,Conflict Resolution,bonus
659,Counsellor,Social Work,267,Educational Psychology,bonus
660,Human Rights Activist,Social Work,480,Advocacy,core
660,Human Rights Activist,Social Work,475,Case Management,core
660,Human Rights Activist,Social Work,483,Communication,core
660,Human Rights Activist,Social Work,473,Community Development,core
660,Human Rights Activist,Social Work,383,Constitutional Law,core
660,Human Rights Activist,Social Work,449,Public Administration,core
660,Human Rights Activist,Social Work,474,Social Research,core
660,Human Rights Activist,Social Work,476,Child Protection,secondary
660,Human Rights Activist,Social Work,477,Counselling,secondary
660,Human Rights Activist,Social Work,479,Grant Writing,secondary
660,Human Rights Activist,Social Work,478,NGO Management,secondary
660,Human Rights Activist,Social Work,481,Rural Development,secondary
660,Human Rights Activist,Social Work,493,Conflict Resolution,bonus
660,Human Rights Activist,Social Work,490,Emotional Intelligence,bonus
661,Youth Development Officer,Social Work,480,Advocacy,core
661,Youth Development Officer,Social Work,475,Case Management,core
661,Youth Development Officer,Social Work,483,Communication,core
661,Youth Development Officer,Social Work,473,Community Development,core
661,Youth Development Officer,Social Work,477,Counselling,core
661,Youth Development Officer,Social Work,474,Social Research,core
661,Youth Development Officer,Social Work,485,Teamwork,core
661,Youth Development Officer,Social Work,476,Child Protection,secondary
661,Youth Development Officer,Social Work,482,Fundraising,secondary
661,Youth Development Officer,Social Work,479,Grant Writing,secondary
661,Youth Development Officer,Social Work,478,NGO Management,secondary
661,Youth Development Officer,Social Work,481,Rural Development,secondary
661,Youth Development Officer,Social Work,493,Conflict Resolution,bonus
661,Youth Development Officer,Social Work,490,Emotional Intelligence,bonus
662,Disability Rights Advocate,Social Work,480,Advocacy,core
662,Disability Rights Advocate,Social Work,475,Case Management,core
662,Disability Rights Advocate,Social Work,476,Child Protection,core
662,Disability Rights Advocate,Social Work,483,Communication,core
662,Disability Rights Advocate,Social Work,473,Community Development,core
662,Disability Rights Advocate,Social Work,474,Social Research,core
662,Disability Rights Advocate,Social Work,485,Teamwork,core
662,Disability Rights Advocate,Social Work,477,Counselling,secondary
662,Disability Rights Advocate,Social Work,482,Fundraising,secondary
662,Disability Rights Advocate,Social Work,479,Grant Writing,secondary
662,Disability Rights Advocate,Social Work,478,NGO Management,secondary
662,Disability Rights Advocate,Social Work,481,Rural Development,secondary
662,Disability Rights Advocate,Social Work,493,Conflict Resolution,bonus
662,Disability Rights Advocate,Social Work,490,Emotional Intelligence,bonus
663,International Development Consultant,Social Work,480,Advocacy,core
663,International Development Consultant,Social Work,475,Case Management,core
663,International Development Consultant,Social Work,483,Communication,core
663,International Development Consultant,Social Work,473,Community Development,core
663,International Development Consultant,Social Work,384,International Law,core
663,International Development Consultant,Social Work,484,Leadership,core
663,International Development Consultant,Social Work,474,Social Research,core
663,International Development Consultant,Social Work,476,Child Protection,secondary
663,International Development Consultant,Social Work,477,Counselling,secondary
663,International Development Consultant,Social Work,479,Grant Writing,secondary
663,International Development Consultant,Social Work,478,NGO Management,secondary
663,International Development Consultant,Social Work,481,Rural Development,secondary
663,International Development Consultant,Social Work,493,Conflict Resolution,bonus
663,International Development Consultant,Social Work,490,Emotional Intelligence,bonus
664,Health Promotion Officer,Social Work,475,Case Management,core
664,Health Promotion Officer,Social Work,483,Communication,core
664,Health Promotion Officer,Social Work,473,Community Development,core
664,Health Promotion Officer,Social Work,246,Epidemiology,core
664,Health Promotion Officer,Social Work,245,Public Health,core
664,Health Promotion Officer,Social Work,474,Social Research,core
664,Health Promotion Officer,Social Work,485,Teamwork,core
664,Health Promotion Officer,Social Work,476,Child Protection,secondary
664,Health Promotion Officer,Social Work,477,Counselling,secondary
664,Health Promotion Officer,Social Work,479,Grant Writing,secondary
664,Health Promotion Officer,Social Work,478,NGO Management,secondary
664,Health Promotion Officer,Social Work,481,Rural Development,secondary
664,Health Promotion Officer,Social Work,493,Conflict Resolution,bonus
664,Health Promotion Officer,Social Work,490,Emotional Intelligence,bonus
665,Education Program Officer,Social Work,475,Case Management,core
665,Education Program Officer,Social Work,483,Communication,core
665,Education Program Officer,Social Work,473,Community Development,core
665,Education Program Officer,Social Work,260,Curriculum Development,core
665,Education Program Officer,Social Work,258,Lesson Planning,core
665,Education Program Officer,Social Work,474,Social Research,core
665,Education Program Officer,Social Work,485,Teamwork,core
665,Education Program Officer,Social Work,476,Child Protection,secondary
665,Education Program Officer,Social Work,477,Counselling,secondary
665,Education Program Officer,Social Work,479,Grant Writing,secondary
665,Education Program Officer,Social Work,478,NGO Management,secondary
665,Education Program Officer,Social Work,481,Rural Development,secondary
665,Education Program Officer,Social Work,493,Conflict Resolution,bonus
665,Education Program Officer,Social Work,490,Emotional Intelligence,bonus
666,Disaster Relief Coordinator,Social Work,480,Advocacy,core
666,Disaster Relief Coordinator,Social Work,475,Case Management,core
666,Disaster Relief Coordinator,Social Work,483,Communication,core
666,Disaster Relief Coordinator,Social Work,473,Community Development,core
666,Disaster Relief Coordinator,Social Work,457,Disaster Management,core
666,Disaster Relief Coordinator,Social Work,474,Social Research,core
666,Disaster Relief Coordinator,Social Work,485,Teamwork,core
666,Disaster Relief Coordinator,Social Work,476,Child Protection,secondary
666,Disaster Relief Coordinator,Social Work,477,Counselling,secondary
666,Disaster Relief Coordinator,Social Work,479,Grant Writing,secondary
666,Disaster Relief Coordinator,Social Work,478,NGO Management,secondary
666,Disaster Relief Coordinator,Social Work,481,Rural Development,secondary
666,Disaster Relief Coordinator,Social Work,493,Conflict Resolution,bonus
666,Disaster Relief Coordinator,Social Work,490,Emotional Intelligence,bonus
667,Microfinance Officer,Social Work,215,Budgeting,core
667,Microfinance Officer,Social Work,475,Case Management,core
667,Microfinance Officer,Social Work,483,Communication,core
667,Microfinance Officer,Social Work,473,Community Development,core
667,Microfinance Officer,Social Work,199,Financial Modeling,core
667,Microfinance Officer,Social Work,474,Social Research,core
667,Microfinance Officer,Social Work,485,Teamwork,core
667,Microfinance Officer,Social Work,476,Child Protection,secondary
667,Microfinance Officer,Social Work,477,Counselling,secondary
667,Microfinance Officer,Social Work,479,Grant Writing,secondary
667,Microfinance Officer,Social Work,478,NGO Management,secondary
667,Microfinance Officer,Social Work,481,Rural Development,secondary
667,Microfinance Officer,Social Work,493,Conflict Resolution,bonus
667,Microfinance Officer,Social Work,490,Emotional Intelligence,bonus
668,Social Policy Analyst,Social Work,475,Case Management,core
668,Social Policy Analyst,Social Work,483,Communication,core
668,Social Policy Analyst,Social Work,473,Community Development,core
668,Social Policy Analyst,Social Work,450,Policy Analysis,core
668,Social Policy Analyst,Social Work,449,Public Administration,core
668,Social Policy Analyst,Social Work,496,Research Skills,core
668,Social Policy Analyst,Social Work,474,Social Research,core
668,Social Policy Analyst,Social Work,476,Child Protection,secondary
668,Social Policy Analyst,Social Work,477,Counselling,secondary
668,Social Policy Analyst,Social Work,479,Grant Writing,secondary
668,Social Policy Analyst,Social Work,478,NGO Management,secondary
668,Social Policy Analyst,Social Work,481,Rural Development,secondary
668,Social Policy Analyst,Social Work,493,Conflict Resolution,bonus
668,Social Policy Analyst,Social Work,490,Emotional Intelligence,bonus
669,Volunteer Coordinator,Social Work,480,Advocacy,core
669,Volunteer Coordinator,Social Work,475,Case Management,core
669,Volunteer Coordinator,Social Work,483,Communication,core
669,Volunteer Coordinator,Social Work,473,Community Development,core
669,Volunteer Coordinator,Social Work,474,Social Research,core
669,Volunteer Coordinator,Social Work,485,Teamwork,core
669,Volunteer Coordinator,Social Work,488,Time Management,core
669,Volunteer Coordinator,Social Work,476,Child Protection,secondary
669,Volunteer Coordinator,Social Work,477,Counselling,secondary
669,Volunteer Coordinator,Social Work,479,Grant Writing,secondary
669,Volunteer Coordinator,Social Work,478,NGO Management,secondary
669,Volunteer Coordinator,Social Work,481,Rural Development,secondary
669,Volunteer Coordinator,Social Work,493,Conflict Resolution,bonus
669,Volunteer Coordinator,Social Work,490,Emotional Intelligence,bonus
670,Women Empowerment Officer,Social Work,480,Advocacy,core
670,Women Empowerment Officer,Social Work,475,Case Management,core
670,Women Empowerment Officer,Social Work,483,Communication,core
670,Women Empowerment Officer,Social Work,473,Community Development,core
670,Women Empowerment Officer,Social Work,477,Counselling,core
670,Women Empowerment Officer,Social Work,358,Diversity and Inclusion,core
670,Women Empowerment Officer,Social Work,474,Social Research,core
670,Women Empowerment Officer,Social Work,476,Child Protection,secondary
670,Women Empowerment Officer,Social Work,482,Fundraising,secondary
670,Women Empowerment Officer,Social Work,479,Grant Writing,secondary
670,Women Empowerment Officer,Social Work,478,NGO Management,secondary
670,Women Empowerment Officer,Social Work,481,Rural Development,secondary
670,Women Empowerment Officer,Social Work,493,Conflict Resolution,bonus
670,Women Empowerment Officer,Social Work,490,Emotional Intelligence,bonus
671,KG Teacher,Teaching,563,Activity Based Learning,core
671,KG Teacher,Teaching,269,Child Development,core
671,KG Teacher,Teaching,498,Creativity,core
671,KG Teacher,Teaching,268,Montessori Method,core
671,KG Teacher,Teaching,742,Play-Based Learning,core
671,KG Teacher,Teaching,743,Fine Motor Skills,secondary
671,KG Teacher,Teaching,763,Gross Motor Skills,secondary
671,KG Teacher,Teaching,745,Storytelling,secondary
671,KG Teacher,Teaching,607,Phonics,bonus
672,Nursery Teacher,Teaching,563,Activity Based Learning,core
672,Nursery Teacher,Teaching,269,Child Development,core
672,Nursery Teacher,Teaching,498,Creativity,core
672,Nursery Teacher,Teaching,268,Montessori Method,core
672,Nursery Teacher,Teaching,742,Play-Based Learning,core
672,Nursery Teacher,Teaching,743,Fine Motor Skills,secondary
672,Nursery Teacher,Teaching,763,Gross Motor Skills,secondary
672,Nursery Teacher,Teaching,745,Storytelling,secondary
672,Nursery Teacher,Teaching,607,Phonics,bonus
673,TGT Teacher,Teaching,497,Analytical Thinking,core
673,TGT Teacher,Teaching,260,Curriculum Development,core
673,TGT Teacher,Teaching,273,Exam Preparation,core
673,TGT Teacher,Teaching,261,Student Assessment,core
673,TGT Teacher,Teaching,670,Subject Matter Expertise,core
673,TGT Teacher,Teaching,702,Academic Writing,secondary
673,TGT Teacher,Teaching,496,Research Skills,secondary
673,TGT Teacher,Teaching,703,Publication,bonus
674,PGT Teacher,Teaching,702,Academic Writing,core
674,PGT Teacher,Teaching,497,Analytical Thinking,core
674,PGT Teacher,Teaching,273,Exam Preparation,core
674,PGT Teacher,Teaching,496,Research Skills,core
674,PGT Teacher,Teaching,670,Subject Matter Expertise,core
674,PGT Teacher,Teaching,260,Curriculum Development,secondary
674,PGT Teacher,Teaching,703,Publication,secondary
674,PGT Teacher,Teaching,479,Grant Writing,bonus
675,Hindi Teacher,Teaching,615,Devanagari Script,core
675,Hindi Teacher,Teaching,613,Hindi Grammar,core
675,Hindi Teacher,Teaching,614,Hindi Literature,core
675,Hindi Teacher,Teaching,579,Hindi Teaching,core
675,Hindi Teacher,Teaching,616,Vyakaran,core
675,Hindi Teacher,Teaching,605,Creative Writing,secondary
675,Hindi Teacher,Teaching,618,Hindi Poetry,secondary
675,Hindi Teacher,Teaching,617,Hindi Prose,secondary
675,Hindi Teacher,Teaching,271,Language Teaching,bonus
676,Sanskrit Teacher,Teaching,615,Devanagari Script,core
676,Sanskrit Teacher,Teaching,619,Sanskrit Grammar,core
676,Sanskrit Teacher,Teaching,620,Sanskrit Literature,core
676,Sanskrit Teacher,Teaching,622,Shlokas,core
676,Sanskrit Teacher,Teaching,621,Vedic Studies,core
676,Sanskrit Teacher,Teaching,623,Sanskrit Prose,secondary
676,Sanskrit Teacher,Teaching,616,Vyakaran,secondary
676,Sanskrit Teacher,Teaching,271,Language Teaching,bonus
677,Vocational Trainer,Teaching,483,Communication,core
677,Vocational Trainer,Teaching,662,Hands-on Training,core
677,Vocational Trainer,Teaching,277,Instructional Design,core
677,Vocational Trainer,Teaching,663,Safety Training,core
677,Vocational Trainer,Teaching,270,STEM Teaching,core
677,Vocational Trainer,Teaching,261,Student Assessment,core
677,Vocational Trainer,Teaching,360,Training and Development,core
677,Vocational Trainer,Teaching,564,Experiential Learning,secondary
677,Vocational Trainer,Teaching,659,Facilitation,secondary
677,Vocational Trainer,Teaching,660,Needs Assessment,secondary
677,Vocational Trainer,Teaching,349,Performance Management,secondary
677,Vocational Trainer,Teaching,572,Project Based Learning,secondary
677,Vocational Trainer,Teaching,635,Computer Fundamentals,bonus
677,Vocational Trainer,Teaching,636,MS Office,bonus
678,ITI Instructor,Teaching,483,Communication,core
678,ITI Instructor,Teaching,662,Hands-on Training,core
678,ITI Instructor,Teaching,598,Lab Management,core
678,ITI Instructor,Teaching,663,Safety Training,core
678,ITI Instructor,Teaching,270,STEM Teaching,core
678,ITI Instructor,Teaching,261,Student Assessment,core
678,ITI Instructor,Teaching,360,Training and Development,core
678,ITI Instructor,Teaching,635,Computer Fundamentals,secondary
678,ITI Instructor,Teaching,564,Experiential Learning,secondary
678,ITI Instructor,Teaching,659,Facilitation,secondary
678,ITI Instructor,Teaching,636,MS Office,secondary
678,ITI Instructor,Teaching,572,Project Based Learning,secondary
678,ITI Instructor,Teaching,632,Database Management,bonus
678,ITI Instructor,Teaching,633,Networking Basics,bonus
679,Polytechnic Lecturer,Teaching,483,Communication,core
679,Polytechnic Lecturer,Teaching,662,Hands-on Training,core
679,Polytechnic Lecturer,Teaching,598,Lab Management,core
679,Polytechnic Lecturer,Teaching,492,Presentation Skills,core
679,Polytechnic Lecturer,Teaching,270,STEM Teaching,core
679,Polytechnic Lecturer,Teaching,261,Student Assessment,core
679,Polytechnic Lecturer,Teaching,670,Subject Matter Expertise,core
679,Polytechnic Lecturer,Teaching,260,Curriculum Development,secondary
679,Polytechnic Lecturer,Teaching,696,Exam Coordination,secondary
679,Polytechnic Lecturer,Teaching,705,Industry Collaboration,secondary
679,Polytechnic Lecturer,Teaching,496,Research Skills,secondary
679,Polytechnic Lecturer,Teaching,663,Safety Training,secondary
679,Polytechnic Lecturer,Teaching,263,Online Teaching,bonus
679,Polytechnic Lecturer,Teaching,572,Project Based Learning,bonus
680,School Counsellor,Teaching,269,Child Development,core
680,School Counsellor,Teaching,483,Communication,core
680,School Counsellor,Teaching,493,Conflict Resolution,core
680,School Counsellor,Teaching,477,Counselling,core
680,School Counsellor,Teaching,490,Emotional Intelligence,core
680,School Counsellor,Teaching,495,Mentoring,core
680,School Counsellor,Teaching,721,Psychological Assessment,core
680,School Counsellor,Teaching,725,Behavioral Intervention,secondary
680,School Counsellor,Teaching,716,Career Counselling,secondary
680,School Counsellor,Teaching,723,Grief Counselling,secondary
680,School Counsellor,Teaching,565,Parent Communication,secondary
680,School Counsellor,Teaching,262,Special Needs Education,secondary
680,School Counsellor,Teaching,724,Cognitive Behavioral Therapy,bonus
680,School Counsellor,Teaching,722,Crisis Intervention,bonus
681,Career Counsellor,Teaching,497,Analytical Thinking,core
681,Career Counsellor,Teaching,717,Aptitude Assessment,core
681,Career Counsellor,Teaching,716,Career Counselling,core
681,Career Counsellor,Teaching,483,Communication,core
681,Career Counsellor,Teaching,477,Counselling,core
681,Career Counsellor,Teaching,495,Mentoring,core
681,Career Counsellor,Teaching,718,Psychometric Testing,core
681,Career Counsellor,Teaching,273,Exam Preparation,secondary
681,Career Counsellor,Teaching,720,Interview Skills,secondary
681,Career Counsellor,Teaching,496,Research Skills,secondary
681,Career Counsellor,Teaching,719,Resume Writing,secondary
681,Career Counsellor,Teaching,261,Student Assessment,secondary
681,Career Counsellor,Teaching,705,Industry Collaboration,bonus
681,Career Counsellor,Teaching,492,Presentation Skills,bonus
682,IELTS Trainer,Teaching,612,English Literature,core
682,IELTS Trainer,Teaching,273,Exam Preparation,core
682,IELTS Trainer,Teaching,603,Grammar,core
682,IELTS Trainer,Teaching,606,Reading Comprehension,core
682,IELTS Trainer,Teaching,608,Spoken English,core
682,IELTS Trainer,Teaching,261,Student Assessment,core
682,IELTS Trainer,Teaching,609,Writing Skills,core
682,IELTS Trainer,Teaching,271,Language Teaching,secondary
682,IELTS Trainer,Teaching,610,Literary Analysis,secondary
682,IELTS Trainer,Teaching,607,Phonics,secondary
682,IELTS Trainer,Teaching,611,Prose and Poetry,secondary
682,IELTS Trainer,Teaching,605,Creative Writing,bonus
682,IELTS Trainer,Teaching,263,Online Teaching,bonus
683,Spoken English Trainer,Teaching,483,Communication,core
683,Spoken English Trainer,Teaching,603,Grammar,core
683,Spoken English Trainer,Teaching,271,Language Teaching,core
683,Spoken English Trainer,Teaching,607,Phonics,core
683,Spoken English Trainer,Teaching,606,Reading Comprehension,core
683,Spoken English Trainer,Teaching,608,Spoken English,core
683,Spoken English Trainer,Teaching,261,Student Assessment,core
683,Spoken English Trainer,Teaching,605,Creative Writing,secondary
683,Spoken English Trainer,Teaching,610,Literary Analysis,secondary
683,Spoken English Trainer,Teaching,492,Presentation Skills,secondary
683,Spoken English Trainer,Teaching,609,Writing Skills,secondary
683,Spoken English Trainer,Teaching,263,Online Teaching,bonus
684,Music Teacher,Teaching,649,Carnatic Music,core
684,Music Teacher,Teaching,498,Creativity,core
684,Music Teacher,Teaching,650,Hindustani Music,core
684,Music Teacher,Teaching,651,Music Theory,core
684,Music Teacher,Teaching,654,Vocal Training,core
684,Music Teacher,Teaching,652,Keyboard,secondary
684,Music Teacher,Teaching,653,Tabla,secondary
684,Music Teacher,Teaching,285,Music Education,bonus
685,Accountancy Teacher,Teaching,655,Accountancy,core
685,Accountancy Teacher,Teaching,212,Auditing,core
685,Accountancy Teacher,Teaching,658,Book Keeping,core
685,Accountancy Teacher,Teaching,213,GST,core
685,Accountancy Teacher,Teaching,207,Tally,core
685,Accountancy Teacher,Teaching,656,Business Studies,secondary
685,Accountancy Teacher,Teaching,657,Commerce,secondary
685,Accountancy Teacher,Teaching,199,Financial Modeling,secondary
685,Accountancy Teacher,Teaching,636,MS Office,bonus
685,Accountancy Teacher,Teaching,211,Tax Planning,bonus
686,Commerce Teacher,Teaching,655,Accountancy,core
686,Commerce Teacher,Teaching,658,Book Keeping,core
686,Commerce Teacher,Teaching,656,Business Studies,core
686,Commerce Teacher,Teaching,657,Commerce,core
686,Commerce Teacher,Teaching,628,Economics Teaching,core
686,Commerce Teacher,Teaching,199,Financial Modeling,secondary
686,Commerce Teacher,Teaching,213,GST,secondary
686,Commerce Teacher,Teaching,207,Tally,secondary
686,Commerce Teacher,Teaching,636,MS Office,bonus
687,HOME ARRANGER,Hospitality,809,THINGS ARRANGEMENT,core
688,SCAVENGER,Social Work,806,cleaning,core
